"configurationId","datasetId","group","sequence","run","rawValue","rawValueText","value","effectiveValueText","status","sourceId"
"dm_vio","aqualoc","aqualoc__archaeo__archaeo1","archaeo_sequence_1","run1","13.460346093616499","13.460346093616499","13.460346093616499","13.460346093616499","valid","sr"
"dm_vio","aqualoc","aqualoc__archaeo__archaeo1","archaeo_sequence_1","run2","99.13247336944762","99.13247336944762","99.13247336944762","99.13247336944762","valid","sr"
"dm_vio","aqualoc","aqualoc__archaeo__archaeo1","archaeo_sequence_1","run3","41.258247973057344","41.258247973057344","41.258247973057344","41.258247973057344","valid","sr"
"dm_vio","aqualoc","aqualoc__archaeo__archaeo1","archaeo_sequence_2","run1","10.377174758115046","10.377174758115046","10.377174758115046","10.377174758115046","valid","sr"
"dm_vio","aqualoc","aqualoc__archaeo__archaeo1","archaeo_sequence_2","run2","23.919926213103476","23.919926213103476","23.919926213103476","23.919926213103476","valid","sr"
"dm_vio","aqualoc","aqualoc__archaeo__archaeo1","archaeo_sequence_2","run3","2.2861142951979514","2.2861142951979514","2.2861142951979514","2.2861142951979514","valid","sr"
"dm_vio","aqualoc","aqualoc__archaeo__archaeo1","archaeo_sequence_3","run1","95.31126742080923","95.31126742080923","95.31126742080923","95.31126742080923","valid","sr"
"dm_vio","aqualoc","aqualoc__archaeo__archaeo1","archaeo_sequence_3","run2","1.4943999719495034","1.4943999719495034","1.4943999719495034","1.4943999719495034","valid","sr"
"dm_vio","aqualoc","aqualoc__archaeo__archaeo1","archaeo_sequence_3","run3","3.1387765106220287","3.1387765106220287","3.1387765106220287","3.1387765106220287","valid","sr"
"dm_vio","aqualoc","aqualoc__archaeo__archaeo1","archaeo_sequence_4","run1","3.711810922725828","3.711810922725828","3.711810922725828","3.711810922725828","valid","sr"
"dm_vio","aqualoc","aqualoc__archaeo__archaeo1","archaeo_sequence_4","run2","9.561625428723186","9.561625428723186","9.561625428723186","9.561625428723186","valid","sr"
"dm_vio","aqualoc","aqualoc__archaeo__archaeo1","archaeo_sequence_4","run3","4.059147348900534","4.059147348900534","4.059147348900534","4.059147348900534","valid","sr"
"dm_vio","aqualoc","aqualoc__archaeo__archaeo1","archaeo_sequence_5","run1",,"","0","0.0","missing","sr"
"dm_vio","aqualoc","aqualoc__archaeo__archaeo1","archaeo_sequence_5","run2",,"","0","0.0","missing","sr"
"dm_vio","aqualoc","aqualoc__archaeo__archaeo1","archaeo_sequence_5","run3",,"","0","0.0","missing","sr"
"kimera_vio_mono","aqualoc","aqualoc__archaeo__archaeo1","archaeo_sequence_1","run1","0","0.0","0","0.0","valid","sr"
"kimera_vio_mono","aqualoc","aqualoc__archaeo__archaeo1","archaeo_sequence_1","run2","0","0.0","0","0.0","valid","sr"
"kimera_vio_mono","aqualoc","aqualoc__archaeo__archaeo1","archaeo_sequence_1","run3","0","0.0","0","0.0","valid","sr"
"kimera_vio_mono","aqualoc","aqualoc__archaeo__archaeo1","archaeo_sequence_2","run1","0","0.0","0","0.0","valid","sr"
"kimera_vio_mono","aqualoc","aqualoc__archaeo__archaeo1","archaeo_sequence_2","run2","0","0.0","0","0.0","valid","sr"
"kimera_vio_mono","aqualoc","aqualoc__archaeo__archaeo1","archaeo_sequence_2","run3","0","0.0","0","0.0","valid","sr"
"kimera_vio_mono","aqualoc","aqualoc__archaeo__archaeo1","archaeo_sequence_3","run1","0","0.0","0","0.0","valid","sr"
"kimera_vio_mono","aqualoc","aqualoc__archaeo__archaeo1","archaeo_sequence_3","run2","0","0.0","0","0.0","valid","sr"
"kimera_vio_mono","aqualoc","aqualoc__archaeo__archaeo1","archaeo_sequence_3","run3","0","0.0","0","0.0","valid","sr"
"kimera_vio_mono","aqualoc","aqualoc__archaeo__archaeo1","archaeo_sequence_4","run1","0","0.0","0","0.0","valid","sr"
"kimera_vio_mono","aqualoc","aqualoc__archaeo__archaeo1","archaeo_sequence_4","run2","0","0.0","0","0.0","valid","sr"
"kimera_vio_mono","aqualoc","aqualoc__archaeo__archaeo1","archaeo_sequence_4","run3","0","0.0","0","0.0","valid","sr"
"kimera_vio_mono","aqualoc","aqualoc__archaeo__archaeo1","archaeo_sequence_5","run1","0","0.0","0","0.0","valid","sr"
"kimera_vio_mono","aqualoc","aqualoc__archaeo__archaeo1","archaeo_sequence_5","run2","0","0.0","0","0.0","valid","sr"
"kimera_vio_mono","aqualoc","aqualoc__archaeo__archaeo1","archaeo_sequence_5","run3","0","0.0","0","0.0","valid","sr"
"okvis2x_mono","aqualoc","aqualoc__archaeo__archaeo1","archaeo_sequence_1","run1","0","0.0","0","0.0","valid","sr"
"okvis2x_mono","aqualoc","aqualoc__archaeo__archaeo1","archaeo_sequence_1","run2","0","0.0","0","0.0","valid","sr"
"okvis2x_mono","aqualoc","aqualoc__archaeo__archaeo1","archaeo_sequence_1","run3","3.5212584175578145","3.5212584175578145","3.5212584175578145","3.5212584175578145","valid","sr"
"okvis2x_mono","aqualoc","aqualoc__archaeo__archaeo1","archaeo_sequence_2","run1","12.404360829231374","12.404360829231374","12.404360829231374","12.404360829231374","valid","sr"
"okvis2x_mono","aqualoc","aqualoc__archaeo__archaeo1","archaeo_sequence_2","run2","5.1462650930085045","5.1462650930085045","5.1462650930085045","5.1462650930085045","valid","sr"
"okvis2x_mono","aqualoc","aqualoc__archaeo__archaeo1","archaeo_sequence_2","run3","5.097131602186116","5.097131602186116","5.097131602186116","5.097131602186116","valid","sr"
"okvis2x_mono","aqualoc","aqualoc__archaeo__archaeo1","archaeo_sequence_3","run1","23.09576670224205","23.09576670224205","23.09576670224205","23.09576670224205","valid","sr"
"okvis2x_mono","aqualoc","aqualoc__archaeo__archaeo1","archaeo_sequence_3","run2","32.58896470866219","32.58896470866219","32.58896470866219","32.58896470866219","valid","sr"
"okvis2x_mono","aqualoc","aqualoc__archaeo__archaeo1","archaeo_sequence_3","run3","36.71556215573984","36.71556215573984","36.71556215573984","36.71556215573984","valid","sr"
"okvis2x_mono","aqualoc","aqualoc__archaeo__archaeo1","archaeo_sequence_4","run1","37.32541142841704","37.32541142841704","37.32541142841704","37.32541142841704","valid","sr"
"okvis2x_mono","aqualoc","aqualoc__archaeo__archaeo1","archaeo_sequence_4","run2","18.04095589743195","18.04095589743195","18.04095589743195","18.04095589743195","valid","sr"
"okvis2x_mono","aqualoc","aqualoc__archaeo__archaeo1","archaeo_sequence_4","run3","1.7989713631590367","1.7989713631590367","1.7989713631590367","1.7989713631590367","valid","sr"
"okvis2x_mono","aqualoc","aqualoc__archaeo__archaeo1","archaeo_sequence_5","run1","0","0.0","0","0.0","valid","sr"
"okvis2x_mono","aqualoc","aqualoc__archaeo__archaeo1","archaeo_sequence_5","run2","6.476223521584791","6.476223521584791","6.476223521584791","6.476223521584791","valid","sr"
"okvis2x_mono","aqualoc","aqualoc__archaeo__archaeo1","archaeo_sequence_5","run3","0","0.0","0","0.0","valid","sr"
"open_vins_mono","aqualoc","aqualoc__archaeo__archaeo1","archaeo_sequence_1","run1","42.24557169223229","42.24557169223229","42.24557169223229","42.24557169223229","valid","sr"
"open_vins_mono","aqualoc","aqualoc__archaeo__archaeo1","archaeo_sequence_1","run2","64.13303709896445","64.13303709896445","64.13303709896445","64.13303709896445","valid","sr"
"open_vins_mono","aqualoc","aqualoc__archaeo__archaeo1","archaeo_sequence_1","run3","77.38966400324927","77.38966400324927","77.38966400324927","77.38966400324927","valid","sr"
"open_vins_mono","aqualoc","aqualoc__archaeo__archaeo1","archaeo_sequence_2","run1","28.730004870216586","28.730004870216586","28.730004870216586","28.730004870216586","valid","sr"
"open_vins_mono","aqualoc","aqualoc__archaeo__archaeo1","archaeo_sequence_2","run2","11.30198374766732","11.30198374766732","11.30198374766732","11.30198374766732","valid","sr"
"open_vins_mono","aqualoc","aqualoc__archaeo__archaeo1","archaeo_sequence_2","run3","12.326325016892534","12.326325016892534","12.326325016892534","12.326325016892534","valid","sr"
"open_vins_mono","aqualoc","aqualoc__archaeo__archaeo1","archaeo_sequence_3","run1","92.77556022389801","92.77556022389801","92.77556022389801","92.77556022389801","valid","sr"
"open_vins_mono","aqualoc","aqualoc__archaeo__archaeo1","archaeo_sequence_3","run2","92.77556022389801","92.77556022389801","92.77556022389801","92.77556022389801","valid","sr"
"open_vins_mono","aqualoc","aqualoc__archaeo__archaeo1","archaeo_sequence_3","run3","92.29532322423239","92.29532322423239","92.29532322423239","92.29532322423239","valid","sr"
"open_vins_mono","aqualoc","aqualoc__archaeo__archaeo1","archaeo_sequence_4","run1","26.898647043050854","26.898647043050854","26.898647043050854","26.898647043050854","valid","sr"
"open_vins_mono","aqualoc","aqualoc__archaeo__archaeo1","archaeo_sequence_4","run2","41.61389940350309","41.61389940350309","41.61389940350309","41.61389940350309","valid","sr"
"open_vins_mono","aqualoc","aqualoc__archaeo__archaeo1","archaeo_sequence_4","run3","36.481169132410336","36.481169132410336","36.481169132410336","36.481169132410336","valid","sr"
"open_vins_mono","aqualoc","aqualoc__archaeo__archaeo1","archaeo_sequence_5","run1","48.28787825907768","48.28787825907768","48.28787825907768","48.28787825907768","valid","sr"
"open_vins_mono","aqualoc","aqualoc__archaeo__archaeo1","archaeo_sequence_5","run2","48.59786245370577","48.59786245370577","48.59786245370577","48.59786245370577","valid","sr"
"open_vins_mono","aqualoc","aqualoc__archaeo__archaeo1","archaeo_sequence_5","run3","48.59786245370577","48.59786245370577","48.59786245370577","48.59786245370577","valid","sr"
"orb_slam3_mono","aqualoc","aqualoc__archaeo__archaeo1","archaeo_sequence_1","run1","67.27190886602313","67.27190886602313","67.27190886602313","67.27190886602313","valid","sr"
"orb_slam3_mono","aqualoc","aqualoc__archaeo__archaeo1","archaeo_sequence_1","run2","95.76600098818938","95.76600098818938","95.76600098818938","95.76600098818938","valid","sr"
"orb_slam3_mono","aqualoc","aqualoc__archaeo__archaeo1","archaeo_sequence_1","run3","19.27007257942595","19.27007257942595","19.27007257942595","19.27007257942595","valid","sr"
"orb_slam3_mono","aqualoc","aqualoc__archaeo__archaeo1","archaeo_sequence_2","run1","23.70133742844892","23.70133742844892","23.70133742844892","23.70133742844892","valid","sr"
"orb_slam3_mono","aqualoc","aqualoc__archaeo__archaeo1","archaeo_sequence_2","run2","16.87797262647772","16.87797262647772","16.87797262647772","16.87797262647772","valid","sr"
"orb_slam3_mono","aqualoc","aqualoc__archaeo__archaeo1","archaeo_sequence_2","run3","39.58025581638316","39.58025581638316","39.58025581638316","39.58025581638316","valid","sr"
"orb_slam3_mono","aqualoc","aqualoc__archaeo__archaeo1","archaeo_sequence_3","run1","94.27460734024355","94.27460734024355","94.27460734024355","94.27460734024355","valid","sr"
"orb_slam3_mono","aqualoc","aqualoc__archaeo__archaeo1","archaeo_sequence_3","run2","95.45579849773621","95.45579849773621","95.45579849773621","95.45579849773621","valid","sr"
"orb_slam3_mono","aqualoc","aqualoc__archaeo__archaeo1","archaeo_sequence_3","run3","93.29601448099238","93.29601448099238","93.29601448099238","93.29601448099238","valid","sr"
"orb_slam3_mono","aqualoc","aqualoc__archaeo__archaeo1","archaeo_sequence_4","run1",,"","0","0.0","missing","sr"
"orb_slam3_mono","aqualoc","aqualoc__archaeo__archaeo1","archaeo_sequence_4","run2",,"","0","0.0","missing","sr"
"orb_slam3_mono","aqualoc","aqualoc__archaeo__archaeo1","archaeo_sequence_4","run3",,"","0","0.0","missing","sr"
"orb_slam3_mono","aqualoc","aqualoc__archaeo__archaeo1","archaeo_sequence_5","run1","98.03463018648067","98.03463018648067","98.03463018648067","98.03463018648067","valid","sr"
"orb_slam3_mono","aqualoc","aqualoc__archaeo__archaeo1","archaeo_sequence_5","run2","98.81878253742371","98.81878253742371","98.81878253742371","98.81878253742371","valid","sr"
"orb_slam3_mono","aqualoc","aqualoc__archaeo__archaeo1","archaeo_sequence_5","run3","96.62626840008916","96.62626840008916","96.62626840008916","96.62626840008916","valid","sr"
"rovio","aqualoc","aqualoc__archaeo__archaeo1","archaeo_sequence_1","run1","31.369563305635328","31.369563305635328","31.369563305635328","31.369563305635328","valid","sr"
"rovio","aqualoc","aqualoc__archaeo__archaeo1","archaeo_sequence_1","run2","31.369563305635328","31.369563305635328","31.369563305635328","31.369563305635328","valid","sr"
"rovio","aqualoc","aqualoc__archaeo__archaeo1","archaeo_sequence_1","run3","31.369563305635328","31.369563305635328","31.369563305635328","31.369563305635328","valid","sr"
"rovio","aqualoc","aqualoc__archaeo__archaeo1","archaeo_sequence_2","run1","15.577509815824165","15.577509815824165","15.577509815824165","15.577509815824165","valid","sr"
"rovio","aqualoc","aqualoc__archaeo__archaeo1","archaeo_sequence_2","run2","15.577509815824165","15.577509815824165","15.577509815824165","15.577509815824165","valid","sr"
"rovio","aqualoc","aqualoc__archaeo__archaeo1","archaeo_sequence_2","run3","15.577509815824165","15.577509815824165","15.577509815824165","15.577509815824165","valid","sr"
"rovio","aqualoc","aqualoc__archaeo__archaeo1","archaeo_sequence_3","run1","87.55041083975452","87.55041083975452","87.55041083975452","87.55041083975452","valid","sr"
"rovio","aqualoc","aqualoc__archaeo__archaeo1","archaeo_sequence_3","run2","87.55041083975452","87.55041083975452","87.55041083975452","87.55041083975452","valid","sr"
"rovio","aqualoc","aqualoc__archaeo__archaeo1","archaeo_sequence_3","run3","87.55041083975452","87.55041083975452","87.55041083975452","87.55041083975452","valid","sr"
"rovio","aqualoc","aqualoc__archaeo__archaeo1","archaeo_sequence_4","run1","79.17404598495933","79.17404598495933","79.17404598495933","79.17404598495933","valid","sr"
"rovio","aqualoc","aqualoc__archaeo__archaeo1","archaeo_sequence_4","run2","79.17404598495933","79.17404598495933","79.17404598495933","79.17404598495933","valid","sr"
"rovio","aqualoc","aqualoc__archaeo__archaeo1","archaeo_sequence_4","run3","79.17404598495933","79.17404598495933","79.17404598495933","79.17404598495933","valid","sr"
"rovio","aqualoc","aqualoc__archaeo__archaeo1","archaeo_sequence_5","run1","8.01530415624401","8.01530415624401","8.01530415624401","8.01530415624401","valid","sr"
"rovio","aqualoc","aqualoc__archaeo__archaeo1","archaeo_sequence_5","run2","8.01530415624401","8.01530415624401","8.01530415624401","8.01530415624401","valid","sr"
"rovio","aqualoc","aqualoc__archaeo__archaeo1","archaeo_sequence_5","run3","8.01530415624401","8.01530415624401","8.01530415624401","8.01530415624401","valid","sr"
"sqrtvins_mono","aqualoc","aqualoc__archaeo__archaeo1","archaeo_sequence_1","run1","79.69790792001683","79.69790792001683","79.69790792001683","79.69790792001683","valid","sr"
"sqrtvins_mono","aqualoc","aqualoc__archaeo__archaeo1","archaeo_sequence_1","run2","79.69790792001683","79.69790792001683","79.69790792001683","79.69790792001683","valid","sr"
"sqrtvins_mono","aqualoc","aqualoc__archaeo__archaeo1","archaeo_sequence_1","run3","79.69790792001683","79.69790792001683","79.69790792001683","79.69790792001683","valid","sr"
"sqrtvins_mono","aqualoc","aqualoc__archaeo__archaeo1","archaeo_sequence_2","run1","98.65683271539966","98.65683271539966","98.65683271539966","98.65683271539966","valid","sr"
"sqrtvins_mono","aqualoc","aqualoc__archaeo__archaeo1","archaeo_sequence_2","run2","98.65683271539966","98.65683271539966","98.65683271539966","98.65683271539966","valid","sr"
"sqrtvins_mono","aqualoc","aqualoc__archaeo__archaeo1","archaeo_sequence_2","run3","98.65683271539966","98.65683271539966","98.65683271539966","98.65683271539966","valid","sr"
"sqrtvins_mono","aqualoc","aqualoc__archaeo__archaeo1","archaeo_sequence_3","run1","99.01815673304543","99.01815673304543","99.01815673304543","99.01815673304543","valid","sr"
"sqrtvins_mono","aqualoc","aqualoc__archaeo__archaeo1","archaeo_sequence_3","run2","99.01815673304543","99.01815673304543","99.01815673304543","99.01815673304543","valid","sr"
"sqrtvins_mono","aqualoc","aqualoc__archaeo__archaeo1","archaeo_sequence_3","run3","99.01815673304543","99.01815673304543","99.01815673304543","99.01815673304543","valid","sr"
"sqrtvins_mono","aqualoc","aqualoc__archaeo__archaeo1","archaeo_sequence_4","run1","99.39497016829931","99.39497016829931","99.39497016829931","99.39497016829931","valid","sr"
"sqrtvins_mono","aqualoc","aqualoc__archaeo__archaeo1","archaeo_sequence_4","run2","99.39497016829931","99.39497016829931","99.39497016829931","99.39497016829931","valid","sr"
"sqrtvins_mono","aqualoc","aqualoc__archaeo__archaeo1","archaeo_sequence_4","run3","99.39497016829931","99.39497016829931","99.39497016829931","99.39497016829931","valid","sr"
"sqrtvins_mono","aqualoc","aqualoc__archaeo__archaeo1","archaeo_sequence_5","run1","99.54010196042702","99.54010196042702","99.54010196042702","99.54010196042702","valid","sr"
"sqrtvins_mono","aqualoc","aqualoc__archaeo__archaeo1","archaeo_sequence_5","run2","99.54010196042702","99.54010196042702","99.54010196042702","99.54010196042702","valid","sr"
"sqrtvins_mono","aqualoc","aqualoc__archaeo__archaeo1","archaeo_sequence_5","run3","99.54010196042702","99.54010196042702","99.54010196042702","99.54010196042702","valid","sr"
"svo_mono","aqualoc","aqualoc__archaeo__archaeo1","archaeo_sequence_1","run1","0","0.0","0","0.0","valid","sr"
"svo_mono","aqualoc","aqualoc__archaeo__archaeo1","archaeo_sequence_1","run2","0","0.0","0","0.0","valid","sr"
"svo_mono","aqualoc","aqualoc__archaeo__archaeo1","archaeo_sequence_1","run3","0","0.0","0","0.0","valid","sr"
"svo_mono","aqualoc","aqualoc__archaeo__archaeo1","archaeo_sequence_2","run1","97.32033948687341","97.32033948687341","97.32033948687341","97.32033948687341","valid","sr"
"svo_mono","aqualoc","aqualoc__archaeo__archaeo1","archaeo_sequence_2","run2","97.83536699968428","97.83536699968428","97.83536699968428","97.83536699968428","valid","sr"
"svo_mono","aqualoc","aqualoc__archaeo__archaeo1","archaeo_sequence_2","run3","97.79318612709295","97.79318612709295","97.79318612709295","97.79318612709295","valid","sr"
"svo_mono","aqualoc","aqualoc__archaeo__archaeo1","archaeo_sequence_3","run1","99.5326292267932","99.5326292267932","99.5326292267932","99.5326292267932","valid","sr"
"svo_mono","aqualoc","aqualoc__archaeo__archaeo1","archaeo_sequence_3","run2","99.07308115919574","99.07308115919574","99.07308115919574","99.07308115919574","valid","sr"
"svo_mono","aqualoc","aqualoc__archaeo__archaeo1","archaeo_sequence_3","run3","98.00749043418044","98.00749043418044","98.00749043418044","98.00749043418044","valid","sr"
"svo_mono","aqualoc","aqualoc__archaeo__archaeo1","archaeo_sequence_4","run1","0","0.0","0","0.0","valid","sr"
"svo_mono","aqualoc","aqualoc__archaeo__archaeo1","archaeo_sequence_4","run2","0","0.0","0","0.0","valid","sr"
"svo_mono","aqualoc","aqualoc__archaeo__archaeo1","archaeo_sequence_4","run3","91.10730794506077","91.10730794506077","91.10730794506077","91.10730794506077","valid","sr"
"svo_mono","aqualoc","aqualoc__archaeo__archaeo1","archaeo_sequence_5","run1","100","100.0","100","100.0","valid","sr"
"svo_mono","aqualoc","aqualoc__archaeo__archaeo1","archaeo_sequence_5","run2","100","100.0","100","100.0","valid","sr"
"svo_mono","aqualoc","aqualoc__archaeo__archaeo1","archaeo_sequence_5","run3","100","100.0","100","100.0","valid","sr"
"vins-fusion_monoimu","aqualoc","aqualoc__archaeo__archaeo1","archaeo_sequence_1","run1","99.46574765607838","99.46574765607838","99.46574765607838","99.46574765607838","valid","sr"
"vins-fusion_monoimu","aqualoc","aqualoc__archaeo__archaeo1","archaeo_sequence_1","run2","99.303989177724","99.303989177724","99.303989177724","99.303989177724","valid","sr"
"vins-fusion_monoimu","aqualoc","aqualoc__archaeo__archaeo1","archaeo_sequence_1","run3","99.46574765607838","99.46574765607838","99.46574765607838","99.46574765607838","valid","sr"
"vins-fusion_monoimu","aqualoc","aqualoc__archaeo__archaeo1","archaeo_sequence_2","run1","20.846051086615063","20.846051086615063","20.846051086615063","20.846051086615063","valid","sr"
"vins-fusion_monoimu","aqualoc","aqualoc__archaeo__archaeo1","archaeo_sequence_2","run2","10.432318601929403","10.432318601929403","10.432318601929403","10.432318601929403","valid","sr"
"vins-fusion_monoimu","aqualoc","aqualoc__archaeo__archaeo1","archaeo_sequence_2","run3","20.846051086615063","20.846051086615063","20.846051086615063","20.846051086615063","valid","sr"
"vins-fusion_monoimu","aqualoc","aqualoc__archaeo__archaeo1","archaeo_sequence_3","run1",,"","0","0.0","invalid","sr"
"vins-fusion_monoimu","aqualoc","aqualoc__archaeo__archaeo1","archaeo_sequence_3","run2",,"","0","0.0","invalid","sr"
"vins-fusion_monoimu","aqualoc","aqualoc__archaeo__archaeo1","archaeo_sequence_3","run3",,"","0","0.0","invalid","sr"
"vins-fusion_monoimu","aqualoc","aqualoc__archaeo__archaeo1","archaeo_sequence_4","run1","73.35364827872318","73.35364827872318","73.35364827872318","73.35364827872318","valid","sr"
"vins-fusion_monoimu","aqualoc","aqualoc__archaeo__archaeo1","archaeo_sequence_4","run2","99.18723544628315","99.18723544628315","99.18723544628315","99.18723544628315","valid","sr"
"vins-fusion_monoimu","aqualoc","aqualoc__archaeo__archaeo1","archaeo_sequence_4","run3","73.35364827872318","73.35364827872318","73.35364827872318","73.35364827872318","valid","sr"
"vins-fusion_monoimu","aqualoc","aqualoc__archaeo__archaeo1","archaeo_sequence_5","run1","100","100.0","100","100.0","valid","sr"
"vins-fusion_monoimu","aqualoc","aqualoc__archaeo__archaeo1","archaeo_sequence_5","run2","100","100.0","100","100.0","valid","sr"
"vins-fusion_monoimu","aqualoc","aqualoc__archaeo__archaeo1","archaeo_sequence_5","run3","100","100.0","100","100.0","valid","sr"
"dm_vio","aqualoc","aqualoc__archaeo__archaeo2","archaeo_sequence_6","run1","4.941267595362452","4.941267595362452","4.941267595362452","4.941267595362452","valid","sr"
"dm_vio","aqualoc","aqualoc__archaeo__archaeo2","archaeo_sequence_6","run2","8.058727653276486","8.058727653276486","8.058727653276486","8.058727653276486","valid","sr"
"dm_vio","aqualoc","aqualoc__archaeo__archaeo2","archaeo_sequence_6","run3","6.595869640350936","6.595869640350936","6.595869640350936","6.595869640350936","valid","sr"
"dm_vio","aqualoc","aqualoc__archaeo__archaeo2","archaeo_sequence_7","run1","5.191335397193356","5.191335397193356","5.191335397193356","5.191335397193356","valid","sr"
"dm_vio","aqualoc","aqualoc__archaeo__archaeo2","archaeo_sequence_7","run2","100","100.0","100","100.0","valid","sr"
"dm_vio","aqualoc","aqualoc__archaeo__archaeo2","archaeo_sequence_7","run3","4.652783161385111","4.652783161385111","4.652783161385111","4.652783161385111","valid","sr"
"dm_vio","aqualoc","aqualoc__archaeo__archaeo2","archaeo_sequence_8","run1","3.9809606542788853","3.9809606542788853","3.9809606542788853","3.9809606542788853","valid","sr"
"dm_vio","aqualoc","aqualoc__archaeo__archaeo2","archaeo_sequence_8","run2","2.6356583168784016","2.6356583168784016","2.6356583168784016","2.6356583168784016","valid","sr"
"dm_vio","aqualoc","aqualoc__archaeo__archaeo2","archaeo_sequence_8","run3","2.2933511916290032","2.2933511916290032","2.2933511916290032","2.2933511916290032","valid","sr"
"dm_vio","aqualoc","aqualoc__archaeo__archaeo2","archaeo_sequence_9","run1","100","100.0","100","100.0","valid","sr"
"dm_vio","aqualoc","aqualoc__archaeo__archaeo2","archaeo_sequence_9","run2","100","100.0","100","100.0","valid","sr"
"dm_vio","aqualoc","aqualoc__archaeo__archaeo2","archaeo_sequence_9","run3","15.871670107820107","15.871670107820107","15.871670107820107","15.871670107820107","valid","sr"
"dm_vio","aqualoc","aqualoc__archaeo__archaeo2","archaeo_sequence_10","run1","29.986284983194643","29.986284983194643","29.986284983194643","29.986284983194643","valid","sr"
"dm_vio","aqualoc","aqualoc__archaeo__archaeo2","archaeo_sequence_10","run2","100","100.0","100","100.0","valid","sr"
"dm_vio","aqualoc","aqualoc__archaeo__archaeo2","archaeo_sequence_10","run3","100","100.0","100","100.0","valid","sr"
"kimera_vio_mono","aqualoc","aqualoc__archaeo__archaeo2","archaeo_sequence_6","run1","0","0.0","0","0.0","valid","sr"
"kimera_vio_mono","aqualoc","aqualoc__archaeo__archaeo2","archaeo_sequence_6","run2","0","0.0","0","0.0","valid","sr"
"kimera_vio_mono","aqualoc","aqualoc__archaeo__archaeo2","archaeo_sequence_6","run3","0","0.0","0","0.0","valid","sr"
"kimera_vio_mono","aqualoc","aqualoc__archaeo__archaeo2","archaeo_sequence_7","run1",,"","0","0.0","invalid","sr"
"kimera_vio_mono","aqualoc","aqualoc__archaeo__archaeo2","archaeo_sequence_7","run2",,"","0","0.0","invalid","sr"
"kimera_vio_mono","aqualoc","aqualoc__archaeo__archaeo2","archaeo_sequence_7","run3","8.005078469253665","8.005078469253665","8.005078469253665","8.005078469253665","valid","sr"
"kimera_vio_mono","aqualoc","aqualoc__archaeo__archaeo2","archaeo_sequence_8","run1","0","0.0","0","0.0","valid","sr"
"kimera_vio_mono","aqualoc","aqualoc__archaeo__archaeo2","archaeo_sequence_8","run2","0","0.0","0","0.0","valid","sr"
"kimera_vio_mono","aqualoc","aqualoc__archaeo__archaeo2","archaeo_sequence_8","run3","0","0.0","0","0.0","valid","sr"
"kimera_vio_mono","aqualoc","aqualoc__archaeo__archaeo2","archaeo_sequence_9","run1","2.929385753605492","2.929385753605492","2.929385753605492","2.929385753605492","valid","sr"
"kimera_vio_mono","aqualoc","aqualoc__archaeo__archaeo2","archaeo_sequence_9","run2","2.929385753605492","2.929385753605492","2.929385753605492","2.929385753605492","valid","sr"
"kimera_vio_mono","aqualoc","aqualoc__archaeo__archaeo2","archaeo_sequence_9","run3","2.929385753605492","2.929385753605492","2.929385753605492","2.929385753605492","valid","sr"
"kimera_vio_mono","aqualoc","aqualoc__archaeo__archaeo2","archaeo_sequence_10","run1","10.98006816344322","10.98006816344322","10.98006816344322","10.98006816344322","valid","sr"
"kimera_vio_mono","aqualoc","aqualoc__archaeo__archaeo2","archaeo_sequence_10","run2","10.98006816344322","10.98006816344322","10.98006816344322","10.98006816344322","valid","sr"
"kimera_vio_mono","aqualoc","aqualoc__archaeo__archaeo2","archaeo_sequence_10","run3","10.992702606549688","10.992702606549688","10.992702606549688","10.992702606549688","valid","sr"
"okvis2x_mono","aqualoc","aqualoc__archaeo__archaeo2","archaeo_sequence_6","run1","37.51617089586537","37.51617089586537","37.51617089586537","37.51617089586537","valid","sr"
"okvis2x_mono","aqualoc","aqualoc__archaeo__archaeo2","archaeo_sequence_6","run2","35.9494743457994","35.9494743457994","35.9494743457994","35.9494743457994","valid","sr"
"okvis2x_mono","aqualoc","aqualoc__archaeo__archaeo2","archaeo_sequence_6","run3","7.05826456432002","7.05826456432002","7.05826456432002","7.05826456432002","valid","sr"
"okvis2x_mono","aqualoc","aqualoc__archaeo__archaeo2","archaeo_sequence_7","run1","1.9854866644110851","1.9854866644110851","1.9854866644110851","1.9854866644110851","valid","sr"
"okvis2x_mono","aqualoc","aqualoc__archaeo__archaeo2","archaeo_sequence_7","run2","2.7105581918613875","2.7105581918613875","2.7105581918613875","2.7105581918613875","valid","sr"
"okvis2x_mono","aqualoc","aqualoc__archaeo__archaeo2","archaeo_sequence_7","run3","2.3842072247639416","2.3842072247639416","2.3842072247639416","2.3842072247639416","valid","sr"
"okvis2x_mono","aqualoc","aqualoc__archaeo__archaeo2","archaeo_sequence_8","run1","1.4879454309976712","1.4879454309976712","1.4879454309976712","1.4879454309976712","valid","sr"
"okvis2x_mono","aqualoc","aqualoc__archaeo__archaeo2","archaeo_sequence_8","run2","4.495795748634539","4.495795748634539","4.495795748634539","4.495795748634539","valid","sr"
"okvis2x_mono","aqualoc","aqualoc__archaeo__archaeo2","archaeo_sequence_8","run3","3.6096205654499025","3.6096205654499025","3.6096205654499025","3.6096205654499025","valid","sr"
"okvis2x_mono","aqualoc","aqualoc__archaeo__archaeo2","archaeo_sequence_9","run1","3.6906007305609183","3.6906007305609183","3.6906007305609183","3.6906007305609183","valid","sr"
"okvis2x_mono","aqualoc","aqualoc__archaeo__archaeo2","archaeo_sequence_9","run2","5.600921861897344","5.600921861897344","5.600921861897344","5.600921861897344","valid","sr"
"okvis2x_mono","aqualoc","aqualoc__archaeo__archaeo2","archaeo_sequence_9","run3","0","0.0","0","0.0","valid","sr"
"okvis2x_mono","aqualoc","aqualoc__archaeo__archaeo2","archaeo_sequence_10","run1","4.2826915998723365","4.2826915998723365","4.2826915998723365","4.2826915998723365","valid","sr"
"okvis2x_mono","aqualoc","aqualoc__archaeo__archaeo2","archaeo_sequence_10","run2","3.3559436715583644","3.3559436715583644","3.3559436715583644","3.3559436715583644","valid","sr"
"okvis2x_mono","aqualoc","aqualoc__archaeo__archaeo2","archaeo_sequence_10","run3","0","0.0","0","0.0","valid","sr"
"open_vins_mono","aqualoc","aqualoc__archaeo__archaeo2","archaeo_sequence_6","run1","84.96112462619519","84.96112462619519","84.96112462619519","84.96112462619519","valid","sr"
"open_vins_mono","aqualoc","aqualoc__archaeo__archaeo2","archaeo_sequence_6","run2","85.26499340123111","85.26499340123111","85.26499340123111","85.26499340123111","valid","sr"
"open_vins_mono","aqualoc","aqualoc__archaeo__archaeo2","archaeo_sequence_6","run3","84.96112462619519","84.96112462619519","84.96112462619519","84.96112462619519","valid","sr"
"open_vins_mono","aqualoc","aqualoc__archaeo__archaeo2","archaeo_sequence_7","run1","85.99096667862175","85.99096667862175","85.99096667862175","85.99096667862175","valid","sr"
"open_vins_mono","aqualoc","aqualoc__archaeo__archaeo2","archaeo_sequence_7","run2","99.78362982703449","99.78362982703449","99.78362982703449","99.78362982703449","valid","sr"
"open_vins_mono","aqualoc","aqualoc__archaeo__archaeo2","archaeo_sequence_7","run3","53.004404306164574","53.004404306164574","53.004404306164574","53.004404306164574","valid","sr"
"open_vins_mono","aqualoc","aqualoc__archaeo__archaeo2","archaeo_sequence_8","run1","99.31038620564999","99.31038620564999","99.31038620564999","99.31038620564999","valid","sr"
"open_vins_mono","aqualoc","aqualoc__archaeo__archaeo2","archaeo_sequence_8","run2","99.31038620564999","99.31038620564999","99.31038620564999","99.31038620564999","valid","sr"
"open_vins_mono","aqualoc","aqualoc__archaeo__archaeo2","archaeo_sequence_8","run3","99.31038620564999","99.31038620564999","99.31038620564999","99.31038620564999","valid","sr"
"open_vins_mono","aqualoc","aqualoc__archaeo__archaeo2","archaeo_sequence_9","run1","96.32440764249331","96.32440764249331","96.32440764249331","96.32440764249331","valid","sr"
"open_vins_mono","aqualoc","aqualoc__archaeo__archaeo2","archaeo_sequence_9","run2","95.98727427877142","95.98727427877142","95.98727427877142","95.98727427877142","valid","sr"
"open_vins_mono","aqualoc","aqualoc__archaeo__archaeo2","archaeo_sequence_9","run3","96.14102528982148","96.14102528982148","96.14102528982148","96.14102528982148","valid","sr"
"open_vins_mono","aqualoc","aqualoc__archaeo__archaeo2","archaeo_sequence_10","run1","98.63388706861906","98.63388706861906","98.63388706861906","98.63388706861906","valid","sr"
"open_vins_mono","aqualoc","aqualoc__archaeo__archaeo2","archaeo_sequence_10","run2","98.63388706861906","98.63388706861906","98.63388706861906","98.63388706861906","valid","sr"
"open_vins_mono","aqualoc","aqualoc__archaeo__archaeo2","archaeo_sequence_10","run3","98.17514138694659","98.17514138694659","98.17514138694659","98.17514138694659","valid","sr"
"orb_slam3_mono","aqualoc","aqualoc__archaeo__archaeo2","archaeo_sequence_6","run1","16.500422134141917","16.500422134141917","16.500422134141917","16.500422134141917","valid","sr"
"orb_slam3_mono","aqualoc","aqualoc__archaeo__archaeo2","archaeo_sequence_6","run2","79.86969651362669","79.86969651362669","79.86969651362669","79.86969651362669","valid","sr"
"orb_slam3_mono","aqualoc","aqualoc__archaeo__archaeo2","archaeo_sequence_6","run3","68.57140471290182","68.57140471290182","68.57140471290182","68.57140471290182","valid","sr"
"orb_slam3_mono","aqualoc","aqualoc__archaeo__archaeo2","archaeo_sequence_7","run1","2.581834577956489","2.581834577956489","2.581834577956489","2.581834577956489","valid","sr"
"orb_slam3_mono","aqualoc","aqualoc__archaeo__archaeo2","archaeo_sequence_7","run2","1.390730967347263","1.390730967347263","1.390730967347263","1.390730967347263","valid","sr"
"orb_slam3_mono","aqualoc","aqualoc__archaeo__archaeo2","archaeo_sequence_7","run3","2.387230039651734","2.387230039651734","2.387230039651734","2.387230039651734","valid","sr"
"orb_slam3_mono","aqualoc","aqualoc__archaeo__archaeo2","archaeo_sequence_8","run1","94.98274255013457","94.98274255013457","94.98274255013457","94.98274255013457","valid","sr"
"orb_slam3_mono","aqualoc","aqualoc__archaeo__archaeo2","archaeo_sequence_8","run2","87.63240981135084","87.63240981135084","87.63240981135084","87.63240981135084","valid","sr"
"orb_slam3_mono","aqualoc","aqualoc__archaeo__archaeo2","archaeo_sequence_8","run3","71.5352657195854","71.5352657195854","71.5352657195854","71.5352657195854","valid","sr"
"orb_slam3_mono","aqualoc","aqualoc__archaeo__archaeo2","archaeo_sequence_9","run1","11.063498557906575","11.063498557906575","11.063498557906575","11.063498557906575","valid","sr"
"orb_slam3_mono","aqualoc","aqualoc__archaeo__archaeo2","archaeo_sequence_9","run2","39.19631693493571","39.19631693493571","39.19631693493571","39.19631693493571","valid","sr"
"orb_slam3_mono","aqualoc","aqualoc__archaeo__archaeo2","archaeo_sequence_9","run3","96.53515983588935","96.53515983588935","96.53515983588935","96.53515983588935","valid","sr"
"orb_slam3_mono","aqualoc","aqualoc__archaeo__archaeo2","archaeo_sequence_10","run1","98.43199286851251","98.43199286851251","98.43199286851251","98.43199286851251","valid","sr"
"orb_slam3_mono","aqualoc","aqualoc__archaeo__archaeo2","archaeo_sequence_10","run2","82.30440106311276","82.30440106311276","82.30440106311276","82.30440106311276","valid","sr"
"orb_slam3_mono","aqualoc","aqualoc__archaeo__archaeo2","archaeo_sequence_10","run3","95.73093669488281","95.73093669488281","95.73093669488281","95.73093669488281","valid","sr"
"rovio","aqualoc","aqualoc__archaeo__archaeo2","archaeo_sequence_6","run1","35.447996751492084","35.447996751492084","35.447996751492084","35.447996751492084","valid","sr"
"rovio","aqualoc","aqualoc__archaeo__archaeo2","archaeo_sequence_6","run2","35.447996751492084","35.447996751492084","35.447996751492084","35.447996751492084","valid","sr"
"rovio","aqualoc","aqualoc__archaeo__archaeo2","archaeo_sequence_6","run3","35.447996751492084","35.447996751492084","35.447996751492084","35.447996751492084","valid","sr"
"rovio","aqualoc","aqualoc__archaeo__archaeo2","archaeo_sequence_7","run1","29.12572736742612","29.12572736742612","29.12572736742612","29.12572736742612","valid","sr"
"rovio","aqualoc","aqualoc__archaeo__archaeo2","archaeo_sequence_7","run2","29.12572736742612","29.12572736742612","29.12572736742612","29.12572736742612","valid","sr"
"rovio","aqualoc","aqualoc__archaeo__archaeo2","archaeo_sequence_7","run3","29.12572736742612","29.12572736742612","29.12572736742612","29.12572736742612","valid","sr"
"rovio","aqualoc","aqualoc__archaeo__archaeo2","archaeo_sequence_8","run1","100","100.0","100","100.0","valid","sr"
"rovio","aqualoc","aqualoc__archaeo__archaeo2","archaeo_sequence_8","run2","100","100.0","100","100.0","valid","sr"
"rovio","aqualoc","aqualoc__archaeo__archaeo2","archaeo_sequence_8","run3","100","100.0","100","100.0","valid","sr"
"rovio","aqualoc","aqualoc__archaeo__archaeo2","archaeo_sequence_9","run1","91.72463988714667","91.72463988714667","91.72463988714667","91.72463988714667","valid","sr"
"rovio","aqualoc","aqualoc__archaeo__archaeo2","archaeo_sequence_9","run2","91.72463988714667","91.72463988714667","91.72463988714667","91.72463988714667","valid","sr"
"rovio","aqualoc","aqualoc__archaeo__archaeo2","archaeo_sequence_9","run3","91.72463988714667","91.72463988714667","91.72463988714667","91.72463988714667","valid","sr"
"rovio","aqualoc","aqualoc__archaeo__archaeo2","archaeo_sequence_10","run1","76.74225851279616","76.74225851279616","76.74225851279616","76.74225851279616","valid","sr"
"rovio","aqualoc","aqualoc__archaeo__archaeo2","archaeo_sequence_10","run2","76.74225851279616","76.74225851279616","76.74225851279616","76.74225851279616","valid","sr"
"rovio","aqualoc","aqualoc__archaeo__archaeo2","archaeo_sequence_10","run3","76.74225851279616","76.74225851279616","76.74225851279616","76.74225851279616","valid","sr"
"sqrtvins_mono","aqualoc","aqualoc__archaeo__archaeo2","archaeo_sequence_6","run1","97.32786655349791","97.32786655349791","97.32786655349791","97.32786655349791","valid","sr"
"sqrtvins_mono","aqualoc","aqualoc__archaeo__archaeo2","archaeo_sequence_6","run2","97.32786655349791","97.32786655349791","97.32786655349791","97.32786655349791","valid","sr"
"sqrtvins_mono","aqualoc","aqualoc__archaeo__archaeo2","archaeo_sequence_6","run3","97.32786655349791","97.32786655349791","97.32786655349791","97.32786655349791","valid","sr"
"sqrtvins_mono","aqualoc","aqualoc__archaeo__archaeo2","archaeo_sequence_7","run1","91.6982398338728","91.6982398338728","91.6982398338728","91.6982398338728","valid","sr"
"sqrtvins_mono","aqualoc","aqualoc__archaeo__archaeo2","archaeo_sequence_7","run2","91.6982398338728","91.6982398338728","91.6982398338728","91.6982398338728","valid","sr"
"sqrtvins_mono","aqualoc","aqualoc__archaeo__archaeo2","archaeo_sequence_7","run3","91.6982398338728","91.6982398338728","91.6982398338728","91.6982398338728","valid","sr"
"sqrtvins_mono","aqualoc","aqualoc__archaeo__archaeo2","archaeo_sequence_8","run1","79.26395456699748","79.26395456699748","79.26395456699748","79.26395456699748","valid","sr"
"sqrtvins_mono","aqualoc","aqualoc__archaeo__archaeo2","archaeo_sequence_8","run2","79.26395456699748","79.26395456699748","79.26395456699748","79.26395456699748","valid","sr"
"sqrtvins_mono","aqualoc","aqualoc__archaeo__archaeo2","archaeo_sequence_8","run3","79.26395456699748","79.26395456699748","79.26395456699748","79.26395456699748","valid","sr"
"sqrtvins_mono","aqualoc","aqualoc__archaeo__archaeo2","archaeo_sequence_9","run1","99.37404174255838","99.37404174255838","99.37404174255838","99.37404174255838","valid","sr"
"sqrtvins_mono","aqualoc","aqualoc__archaeo__archaeo2","archaeo_sequence_9","run2","99.37404174255838","99.37404174255838","99.37404174255838","99.37404174255838","valid","sr"
"sqrtvins_mono","aqualoc","aqualoc__archaeo__archaeo2","archaeo_sequence_9","run3","99.37404174255838","99.37404174255838","99.37404174255838","99.37404174255838","valid","sr"
"sqrtvins_mono","aqualoc","aqualoc__archaeo__archaeo2","archaeo_sequence_10","run1","70.90754632885978","70.90754632885978","70.90754632885978","70.90754632885978","valid","sr"
"sqrtvins_mono","aqualoc","aqualoc__archaeo__archaeo2","archaeo_sequence_10","run2","70.90754632885978","70.90754632885978","70.90754632885978","70.90754632885978","valid","sr"
"sqrtvins_mono","aqualoc","aqualoc__archaeo__archaeo2","archaeo_sequence_10","run3","70.90754632885978","70.90754632885978","70.90754632885978","70.90754632885978","valid","sr"
"svo_mono","aqualoc","aqualoc__archaeo__archaeo2","archaeo_sequence_6","run1","98.44645415684145","98.44645415684145","98.44645415684145","98.44645415684145","valid","sr"
"svo_mono","aqualoc","aqualoc__archaeo__archaeo2","archaeo_sequence_6","run2","98.66494032242518","98.66494032242518","98.66494032242518","98.66494032242518","valid","sr"
"svo_mono","aqualoc","aqualoc__archaeo__archaeo2","archaeo_sequence_6","run3","98.66494032242518","98.66494032242518","98.66494032242518","98.66494032242518","valid","sr"
"svo_mono","aqualoc","aqualoc__archaeo__archaeo2","archaeo_sequence_7","run1","96.06600904100027","96.06600904100027","96.06600904100027","96.06600904100027","valid","sr"
"svo_mono","aqualoc","aqualoc__archaeo__archaeo2","archaeo_sequence_7","run2","99.2861305573214","99.2861305573214","99.2861305573214","99.2861305573214","valid","sr"
"svo_mono","aqualoc","aqualoc__archaeo__archaeo2","archaeo_sequence_7","run3","98.84195559038099","98.84195559038099","98.84195559038099","98.84195559038099","valid","sr"
"svo_mono","aqualoc","aqualoc__archaeo__archaeo2","archaeo_sequence_8","run1","99.63612286672466","99.63612286672466","99.63612286672466","99.63612286672466","valid","sr"
"svo_mono","aqualoc","aqualoc__archaeo__archaeo2","archaeo_sequence_8","run2","99.32652729935333","99.32652729935333","99.32652729935333","99.32652729935333","valid","sr"
"svo_mono","aqualoc","aqualoc__archaeo__archaeo2","archaeo_sequence_8","run3","99.48515123605011","99.48515123605011","99.48515123605011","99.48515123605011","valid","sr"
"svo_mono","aqualoc","aqualoc__archaeo__archaeo2","archaeo_sequence_9","run1","99.67053512144098","99.67053512144098","99.67053512144098","99.67053512144098","valid","sr"
"svo_mono","aqualoc","aqualoc__archaeo__archaeo2","archaeo_sequence_9","run2","99.67053512144098","99.67053512144098","99.67053512144098","99.67053512144098","valid","sr"
"svo_mono","aqualoc","aqualoc__archaeo__archaeo2","archaeo_sequence_9","run3","99.67053512144098","99.67053512144098","99.67053512144098","99.67053512144098","valid","sr"
"svo_mono","aqualoc","aqualoc__archaeo__archaeo2","archaeo_sequence_10","run1","99.75957000851606","99.75957000851606","99.75957000851606","99.75957000851606","valid","sr"
"svo_mono","aqualoc","aqualoc__archaeo__archaeo2","archaeo_sequence_10","run2","99.75957000851606","99.75957000851606","99.75957000851606","99.75957000851606","valid","sr"
"svo_mono","aqualoc","aqualoc__archaeo__archaeo2","archaeo_sequence_10","run3","99.75957000851606","99.75957000851606","99.75957000851606","99.75957000851606","valid","sr"
"vins-fusion_monoimu","aqualoc","aqualoc__archaeo__archaeo2","archaeo_sequence_6","run1","94.59332477091871","94.59332477091871","94.59332477091871","94.59332477091871","valid","sr"
"vins-fusion_monoimu","aqualoc","aqualoc__archaeo__archaeo2","archaeo_sequence_6","run2","94.59332477091871","94.59332477091871","94.59332477091871","94.59332477091871","valid","sr"
"vins-fusion_monoimu","aqualoc","aqualoc__archaeo__archaeo2","archaeo_sequence_6","run3","94.59332477091871","94.59332477091871","94.59332477091871","94.59332477091871","valid","sr"
"vins-fusion_monoimu","aqualoc","aqualoc__archaeo__archaeo2","archaeo_sequence_7","run1","0.8670589129407833","0.8670589129407833","0.8670589129407833","0.8670589129407833","valid","sr"
"vins-fusion_monoimu","aqualoc","aqualoc__archaeo__archaeo2","archaeo_sequence_7","run2","0.8670589129407833","0.8670589129407833","0.8670589129407833","0.8670589129407833","valid","sr"
"vins-fusion_monoimu","aqualoc","aqualoc__archaeo__archaeo2","archaeo_sequence_7","run3","0.8670589129407833","0.8670589129407833","0.8670589129407833","0.8670589129407833","valid","sr"
"vins-fusion_monoimu","aqualoc","aqualoc__archaeo__archaeo2","archaeo_sequence_8","run1","99.15603134628971","99.15603134628971","99.15603134628971","99.15603134628971","valid","sr"
"vins-fusion_monoimu","aqualoc","aqualoc__archaeo__archaeo2","archaeo_sequence_8","run2","99.15603134628971","99.15603134628971","99.15603134628971","99.15603134628971","valid","sr"
"vins-fusion_monoimu","aqualoc","aqualoc__archaeo__archaeo2","archaeo_sequence_8","run3","99.15603134628971","99.15603134628971","99.15603134628971","99.15603134628971","valid","sr"
"vins-fusion_monoimu","aqualoc","aqualoc__archaeo__archaeo2","archaeo_sequence_9","run1","99.0527137026531","99.0527137026531","99.0527137026531","99.0527137026531","valid","sr"
"vins-fusion_monoimu","aqualoc","aqualoc__archaeo__archaeo2","archaeo_sequence_9","run2","99.0527137026531","99.0527137026531","99.0527137026531","99.0527137026531","valid","sr"
"vins-fusion_monoimu","aqualoc","aqualoc__archaeo__archaeo2","archaeo_sequence_9","run3","99.0527137026531","99.0527137026531","99.0527137026531","99.0527137026531","valid","sr"
"vins-fusion_monoimu","aqualoc","aqualoc__archaeo__archaeo2","archaeo_sequence_10","run1","99.47323168030363","99.47323168030363","99.47323168030363","99.47323168030363","valid","sr"
"vins-fusion_monoimu","aqualoc","aqualoc__archaeo__archaeo2","archaeo_sequence_10","run2","99.47323168030363","99.47323168030363","99.47323168030363","99.47323168030363","valid","sr"
"vins-fusion_monoimu","aqualoc","aqualoc__archaeo__archaeo2","archaeo_sequence_10","run3","99.47323168030363","99.47323168030363","99.47323168030363","99.47323168030363","valid","sr"
"dm_vio","aqualoc","aqualoc__harbor","harbor_sequence_1","run1","98.61001337256046","98.61001337256046","98.61001337256046","98.61001337256046","valid","sr"
"dm_vio","aqualoc","aqualoc__harbor","harbor_sequence_1","run2",,"","0","0.0","invalid","sr"
"dm_vio","aqualoc","aqualoc__harbor","harbor_sequence_1","run3",,"","0","0.0","invalid","sr"
"dm_vio","aqualoc","aqualoc__harbor","harbor_sequence_2","run1","0.6509558987180492","0.6509558987180492","0.6509558987180492","0.6509558987180492","valid","sr"
"dm_vio","aqualoc","aqualoc__harbor","harbor_sequence_2","run2","38.52359603110232","38.52359603110232","38.52359603110232","38.52359603110232","valid","sr"
"dm_vio","aqualoc","aqualoc__harbor","harbor_sequence_2","run3","5.076869044861693","5.076869044861693","5.076869044861693","5.076869044861693","valid","sr"
"dm_vio","aqualoc","aqualoc__harbor","harbor_sequence_3","run1","3.240194282813387","3.240194282813387","3.240194282813387","3.240194282813387","valid","sr"
"dm_vio","aqualoc","aqualoc__harbor","harbor_sequence_3","run2","3.240194282813387","3.240194282813387","3.240194282813387","3.240194282813387","valid","sr"
"dm_vio","aqualoc","aqualoc__harbor","harbor_sequence_3","run3","3.7285720443292156","3.7285720443292156","3.7285720443292156","3.7285720443292156","valid","sr"
"dm_vio","aqualoc","aqualoc__harbor","harbor_sequence_4","run1","3.467015179955018","3.467015179955018","3.467015179955018","3.467015179955018","valid","sr"
"dm_vio","aqualoc","aqualoc__harbor","harbor_sequence_4","run2","32.0355678156445","32.0355678156445","32.0355678156445","32.0355678156445","valid","sr"
"dm_vio","aqualoc","aqualoc__harbor","harbor_sequence_4","run3","88.28700711642028","88.28700711642028","88.28700711642028","88.28700711642028","valid","sr"
"dm_vio","aqualoc","aqualoc__harbor","harbor_sequence_5","run1","99.99882720897197","99.99882720897197","99.99882720897197","99.99882720897197","valid","sr"
"dm_vio","aqualoc","aqualoc__harbor","harbor_sequence_5","run2","99.99882720897197","99.99882720897197","99.99882720897197","99.99882720897197","valid","sr"
"dm_vio","aqualoc","aqualoc__harbor","harbor_sequence_5","run3","99.99882720897197","99.99882720897197","99.99882720897197","99.99882720897197","valid","sr"
"dm_vio","aqualoc","aqualoc__harbor","harbor_sequence_6","run1","12.649346479635708","12.649346479635708","12.649346479635708","12.649346479635708","valid","sr"
"dm_vio","aqualoc","aqualoc__harbor","harbor_sequence_6","run2","19.627378331216537","19.627378331216537","19.627378331216537","19.627378331216537","valid","sr"
"dm_vio","aqualoc","aqualoc__harbor","harbor_sequence_6","run3","15.373535448616838","15.373535448616838","15.373535448616838","15.373535448616838","valid","sr"
"dm_vio","aqualoc","aqualoc__harbor","harbor_sequence_7","run1","96.81180470223816","96.81180470223816","96.81180470223816","96.81180470223816","valid","sr"
"dm_vio","aqualoc","aqualoc__harbor","harbor_sequence_7","run2",,"","0","0.0","invalid","sr"
"dm_vio","aqualoc","aqualoc__harbor","harbor_sequence_7","run3",,"","0","0.0","invalid","sr"
"kimera_vio_mono","aqualoc","aqualoc__harbor","harbor_sequence_1","run1","6.183270316906304","6.183270316906304","6.183270316906304","6.183270316906304","valid","sr"
"kimera_vio_mono","aqualoc","aqualoc__harbor","harbor_sequence_1","run2","6.183270316906304","6.183270316906304","6.183270316906304","6.183270316906304","valid","sr"
"kimera_vio_mono","aqualoc","aqualoc__harbor","harbor_sequence_1","run3","6.956105715619936","6.956105715619936","6.956105715619936","6.956105715619936","valid","sr"
"kimera_vio_mono","aqualoc","aqualoc__harbor","harbor_sequence_2","run1","3.9871633569987663","3.9871633569987663","3.9871633569987663","3.9871633569987663","valid","sr"
"kimera_vio_mono","aqualoc","aqualoc__harbor","harbor_sequence_2","run2","3.9871633569987663","3.9871633569987663","3.9871633569987663","3.9871633569987663","valid","sr"
"kimera_vio_mono","aqualoc","aqualoc__harbor","harbor_sequence_2","run3","13.611058242071946","13.611058242071946","13.611058242071946","13.611058242071946","valid","sr"
"kimera_vio_mono","aqualoc","aqualoc__harbor","harbor_sequence_3","run1","8.923802345112607","8.923802345112607","8.923802345112607","8.923802345112607","valid","sr"
"kimera_vio_mono","aqualoc","aqualoc__harbor","harbor_sequence_3","run2","8.923802345112607","8.923802345112607","8.923802345112607","8.923802345112607","valid","sr"
"kimera_vio_mono","aqualoc","aqualoc__harbor","harbor_sequence_3","run3","3.8539985490474935","3.8539985490474935","3.8539985490474935","3.8539985490474935","valid","sr"
"kimera_vio_mono","aqualoc","aqualoc__harbor","harbor_sequence_4","run1","0","0.0","0","0.0","valid","sr"
"kimera_vio_mono","aqualoc","aqualoc__harbor","harbor_sequence_4","run2","0","0.0","0","0.0","valid","sr"
"kimera_vio_mono","aqualoc","aqualoc__harbor","harbor_sequence_4","run3","0","0.0","0","0.0","valid","sr"
"kimera_vio_mono","aqualoc","aqualoc__harbor","harbor_sequence_5","run1","22.30263837278484","22.30263837278484","22.30263837278484","22.30263837278484","valid","sr"
"kimera_vio_mono","aqualoc","aqualoc__harbor","harbor_sequence_5","run2","22.30263837278484","22.30263837278484","22.30263837278484","22.30263837278484","valid","sr"
"kimera_vio_mono","aqualoc","aqualoc__harbor","harbor_sequence_5","run3","50.1213095953855","50.1213095953855","50.1213095953855","50.1213095953855","valid","sr"
"kimera_vio_mono","aqualoc","aqualoc__harbor","harbor_sequence_6","run1","0.4530230096405347","0.4530230096405347","0.4530230096405347","0.4530230096405347","valid","sr"
"kimera_vio_mono","aqualoc","aqualoc__harbor","harbor_sequence_6","run2","0.4530230096405347","0.4530230096405347","0.4530230096405347","0.4530230096405347","valid","sr"
"kimera_vio_mono","aqualoc","aqualoc__harbor","harbor_sequence_6","run3","0.4530230096405347","0.4530230096405347","0.4530230096405347","0.4530230096405347","valid","sr"
"kimera_vio_mono","aqualoc","aqualoc__harbor","harbor_sequence_7","run1","0","0.0","0","0.0","valid","sr"
"kimera_vio_mono","aqualoc","aqualoc__harbor","harbor_sequence_7","run2","0","0.0","0","0.0","valid","sr"
"kimera_vio_mono","aqualoc","aqualoc__harbor","harbor_sequence_7","run3","0","0.0","0","0.0","valid","sr"
"okvis2x_mono","aqualoc","aqualoc__harbor","harbor_sequence_1","run1","97.38777919417623","97.38777919417623","97.38777919417623","97.38777919417623","valid","sr"
"okvis2x_mono","aqualoc","aqualoc__harbor","harbor_sequence_1","run2","97.87411942011639","97.87411942011639","97.87411942011639","97.87411942011639","valid","sr"
"okvis2x_mono","aqualoc","aqualoc__harbor","harbor_sequence_1","run3","96.11007897259182","96.11007897259182","96.11007897259182","96.11007897259182","valid","sr"
"okvis2x_mono","aqualoc","aqualoc__harbor","harbor_sequence_2","run1","99.65713808220296","99.65713808220296","99.65713808220296","99.65713808220296","valid","sr"
"okvis2x_mono","aqualoc","aqualoc__harbor","harbor_sequence_2","run2","99.02989608301911","99.02989608301911","99.02989608301911","99.02989608301911","valid","sr"
"okvis2x_mono","aqualoc","aqualoc__harbor","harbor_sequence_2","run3","99.18784870674124","99.18784870674124","99.18784870674124","99.18784870674124","valid","sr"
"okvis2x_mono","aqualoc","aqualoc__harbor","harbor_sequence_3","run1","97.1958962686819","97.1958962686819","97.1958962686819","97.1958962686819","valid","sr"
"okvis2x_mono","aqualoc","aqualoc__harbor","harbor_sequence_3","run2","96.77253364082372","96.77253364082372","96.77253364082372","96.77253364082372","valid","sr"
"okvis2x_mono","aqualoc","aqualoc__harbor","harbor_sequence_3","run3","96.87252900225285","96.87252900225285","96.87252900225285","96.87252900225285","valid","sr"
"okvis2x_mono","aqualoc","aqualoc__harbor","harbor_sequence_4","run1","7.183475557744461","7.183475557744461","7.183475557744461","7.183475557744461","valid","sr"
"okvis2x_mono","aqualoc","aqualoc__harbor","harbor_sequence_4","run2","0.1373599636081336","0.1373599636081336","0.1373599636081336","0.1373599636081336","valid","sr"
"okvis2x_mono","aqualoc","aqualoc__harbor","harbor_sequence_4","run3","39.45593687881591","39.45593687881591","39.45593687881591","39.45593687881591","valid","sr"
"okvis2x_mono","aqualoc","aqualoc__harbor","harbor_sequence_5","run1","99.31171344454273","99.31171344454273","99.31171344454273","99.31171344454273","valid","sr"
"okvis2x_mono","aqualoc","aqualoc__harbor","harbor_sequence_5","run2","97.75887283149802","97.75887283149802","97.75887283149802","97.75887283149802","valid","sr"
"okvis2x_mono","aqualoc","aqualoc__harbor","harbor_sequence_5","run3","98.42304580981647","98.42304580981647","98.42304580981647","98.42304580981647","valid","sr"
"okvis2x_mono","aqualoc","aqualoc__harbor","harbor_sequence_6","run1","90.60599028271993","90.60599028271993","90.60599028271993","90.60599028271993","valid","sr"
"okvis2x_mono","aqualoc","aqualoc__harbor","harbor_sequence_6","run2","90.81101884606363","90.81101884606363","90.81101884606363","90.81101884606363","valid","sr"
"okvis2x_mono","aqualoc","aqualoc__harbor","harbor_sequence_6","run3","92.7876239658229","92.7876239658229","92.7876239658229","92.7876239658229","valid","sr"
"okvis2x_mono","aqualoc","aqualoc__harbor","harbor_sequence_7","run1","13.702362035406573","13.702362035406573","13.702362035406573","13.702362035406573","valid","sr"
"okvis2x_mono","aqualoc","aqualoc__harbor","harbor_sequence_7","run2","13.331437619299846","13.331437619299846","13.331437619299846","13.331437619299846","valid","sr"
"okvis2x_mono","aqualoc","aqualoc__harbor","harbor_sequence_7","run3","0","0.0","0","0.0","valid","sr"
"open_vins_mono","aqualoc","aqualoc__harbor","harbor_sequence_1","run1","99.24408910897397","99.24408910897397","99.24408910897397","99.24408910897397","valid","sr"
"open_vins_mono","aqualoc","aqualoc__harbor","harbor_sequence_1","run2","98.0796824324019","98.0796824324019","98.0796824324019","98.0796824324019","valid","sr"
"open_vins_mono","aqualoc","aqualoc__harbor","harbor_sequence_1","run3","98.0796824324019","98.0796824324019","98.0796824324019","98.0796824324019","valid","sr"
"open_vins_mono","aqualoc","aqualoc__harbor","harbor_sequence_2","run1","99.29453435463074","99.29453435463074","99.29453435463074","99.29453435463074","valid","sr"
"open_vins_mono","aqualoc","aqualoc__harbor","harbor_sequence_2","run2","99.29453435463074","99.29453435463074","99.29453435463074","99.29453435463074","valid","sr"
"open_vins_mono","aqualoc","aqualoc__harbor","harbor_sequence_2","run3","99.29453435463074","99.29453435463074","99.29453435463074","99.29453435463074","valid","sr"
"open_vins_mono","aqualoc","aqualoc__harbor","harbor_sequence_3","run1","98.91356056009279","98.91356056009279","98.91356056009279","98.91356056009279","valid","sr"
"open_vins_mono","aqualoc","aqualoc__harbor","harbor_sequence_3","run2","98.91356056009279","98.91356056009279","98.91356056009279","98.91356056009279","valid","sr"
"open_vins_mono","aqualoc","aqualoc__harbor","harbor_sequence_3","run3","98.91356056009279","98.91356056009279","98.91356056009279","98.91356056009279","valid","sr"
"open_vins_mono","aqualoc","aqualoc__harbor","harbor_sequence_4","run1","98.4916116571173","98.4916116571173","98.4916116571173","98.4916116571173","valid","sr"
"open_vins_mono","aqualoc","aqualoc__harbor","harbor_sequence_4","run2","38.37441271724446","38.37441271724446","38.37441271724446","38.37441271724446","valid","sr"
"open_vins_mono","aqualoc","aqualoc__harbor","harbor_sequence_4","run3","38.0424803502255","38.0424803502255","38.0424803502255","38.0424803502255","valid","sr"
"open_vins_mono","aqualoc","aqualoc__harbor","harbor_sequence_5","run1","97.36203180508835","97.36203180508835","97.36203180508835","97.36203180508835","valid","sr"
"open_vins_mono","aqualoc","aqualoc__harbor","harbor_sequence_5","run2","97.36203180508835","97.36203180508835","97.36203180508835","97.36203180508835","valid","sr"
"open_vins_mono","aqualoc","aqualoc__harbor","harbor_sequence_5","run3","94.64916968390953","94.64916968390953","94.64916968390953","94.64916968390953","valid","sr"
"open_vins_mono","aqualoc","aqualoc__harbor","harbor_sequence_6","run1","99.03769067149523","99.03769067149523","99.03769067149523","99.03769067149523","valid","sr"
"open_vins_mono","aqualoc","aqualoc__harbor","harbor_sequence_6","run2","99.03769067149523","99.03769067149523","99.03769067149523","99.03769067149523","valid","sr"
"open_vins_mono","aqualoc","aqualoc__harbor","harbor_sequence_6","run3","99.03769067149523","99.03769067149523","99.03769067149523","99.03769067149523","valid","sr"
"open_vins_mono","aqualoc","aqualoc__harbor","harbor_sequence_7","run1","90.50436333474164","90.50436333474164","90.50436333474164","90.50436333474164","valid","sr"
"open_vins_mono","aqualoc","aqualoc__harbor","harbor_sequence_7","run2","95.32893560548173","95.32893560548173","95.32893560548173","95.32893560548173","valid","sr"
"open_vins_mono","aqualoc","aqualoc__harbor","harbor_sequence_7","run3","96.46754628655053","96.46754628655053","96.46754628655053","96.46754628655053","valid","sr"
"orb_slam3_mono","aqualoc","aqualoc__harbor","harbor_sequence_1","run1","96.9941232519122","96.9941232519122","96.9941232519122","96.9941232519122","valid","sr"
"orb_slam3_mono","aqualoc","aqualoc__harbor","harbor_sequence_1","run2","97.31332808158182","97.31332808158182","97.31332808158182","97.31332808158182","valid","sr"
"orb_slam3_mono","aqualoc","aqualoc__harbor","harbor_sequence_1","run3","96.63241372081247","96.63241372081247","96.63241372081247","96.63241372081247","valid","sr"
"orb_slam3_mono","aqualoc","aqualoc__harbor","harbor_sequence_2","run1","27.896079383259583","27.896079383259583","27.896079383259583","27.896079383259583","valid","sr"
"orb_slam3_mono","aqualoc","aqualoc__harbor","harbor_sequence_2","run2","25.160838769210237","25.160838769210237","25.160838769210237","25.160838769210237","valid","sr"
"orb_slam3_mono","aqualoc","aqualoc__harbor","harbor_sequence_2","run3","24.062686303239808","24.062686303239808","24.062686303239808","24.062686303239808","valid","sr"
"orb_slam3_mono","aqualoc","aqualoc__harbor","harbor_sequence_3","run1","11.475506005299962","11.475506005299962","11.475506005299962","11.475506005299962","valid","sr"
"orb_slam3_mono","aqualoc","aqualoc__harbor","harbor_sequence_3","run2","8.996389570069743","8.996389570069743","8.996389570069743","8.996389570069743","valid","sr"
"orb_slam3_mono","aqualoc","aqualoc__harbor","harbor_sequence_3","run3","26.79002082402908","26.79002082402908","26.79002082402908","26.79002082402908","valid","sr"
"orb_slam3_mono","aqualoc","aqualoc__harbor","harbor_sequence_4","run1","26.788817200921898","26.788817200921898","26.788817200921898","26.788817200921898","valid","sr"
"orb_slam3_mono","aqualoc","aqualoc__harbor","harbor_sequence_4","run2","25.84659242591341","25.84659242591341","25.84659242591341","25.84659242591341","valid","sr"
"orb_slam3_mono","aqualoc","aqualoc__harbor","harbor_sequence_4","run3","19.97839055858841","19.97839055858841","19.97839055858841","19.97839055858841","valid","sr"
"orb_slam3_mono","aqualoc","aqualoc__harbor","harbor_sequence_5","run1","7.607444932756549","7.607444932756549","7.607444932756549","7.607444932756549","valid","sr"
"orb_slam3_mono","aqualoc","aqualoc__harbor","harbor_sequence_5","run2","22.778354423975017","22.778354423975017","22.778354423975017","22.778354423975017","valid","sr"
"orb_slam3_mono","aqualoc","aqualoc__harbor","harbor_sequence_5","run3","40.94522101521864","40.94522101521864","40.94522101521864","40.94522101521864","valid","sr"
"orb_slam3_mono","aqualoc","aqualoc__harbor","harbor_sequence_6","run1","37.112129678906925","37.112129678906925","37.112129678906925","37.112129678906925","valid","sr"
"orb_slam3_mono","aqualoc","aqualoc__harbor","harbor_sequence_6","run2","24.763756675303146","24.763756675303146","24.763756675303146","24.763756675303146","valid","sr"
"orb_slam3_mono","aqualoc","aqualoc__harbor","harbor_sequence_6","run3","12.300270584759938","12.300270584759938","12.300270584759938","12.300270584759938","valid","sr"
"orb_slam3_mono","aqualoc","aqualoc__harbor","harbor_sequence_7","run1","27.839689433906546","27.839689433906546","27.839689433906546","27.839689433906546","valid","sr"
"orb_slam3_mono","aqualoc","aqualoc__harbor","harbor_sequence_7","run2","7.791026718462921","7.791026718462921","7.791026718462921","7.791026718462921","valid","sr"
"orb_slam3_mono","aqualoc","aqualoc__harbor","harbor_sequence_7","run3","7.529143268693511","7.529143268693511","7.529143268693511","7.529143268693511","valid","sr"
"rovio","aqualoc","aqualoc__harbor","harbor_sequence_1","run1","99.89751220971783","99.89751220971783","99.89751220971783","99.89751220971783","valid","sr"
"rovio","aqualoc","aqualoc__harbor","harbor_sequence_1","run2","99.89751220971783","99.89751220971783","99.89751220971783","99.89751220971783","valid","sr"
"rovio","aqualoc","aqualoc__harbor","harbor_sequence_1","run3","99.89751220971783","99.89751220971783","99.89751220971783","99.89751220971783","valid","sr"
"rovio","aqualoc","aqualoc__harbor","harbor_sequence_2","run1","99.97997121166925","99.97997121166925","99.97997121166925","99.97997121166925","valid","sr"
"rovio","aqualoc","aqualoc__harbor","harbor_sequence_2","run2","99.97997121166925","99.97997121166925","99.97997121166925","99.97997121166925","valid","sr"
"rovio","aqualoc","aqualoc__harbor","harbor_sequence_2","run3","99.97997121166925","99.97997121166925","99.97997121166925","99.97997121166925","valid","sr"
"rovio","aqualoc","aqualoc__harbor","harbor_sequence_3","run1","99.93308815689437","99.93308815689437","99.93308815689437","99.93308815689437","valid","sr"
"rovio","aqualoc","aqualoc__harbor","harbor_sequence_3","run2","99.93308815689437","99.93308815689437","99.93308815689437","99.93308815689437","valid","sr"
"rovio","aqualoc","aqualoc__harbor","harbor_sequence_3","run3","99.93308815689437","99.93308815689437","99.93308815689437","99.93308815689437","valid","sr"
"rovio","aqualoc","aqualoc__harbor","harbor_sequence_4","run1","97.29876498671537","97.29876498671537","97.29876498671537","97.29876498671537","valid","sr"
"rovio","aqualoc","aqualoc__harbor","harbor_sequence_4","run2","97.29876498671537","97.29876498671537","97.29876498671537","97.29876498671537","valid","sr"
"rovio","aqualoc","aqualoc__harbor","harbor_sequence_4","run3","97.29876498671537","97.29876498671537","97.29876498671537","97.29876498671537","valid","sr"
"rovio","aqualoc","aqualoc__harbor","harbor_sequence_5","run1","99.8796735852434","99.8796735852434","99.8796735852434","99.8796735852434","valid","sr"
"rovio","aqualoc","aqualoc__harbor","harbor_sequence_5","run2","99.8796735852434","99.8796735852434","99.8796735852434","99.8796735852434","valid","sr"
"rovio","aqualoc","aqualoc__harbor","harbor_sequence_5","run3","99.8796735852434","99.8796735852434","99.8796735852434","99.8796735852434","valid","sr"
"rovio","aqualoc","aqualoc__harbor","harbor_sequence_6","run1","99.90409199947797","99.90409199947797","99.90409199947797","99.90409199947797","valid","sr"
"rovio","aqualoc","aqualoc__harbor","harbor_sequence_6","run2","99.90409199947797","99.90409199947797","99.90409199947797","99.90409199947797","valid","sr"
"rovio","aqualoc","aqualoc__harbor","harbor_sequence_6","run3","99.90409199947797","99.90409199947797","99.90409199947797","99.90409199947797","valid","sr"
"rovio","aqualoc","aqualoc__harbor","harbor_sequence_7","run1","99.74305259094429","99.74305259094429","99.74305259094429","99.74305259094429","valid","sr"
"rovio","aqualoc","aqualoc__harbor","harbor_sequence_7","run2","99.74305259094429","99.74305259094429","99.74305259094429","99.74305259094429","valid","sr"
"rovio","aqualoc","aqualoc__harbor","harbor_sequence_7","run3","99.74305259094429","99.74305259094429","99.74305259094429","99.74305259094429","valid","sr"
"sqrtvins_mono","aqualoc","aqualoc__harbor","harbor_sequence_1","run1","99.58503844682579","99.58503844682579","99.58503844682579","99.58503844682579","valid","sr"
"sqrtvins_mono","aqualoc","aqualoc__harbor","harbor_sequence_1","run2","99.58503844682579","99.58503844682579","99.58503844682579","99.58503844682579","valid","sr"
"sqrtvins_mono","aqualoc","aqualoc__harbor","harbor_sequence_1","run3","99.58503844682579","99.58503844682579","99.58503844682579","99.58503844682579","valid","sr"
"sqrtvins_mono","aqualoc","aqualoc__harbor","harbor_sequence_2","run1","99.90826819037551","99.90826819037551","99.90826819037551","99.90826819037551","valid","sr"
"sqrtvins_mono","aqualoc","aqualoc__harbor","harbor_sequence_2","run2","99.90826819037551","99.90826819037551","99.90826819037551","99.90826819037551","valid","sr"
"sqrtvins_mono","aqualoc","aqualoc__harbor","harbor_sequence_2","run3","99.90826819037551","99.90826819037551","99.90826819037551","99.90826819037551","valid","sr"
"sqrtvins_mono","aqualoc","aqualoc__harbor","harbor_sequence_3","run1","98.8104709520001","98.8104709520001","98.8104709520001","98.8104709520001","valid","sr"
"sqrtvins_mono","aqualoc","aqualoc__harbor","harbor_sequence_3","run2","98.8104709520001","98.8104709520001","98.8104709520001","98.8104709520001","valid","sr"
"sqrtvins_mono","aqualoc","aqualoc__harbor","harbor_sequence_3","run3","98.68818068687006","98.68818068687006","98.68818068687006","98.68818068687006","valid","sr"
"sqrtvins_mono","aqualoc","aqualoc__harbor","harbor_sequence_4","run1","97.84227997474039","97.84227997474039","97.84227997474039","97.84227997474039","valid","sr"
"sqrtvins_mono","aqualoc","aqualoc__harbor","harbor_sequence_4","run2","97.84227997474039","97.84227997474039","97.84227997474039","97.84227997474039","valid","sr"
"sqrtvins_mono","aqualoc","aqualoc__harbor","harbor_sequence_4","run3","97.84227997474039","97.84227997474039","97.84227997474039","97.84227997474039","valid","sr"
"sqrtvins_mono","aqualoc","aqualoc__harbor","harbor_sequence_5","run1","98.86528455412673","98.86528455412673","98.86528455412673","98.86528455412673","valid","sr"
"sqrtvins_mono","aqualoc","aqualoc__harbor","harbor_sequence_5","run2","98.86528455412673","98.86528455412673","98.86528455412673","98.86528455412673","valid","sr"
"sqrtvins_mono","aqualoc","aqualoc__harbor","harbor_sequence_5","run3","98.86528455412673","98.86528455412673","98.86528455412673","98.86528455412673","valid","sr"
"sqrtvins_mono","aqualoc","aqualoc__harbor","harbor_sequence_6","run1","99.58444581467752","99.58444581467752","99.58444581467752","99.58444581467752","valid","sr"
"sqrtvins_mono","aqualoc","aqualoc__harbor","harbor_sequence_6","run2","99.58444581467752","99.58444581467752","99.58444581467752","99.58444581467752","valid","sr"
"sqrtvins_mono","aqualoc","aqualoc__harbor","harbor_sequence_6","run3","99.58444581467752","99.58444581467752","99.58444581467752","99.58444581467752","valid","sr"
"sqrtvins_mono","aqualoc","aqualoc__harbor","harbor_sequence_7","run1","98.97237480457993","98.97237480457993","98.97237480457993","98.97237480457993","valid","sr"
"sqrtvins_mono","aqualoc","aqualoc__harbor","harbor_sequence_7","run2","98.97237480457993","98.97237480457993","98.97237480457993","98.97237480457993","valid","sr"
"sqrtvins_mono","aqualoc","aqualoc__harbor","harbor_sequence_7","run3","98.7224025301888","98.7224025301888","98.7224025301888","98.7224025301888","valid","sr"
"svo_mono","aqualoc","aqualoc__harbor","harbor_sequence_1","run1","99.2360284542836","99.2360284542836","99.2360284542836","99.2360284542836","valid","sr"
"svo_mono","aqualoc","aqualoc__harbor","harbor_sequence_1","run2","99.2360284542836","99.2360284542836","99.2360284542836","99.2360284542836","valid","sr"
"svo_mono","aqualoc","aqualoc__harbor","harbor_sequence_1","run3","99.2360284542836","99.2360284542836","99.2360284542836","99.2360284542836","valid","sr"
"svo_mono","aqualoc","aqualoc__harbor","harbor_sequence_2","run1","99.94818625176374","99.94818625176374","99.94818625176374","99.94818625176374","valid","sr"
"svo_mono","aqualoc","aqualoc__harbor","harbor_sequence_2","run2","99.49743871931918","99.49743871931918","99.49743871931918","99.49743871931918","valid","sr"
"svo_mono","aqualoc","aqualoc__harbor","harbor_sequence_2","run3","99.82955854108617","99.82955854108617","99.82955854108617","99.82955854108617","valid","sr"
"svo_mono","aqualoc","aqualoc__harbor","harbor_sequence_3","run1","97.21887790967504","97.21887790967504","97.21887790967504","97.21887790967504","valid","sr"
"svo_mono","aqualoc","aqualoc__harbor","harbor_sequence_3","run2","99.29245033566178","99.29245033566178","99.29245033566178","99.29245033566178","valid","sr"
"svo_mono","aqualoc","aqualoc__harbor","harbor_sequence_3","run3","97.16559947900905","97.16559947900905","97.16559947900905","97.16559947900905","valid","sr"
"svo_mono","aqualoc","aqualoc__harbor","harbor_sequence_4","run1","99.32045828662739","99.32045828662739","99.32045828662739","99.32045828662739","valid","sr"
"svo_mono","aqualoc","aqualoc__harbor","harbor_sequence_4","run2","98.50050493623431","98.50050493623431","98.50050493623431","98.50050493623431","valid","sr"
"svo_mono","aqualoc","aqualoc__harbor","harbor_sequence_4","run3","98.26378774996837","98.26378774996837","98.26378774996837","98.26378774996837","valid","sr"
"svo_mono","aqualoc","aqualoc__harbor","harbor_sequence_5","run1","99.73801595135444","99.73801595135444","99.73801595135444","99.73801595135444","valid","sr"
"svo_mono","aqualoc","aqualoc__harbor","harbor_sequence_5","run2","99.73801595135444","99.73801595135444","99.73801595135444","99.73801595135444","valid","sr"
"svo_mono","aqualoc","aqualoc__harbor","harbor_sequence_5","run3","99.73801595135444","99.73801595135444","99.73801595135444","99.73801595135444","valid","sr"
"svo_mono","aqualoc","aqualoc__harbor","harbor_sequence_6","run1","93.45776239083652","93.45776239083652","93.45776239083652","93.45776239083652","valid","sr"
"svo_mono","aqualoc","aqualoc__harbor","harbor_sequence_6","run2","93.34191903216154","93.34191903216154","93.34191903216154","93.34191903216154","valid","sr"
"svo_mono","aqualoc","aqualoc__harbor","harbor_sequence_6","run3","93.45776239083652","93.45776239083652","93.45776239083652","93.45776239083652","valid","sr"
"svo_mono","aqualoc","aqualoc__harbor","harbor_sequence_7","run1","99.38817604646239","99.38817604646239","99.38817604646239","99.38817604646239","valid","sr"
"svo_mono","aqualoc","aqualoc__harbor","harbor_sequence_7","run2","98.88026058334309","98.88026058334309","98.88026058334309","98.88026058334309","valid","sr"
"svo_mono","aqualoc","aqualoc__harbor","harbor_sequence_7","run3","99.38817604646239","99.38817604646239","99.38817604646239","99.38817604646239","valid","sr"
"vins-fusion_monoimu","aqualoc","aqualoc__harbor","harbor_sequence_1","run1","62.31931727872146","62.31931727872146","62.31931727872146","62.31931727872146","valid","sr"
"vins-fusion_monoimu","aqualoc","aqualoc__harbor","harbor_sequence_1","run2","51.20855894166443","51.20855894166443","51.20855894166443","51.20855894166443","valid","sr"
"vins-fusion_monoimu","aqualoc","aqualoc__harbor","harbor_sequence_1","run3","53.80784677485334","53.80784677485334","53.80784677485334","53.80784677485334","valid","sr"
"vins-fusion_monoimu","aqualoc","aqualoc__harbor","harbor_sequence_2","run1","0","0.0","0","0.0","valid","sr"
"vins-fusion_monoimu","aqualoc","aqualoc__harbor","harbor_sequence_2","run2","0","0.0","0","0.0","valid","sr"
"vins-fusion_monoimu","aqualoc","aqualoc__harbor","harbor_sequence_2","run3","0","0.0","0","0.0","valid","sr"
"vins-fusion_monoimu","aqualoc","aqualoc__harbor","harbor_sequence_3","run1","98.44400811604935","98.44400811604935","98.44400811604935","98.44400811604935","valid","sr"
"vins-fusion_monoimu","aqualoc","aqualoc__harbor","harbor_sequence_3","run2","98.51473470188014","98.51473470188014","98.51473470188014","98.51473470188014","valid","sr"
"vins-fusion_monoimu","aqualoc","aqualoc__harbor","harbor_sequence_3","run3","98.51473470188014","98.51473470188014","98.51473470188014","98.51473470188014","valid","sr"
"vins-fusion_monoimu","aqualoc","aqualoc__harbor","harbor_sequence_4","run1","3.290996311995749","3.290996311995749","3.290996311995749","3.290996311995749","valid","sr"
"vins-fusion_monoimu","aqualoc","aqualoc__harbor","harbor_sequence_4","run2","3.7749079513159707","3.7749079513159707","3.7749079513159707","3.7749079513159707","valid","sr"
"vins-fusion_monoimu","aqualoc","aqualoc__harbor","harbor_sequence_4","run3","3.290996311995749","3.290996311995749","3.290996311995749","3.290996311995749","valid","sr"
"vins-fusion_monoimu","aqualoc","aqualoc__harbor","harbor_sequence_5","run1","99.46163516432532","99.46163516432532","99.46163516432532","99.46163516432532","valid","sr"
"vins-fusion_monoimu","aqualoc","aqualoc__harbor","harbor_sequence_5","run2","99.46163516432532","99.46163516432532","99.46163516432532","99.46163516432532","valid","sr"
"vins-fusion_monoimu","aqualoc","aqualoc__harbor","harbor_sequence_5","run3","99.58487244529643","99.58487244529643","99.58487244529643","99.58487244529643","valid","sr"
"vins-fusion_monoimu","aqualoc","aqualoc__harbor","harbor_sequence_6","run1","98.57350916456569","98.57350916456569","98.57350916456569","98.57350916456569","valid","sr"
"vins-fusion_monoimu","aqualoc","aqualoc__harbor","harbor_sequence_6","run2","98.57350916456569","98.57350916456569","98.57350916456569","98.57350916456569","valid","sr"
"vins-fusion_monoimu","aqualoc","aqualoc__harbor","harbor_sequence_6","run3","98.57350916456569","98.57350916456569","98.57350916456569","98.57350916456569","valid","sr"
"vins-fusion_monoimu","aqualoc","aqualoc__harbor","harbor_sequence_7","run1","0","0.0","0","0.0","valid","sr"
"vins-fusion_monoimu","aqualoc","aqualoc__harbor","harbor_sequence_7","run2","26.473426345652946","26.473426345652946","26.473426345652946","26.473426345652946","valid","sr"
"vins-fusion_monoimu","aqualoc","aqualoc__harbor","harbor_sequence_7","run3","76.60291409691472","76.60291409691472","76.60291409691472","76.60291409691472","valid","sr"
"airslam","euroc","euroc_mav__vicon_room","V1_01_easy","run1","95.37698616389369","95.37698616389369","95.37698616389369","95.37698616389369","valid","sr"
"airslam","euroc","euroc_mav__vicon_room","V1_01_easy","run2","95.11089767618574","95.11089767618574","95.11089767618574","95.11089767618574","valid","sr"
"airslam","euroc","euroc_mav__vicon_room","V1_01_easy","run3","95.11089767618574","95.11089767618574","95.11089767618574","95.11089767618574","valid","sr"
"airslam","euroc","euroc_mav__vicon_room","V1_02_medium","run1","93.2096329495004","93.2096329495004","93.2096329495004","93.2096329495004","valid","sr"
"airslam","euroc","euroc_mav__vicon_room","V1_02_medium","run2","98.92251944905627","98.92251944905627","98.92251944905627","98.92251944905627","valid","sr"
"airslam","euroc","euroc_mav__vicon_room","V1_02_medium","run3","98.92251944905627","98.92251944905627","98.92251944905627","98.92251944905627","valid","sr"
"airslam","euroc","euroc_mav__vicon_room","V1_03_difficult","run1","97.77368224167473","97.77368224167473","97.77368224167473","97.77368224167473","valid","sr"
"airslam","euroc","euroc_mav__vicon_room","V1_03_difficult","run2","97.88139246701874","97.88139246701874","97.88139246701874","97.88139246701874","valid","sr"
"airslam","euroc","euroc_mav__vicon_room","V1_03_difficult","run3","97.88139246701874","97.88139246701874","97.88139246701874","97.88139246701874","valid","sr"
"airslam","euroc","euroc_mav__vicon_room","V2_01_easy","run1","81.9118477023682","81.9118477023682","81.9118477023682","81.9118477023682","valid","sr"
"airslam","euroc","euroc_mav__vicon_room","V2_01_easy","run2","82.55321951735228","82.55321951735228","82.55321951735228","82.55321951735228","valid","sr"
"airslam","euroc","euroc_mav__vicon_room","V2_01_easy","run3","82.56385391468227","82.56385391468227","82.56385391468227","82.56385391468227","valid","sr"
"airslam","euroc","euroc_mav__vicon_room","V2_02_medium","run1","96.83251529195387","96.83251529195387","96.83251529195387","96.83251529195387","valid","sr"
"airslam","euroc","euroc_mav__vicon_room","V2_02_medium","run2","97.90746704719969","97.90746704719969","97.90746704719969","97.90746704719969","valid","sr"
"airslam","euroc","euroc_mav__vicon_room","V2_02_medium","run3","97.90746704719969","97.90746704719969","97.90746704719969","97.90746704719969","valid","sr"
"airslam","euroc","euroc_mav__vicon_room","V2_03_difficult","run1","89.80643620720036","89.80643620720036","89.80643620720036","89.80643620720036","valid","sr"
"airslam","euroc","euroc_mav__vicon_room","V2_03_difficult","run2","91.03759645545172","91.03759645545172","91.03759645545172","91.03759645545172","valid","sr"
"airslam","euroc","euroc_mav__vicon_room","V2_03_difficult","run3","91.03759645545172","91.03759645545172","91.03759645545172","91.03759645545172","valid","sr"
"basalt_stereo","euroc","euroc_mav__vicon_room","V1_01_easy","run1","99.9997453084256","99.9997453084256","99.9997453084256","99.9997453084256","valid","sr"
"basalt_stereo","euroc","euroc_mav__vicon_room","V1_01_easy","run2","99.9997453084256","99.9997453084256","99.9997453084256","99.9997453084256","valid","sr"
"basalt_stereo","euroc","euroc_mav__vicon_room","V1_01_easy","run3","99.9997453084256","99.9997453084256","99.9997453084256","99.9997453084256","valid","sr"
"basalt_stereo","euroc","euroc_mav__vicon_room","V1_02_medium","run1","100","100.0","100","100.0","valid","sr"
"basalt_stereo","euroc","euroc_mav__vicon_room","V1_02_medium","run2","100","100.0","100","100.0","valid","sr"
"basalt_stereo","euroc","euroc_mav__vicon_room","V1_02_medium","run3","100","100.0","100","100.0","valid","sr"
"basalt_stereo","euroc","euroc_mav__vicon_room","V1_03_difficult","run1","100","100.0","100","100.0","valid","sr"
"basalt_stereo","euroc","euroc_mav__vicon_room","V1_03_difficult","run2","100","100.0","100","100.0","valid","sr"
"basalt_stereo","euroc","euroc_mav__vicon_room","V1_03_difficult","run3","100","100.0","100","100.0","valid","sr"
"basalt_stereo","euroc","euroc_mav__vicon_room","V2_01_easy","run1","100","100.0","100","100.0","valid","sr"
"basalt_stereo","euroc","euroc_mav__vicon_room","V2_01_easy","run2","100","100.0","100","100.0","valid","sr"
"basalt_stereo","euroc","euroc_mav__vicon_room","V2_01_easy","run3","100","100.0","100","100.0","valid","sr"
"basalt_stereo","euroc","euroc_mav__vicon_room","V2_02_medium","run1","100","100.0","100","100.0","valid","sr"
"basalt_stereo","euroc","euroc_mav__vicon_room","V2_02_medium","run2","100","100.0","100","100.0","valid","sr"
"basalt_stereo","euroc","euroc_mav__vicon_room","V2_02_medium","run3","100","100.0","100","100.0","valid","sr"
"basalt_stereo","euroc","euroc_mav__vicon_room","V2_03_difficult","run1","99.74704171464288","99.74704171464288","99.74704171464288","99.74704171464288","valid","sr"
"basalt_stereo","euroc","euroc_mav__vicon_room","V2_03_difficult","run2","99.74704171464288","99.74704171464288","99.74704171464288","99.74704171464288","valid","sr"
"basalt_stereo","euroc","euroc_mav__vicon_room","V2_03_difficult","run3","99.74704171464288","99.74704171464288","99.74704171464288","99.74704171464288","valid","sr"
"dm_vio","euroc","euroc_mav__vicon_room","V1_01_easy","run1","99.70052773257507","99.70052773257507","99.70052773257507","99.70052773257507","valid","sr"
"dm_vio","euroc","euroc_mav__vicon_room","V1_01_easy","run2","99.70052773257507","99.70052773257507","99.70052773257507","99.70052773257507","valid","sr"
"dm_vio","euroc","euroc_mav__vicon_room","V1_01_easy","run3","99.70052773257507","99.70052773257507","99.70052773257507","99.70052773257507","valid","sr"
"dm_vio","euroc","euroc_mav__vicon_room","V1_02_medium","run1","76.10014268876549","76.10014268876549","76.10014268876549","76.10014268876549","valid","sr"
"dm_vio","euroc","euroc_mav__vicon_room","V1_02_medium","run2","21.690681801336062","21.690681801336062","21.690681801336062","21.690681801336062","valid","sr"
"dm_vio","euroc","euroc_mav__vicon_room","V1_02_medium","run3","43.53990260274287","43.53990260274287","43.53990260274287","43.53990260274287","valid","sr"
"dm_vio","euroc","euroc_mav__vicon_room","V1_03_difficult","run1","36.12882762912623","36.12882762912623","36.12882762912623","36.12882762912623","valid","sr"
"dm_vio","euroc","euroc_mav__vicon_room","V1_03_difficult","run2","29.00803203191873","29.00803203191873","29.00803203191873","29.00803203191873","valid","sr"
"dm_vio","euroc","euroc_mav__vicon_room","V1_03_difficult","run3","44.319854121839136","44.319854121839136","44.319854121839136","44.319854121839136","valid","sr"
"dm_vio","euroc","euroc_mav__vicon_room","V2_01_easy","run1","98.6248959536852","98.6248959536852","98.6248959536852","98.6248959536852","valid","sr"
"dm_vio","euroc","euroc_mav__vicon_room","V2_01_easy","run2","98.56174773351566","98.56174773351566","98.56174773351566","98.56174773351566","valid","sr"
"dm_vio","euroc","euroc_mav__vicon_room","V2_01_easy","run3","98.60246333117246","98.60246333117246","98.60246333117246","98.60246333117246","valid","sr"
"dm_vio","euroc","euroc_mav__vicon_room","V2_02_medium","run1","99.97894227539015","99.97894227539015","99.97894227539015","99.97894227539015","valid","sr"
"dm_vio","euroc","euroc_mav__vicon_room","V2_02_medium","run2","99.97894227539015","99.97894227539015","99.97894227539015","99.97894227539015","valid","sr"
"dm_vio","euroc","euroc_mav__vicon_room","V2_02_medium","run3","99.93486198312995","99.93486198312995","99.93486198312995","99.93486198312995","valid","sr"
"dm_vio","euroc","euroc_mav__vicon_room","V2_03_difficult","run1","78.52358756870417","78.52358756870417","78.52358756870417","78.52358756870417","valid","sr"
"dm_vio","euroc","euroc_mav__vicon_room","V2_03_difficult","run2","95.6176567170556","95.6176567170556","95.6176567170556","95.6176567170556","valid","sr"
"dm_vio","euroc","euroc_mav__vicon_room","V2_03_difficult","run3","88.95074305340522","88.95074305340522","88.95074305340522","88.95074305340522","valid","sr"
"kimera_vio_mono","euroc","euroc_mav__vicon_room","V1_01_easy","run1","95.24014450360966","95.24014450360966","95.24014450360966","95.24014450360966","valid","sr"
"kimera_vio_mono","euroc","euroc_mav__vicon_room","V1_01_easy","run2","95.24014450360966","95.24014450360966","95.24014450360966","95.24014450360966","valid","sr"
"kimera_vio_mono","euroc","euroc_mav__vicon_room","V1_01_easy","run3","99.75376525682267","99.75376525682267","99.75376525682267","99.75376525682267","valid","sr"
"kimera_vio_mono","euroc","euroc_mav__vicon_room","V1_02_medium","run1","99.71640589261213","99.71640589261213","99.71640589261213","99.71640589261213","valid","sr"
"kimera_vio_mono","euroc","euroc_mav__vicon_room","V1_02_medium","run2","99.71640589261213","99.71640589261213","99.71640589261213","99.71640589261213","valid","sr"
"kimera_vio_mono","euroc","euroc_mav__vicon_room","V1_02_medium","run3","99.71640589261213","99.71640589261213","99.71640589261213","99.71640589261213","valid","sr"
"kimera_vio_mono","euroc","euroc_mav__vicon_room","V1_03_difficult","run1","99.30497843911523","99.30497843911523","99.30497843911523","99.30497843911523","valid","sr"
"kimera_vio_mono","euroc","euroc_mav__vicon_room","V1_03_difficult","run2","99.30497843911523","99.30497843911523","99.30497843911523","99.30497843911523","valid","sr"
"kimera_vio_mono","euroc","euroc_mav__vicon_room","V1_03_difficult","run3","99.30497843911523","99.30497843911523","99.30497843911523","99.30497843911523","valid","sr"
"kimera_vio_mono","euroc","euroc_mav__vicon_room","V2_01_easy","run1","94.8332271455658","94.8332271455658","94.8332271455658","94.8332271455658","valid","sr"
"kimera_vio_mono","euroc","euroc_mav__vicon_room","V2_01_easy","run2","94.8332271455658","94.8332271455658","94.8332271455658","94.8332271455658","valid","sr"
"kimera_vio_mono","euroc","euroc_mav__vicon_room","V2_01_easy","run3","98.52452149493172","98.52452149493172","98.52452149493172","98.52452149493172","valid","sr"
"kimera_vio_mono","euroc","euroc_mav__vicon_room","V2_02_medium","run1","99.37656622071074","99.37656622071074","99.37656622071074","99.37656622071074","valid","sr"
"kimera_vio_mono","euroc","euroc_mav__vicon_room","V2_02_medium","run2","99.37656622071074","99.37656622071074","99.37656622071074","99.37656622071074","valid","sr"
"kimera_vio_mono","euroc","euroc_mav__vicon_room","V2_02_medium","run3","99.37656622071074","99.37656622071074","99.37656622071074","99.37656622071074","valid","sr"
"kimera_vio_mono","euroc","euroc_mav__vicon_room","V2_03_difficult","run1","99.42742177661438","99.42742177661438","99.42742177661438","99.42742177661438","valid","sr"
"kimera_vio_mono","euroc","euroc_mav__vicon_room","V2_03_difficult","run2","99.42742177661438","99.42742177661438","99.42742177661438","99.42742177661438","valid","sr"
"kimera_vio_mono","euroc","euroc_mav__vicon_room","V2_03_difficult","run3","99.42742177661438","99.42742177661438","99.42742177661438","99.42742177661438","valid","sr"
"kimera_vio_stereo","euroc","euroc_mav__vicon_room","V1_01_easy","run1","99.73834039705747","99.73834039705747","99.73834039705747","99.73834039705747","valid","sr"
"kimera_vio_stereo","euroc","euroc_mav__vicon_room","V1_01_easy","run2","99.73834039705747","99.73834039705747","99.73834039705747","99.73834039705747","valid","sr"
"kimera_vio_stereo","euroc","euroc_mav__vicon_room","V1_01_easy","run3","99.73834039705747","99.73834039705747","99.73834039705747","99.73834039705747","valid","sr"
"kimera_vio_stereo","euroc","euroc_mav__vicon_room","V1_02_medium","run1","99.677773756217","99.677773756217","99.677773756217","99.677773756217","valid","sr"
"kimera_vio_stereo","euroc","euroc_mav__vicon_room","V1_02_medium","run2","99.677773756217","99.677773756217","99.677773756217","99.677773756217","valid","sr"
"kimera_vio_stereo","euroc","euroc_mav__vicon_room","V1_02_medium","run3","99.677773756217","99.677773756217","99.677773756217","99.677773756217","valid","sr"
"kimera_vio_stereo","euroc","euroc_mav__vicon_room","V1_03_difficult","run1","99.42328347492096","99.42328347492096","99.42328347492096","99.42328347492096","valid","sr"
"kimera_vio_stereo","euroc","euroc_mav__vicon_room","V1_03_difficult","run2","99.42328347492096","99.42328347492096","99.42328347492096","99.42328347492096","valid","sr"
"kimera_vio_stereo","euroc","euroc_mav__vicon_room","V1_03_difficult","run3","99.42328347492096","99.42328347492096","99.42328347492096","99.42328347492096","valid","sr"
"kimera_vio_stereo","euroc","euroc_mav__vicon_room","V2_01_easy","run1","99.28502337138745","99.28502337138745","99.28502337138745","99.28502337138745","valid","sr"
"kimera_vio_stereo","euroc","euroc_mav__vicon_room","V2_01_easy","run2","99.28502337138745","99.28502337138745","99.28502337138745","99.28502337138745","valid","sr"
"kimera_vio_stereo","euroc","euroc_mav__vicon_room","V2_01_easy","run3","99.28502337138745","99.28502337138745","99.28502337138745","99.28502337138745","valid","sr"
"kimera_vio_stereo","euroc","euroc_mav__vicon_room","V2_02_medium","run1","99.38939284673062","99.38939284673062","99.38939284673062","99.38939284673062","valid","sr"
"kimera_vio_stereo","euroc","euroc_mav__vicon_room","V2_02_medium","run2","99.38939284673062","99.38939284673062","99.38939284673062","99.38939284673062","valid","sr"
"kimera_vio_stereo","euroc","euroc_mav__vicon_room","V2_02_medium","run3","99.38939284673062","99.38939284673062","99.38939284673062","99.38939284673062","valid","sr"
"kimera_vio_stereo","euroc","euroc_mav__vicon_room","V2_03_difficult","run1","99.40888521488776","99.40888521488776","99.40888521488776","99.40888521488776","valid","sr"
"kimera_vio_stereo","euroc","euroc_mav__vicon_room","V2_03_difficult","run2","99.40888521488776","99.40888521488776","99.40888521488776","99.40888521488776","valid","sr"
"kimera_vio_stereo","euroc","euroc_mav__vicon_room","V2_03_difficult","run3","99.40888521488776","99.40888521488776","99.40888521488776","99.40888521488776","valid","sr"
"okvis2x_mono","euroc","euroc_mav__vicon_room","V1_01_easy","run1","99.9997453084256","99.9997453084256","99.9997453084256","99.9997453084256","valid","sr"
"okvis2x_mono","euroc","euroc_mav__vicon_room","V1_01_easy","run2","99.9997453084256","99.9997453084256","99.9997453084256","99.9997453084256","valid","sr"
"okvis2x_mono","euroc","euroc_mav__vicon_room","V1_01_easy","run3","99.99374773329917","99.99374773329917","99.99374773329917","99.99374773329917","valid","sr"
"okvis2x_mono","euroc","euroc_mav__vicon_room","V1_02_medium","run1","100","100.0","100","100.0","valid","sr"
"okvis2x_mono","euroc","euroc_mav__vicon_room","V1_02_medium","run2","100","100.0","100","100.0","valid","sr"
"okvis2x_mono","euroc","euroc_mav__vicon_room","V1_02_medium","run3","99.99715322743644","99.99715322743644","99.99715322743644","99.99715322743644","valid","sr"
"okvis2x_mono","euroc","euroc_mav__vicon_room","V1_03_difficult","run1","100","100.0","100","100.0","valid","sr"
"okvis2x_mono","euroc","euroc_mav__vicon_room","V1_03_difficult","run2","100","100.0","100","100.0","valid","sr"
"okvis2x_mono","euroc","euroc_mav__vicon_room","V1_03_difficult","run3","100","100.0","100","100.0","valid","sr"
"okvis2x_mono","euroc","euroc_mav__vicon_room","V2_01_easy","run1","98.36155246183516","98.36155246183516","98.36155246183516","98.36155246183516","valid","sr"
"okvis2x_mono","euroc","euroc_mav__vicon_room","V2_01_easy","run2","98.73315223836092","98.73315223836092","98.73315223836092","98.73315223836092","valid","sr"
"okvis2x_mono","euroc","euroc_mav__vicon_room","V2_01_easy","run3","99.99006690588008","99.99006690588008","99.99006690588008","99.99006690588008","valid","sr"
"okvis2x_mono","euroc","euroc_mav__vicon_room","V2_02_medium","run1","100","100.0","100","100.0","valid","sr"
"okvis2x_mono","euroc","euroc_mav__vicon_room","V2_02_medium","run2","100","100.0","100","100.0","valid","sr"
"okvis2x_mono","euroc","euroc_mav__vicon_room","V2_02_medium","run3","99.9964041033336","99.9964041033336","99.9964041033336","99.9964041033336","valid","sr"
"okvis2x_mono","euroc","euroc_mav__vicon_room","V2_03_difficult","run1","100","100.0","100","100.0","valid","sr"
"okvis2x_mono","euroc","euroc_mav__vicon_room","V2_03_difficult","run2","100","100.0","100","100.0","valid","sr"
"okvis2x_mono","euroc","euroc_mav__vicon_room","V2_03_difficult","run3","99.99713268146482","99.99713268146482","99.99713268146482","99.99713268146482","valid","sr"
"okvis2x_stereo","euroc","euroc_mav__vicon_room","V1_01_easy","run1","99.99668591975339","99.99668591975339","99.99668591975339","99.99668591975339","valid","sr"
"okvis2x_stereo","euroc","euroc_mav__vicon_room","V1_01_easy","run2","99.99566333155829","99.99566333155829","99.99566333155829","99.99566333155829","valid","sr"
"okvis2x_stereo","euroc","euroc_mav__vicon_room","V1_01_easy","run3","99.99668591975339","99.99668591975339","99.99668591975339","99.99668591975339","valid","sr"
"okvis2x_stereo","euroc","euroc_mav__vicon_room","V1_02_medium","run1","100","100.0","100","100.0","valid","sr"
"okvis2x_stereo","euroc","euroc_mav__vicon_room","V1_02_medium","run2","100","100.0","100","100.0","valid","sr"
"okvis2x_stereo","euroc","euroc_mav__vicon_room","V1_02_medium","run3","100","100.0","100","100.0","valid","sr"
"okvis2x_stereo","euroc","euroc_mav__vicon_room","V1_03_difficult","run1","100","100.0","100","100.0","valid","sr"
"okvis2x_stereo","euroc","euroc_mav__vicon_room","V1_03_difficult","run2","100","100.0","100","100.0","valid","sr"
"okvis2x_stereo","euroc","euroc_mav__vicon_room","V1_03_difficult","run3","100","100.0","100","100.0","valid","sr"
"okvis2x_stereo","euroc","euroc_mav__vicon_room","V2_01_easy","run1","100","100.0","100","100.0","valid","sr"
"okvis2x_stereo","euroc","euroc_mav__vicon_room","V2_01_easy","run2","100","100.0","100","100.0","valid","sr"
"okvis2x_stereo","euroc","euroc_mav__vicon_room","V2_01_easy","run3","100","100.0","100","100.0","valid","sr"
"okvis2x_stereo","euroc","euroc_mav__vicon_room","V2_02_medium","run1","100","100.0","100","100.0","valid","sr"
"okvis2x_stereo","euroc","euroc_mav__vicon_room","V2_02_medium","run2","100","100.0","100","100.0","valid","sr"
"okvis2x_stereo","euroc","euroc_mav__vicon_room","V2_02_medium","run3","100","100.0","100","100.0","valid","sr"
"okvis2x_stereo","euroc","euroc_mav__vicon_room","V2_03_difficult","run1","100","100.0","100","100.0","valid","sr"
"okvis2x_stereo","euroc","euroc_mav__vicon_room","V2_03_difficult","run2","100","100.0","100","100.0","valid","sr"
"okvis2x_stereo","euroc","euroc_mav__vicon_room","V2_03_difficult","run3","100","100.0","100","100.0","valid","sr"
"open_vins_mono","euroc","euroc_mav__vicon_room","V1_01_easy","run1","99.80503660732502","99.80503660732502","99.80503660732502","99.80503660732502","valid","sr"
"open_vins_mono","euroc","euroc_mav__vicon_room","V1_01_easy","run2","99.80503660732502","99.80503660732502","99.80503660732502","99.80503660732502","valid","sr"
"open_vins_mono","euroc","euroc_mav__vicon_room","V1_01_easy","run3","99.80503660732502","99.80503660732502","99.80503660732502","99.80503660732502","valid","sr"
"open_vins_mono","euroc","euroc_mav__vicon_room","V1_02_medium","run1","99.87888928803108","99.87888928803108","99.87888928803108","99.87888928803108","valid","sr"
"open_vins_mono","euroc","euroc_mav__vicon_room","V1_02_medium","run2","99.87888928803108","99.87888928803108","99.87888928803108","99.87888928803108","valid","sr"
"open_vins_mono","euroc","euroc_mav__vicon_room","V1_02_medium","run3","99.87888928803108","99.87888928803108","99.87888928803108","99.87888928803108","valid","sr"
"open_vins_mono","euroc","euroc_mav__vicon_room","V1_03_difficult","run1","99.91723361556592","99.91723361556592","99.91723361556592","99.91723361556592","valid","sr"
"open_vins_mono","euroc","euroc_mav__vicon_room","V1_03_difficult","run2","99.91723361556592","99.91723361556592","99.91723361556592","99.91723361556592","valid","sr"
"open_vins_mono","euroc","euroc_mav__vicon_room","V1_03_difficult","run3","99.91723361556592","99.91723361556592","99.91723361556592","99.91723361556592","valid","sr"
"open_vins_mono","euroc","euroc_mav__vicon_room","V2_01_easy","run1","99.72197726101426","99.72197726101426","99.72197726101426","99.72197726101426","valid","sr"
"open_vins_mono","euroc","euroc_mav__vicon_room","V2_01_easy","run2","99.72197726101426","99.72197726101426","99.72197726101426","99.72197726101426","valid","sr"
"open_vins_mono","euroc","euroc_mav__vicon_room","V2_01_easy","run3","99.72197726101426","99.72197726101426","99.72197726101426","99.72197726101426","valid","sr"
"open_vins_mono","euroc","euroc_mav__vicon_room","V2_02_medium","run1","99.81808625648537","99.81808625648537","99.81808625648537","99.81808625648537","valid","sr"
"open_vins_mono","euroc","euroc_mav__vicon_room","V2_02_medium","run2","99.8142288256987","99.8142288256987","99.8142288256987","99.8142288256987","valid","sr"
"open_vins_mono","euroc","euroc_mav__vicon_room","V2_02_medium","run3","99.81808625648537","99.81808625648537","99.81808625648537","99.81808625648537","valid","sr"
"open_vins_mono","euroc","euroc_mav__vicon_room","V2_03_difficult","run1","99.91586198854992","99.91586198854992","99.91586198854992","99.91586198854992","valid","sr"
"open_vins_mono","euroc","euroc_mav__vicon_room","V2_03_difficult","run2","99.91586198854992","99.91586198854992","99.91586198854992","99.91586198854992","valid","sr"
"open_vins_mono","euroc","euroc_mav__vicon_room","V2_03_difficult","run3","99.91586198854992","99.91586198854992","99.91586198854992","99.91586198854992","valid","sr"
"open_vins_stereo","euroc","euroc_mav__vicon_room","V1_01_easy","run1","99.80503660732502","99.80503660732502","99.80503660732502","99.80503660732502","valid","sr"
"open_vins_stereo","euroc","euroc_mav__vicon_room","V1_01_easy","run2","99.80503660732502","99.80503660732502","99.80503660732502","99.80503660732502","valid","sr"
"open_vins_stereo","euroc","euroc_mav__vicon_room","V1_01_easy","run3","99.80503660732502","99.80503660732502","99.80503660732502","99.80503660732502","valid","sr"
"open_vins_stereo","euroc","euroc_mav__vicon_room","V1_02_medium","run1","99.87888928803108","99.87888928803108","99.87888928803108","99.87888928803108","valid","sr"
"open_vins_stereo","euroc","euroc_mav__vicon_room","V1_02_medium","run2","99.87888928803108","99.87888928803108","99.87888928803108","99.87888928803108","valid","sr"
"open_vins_stereo","euroc","euroc_mav__vicon_room","V1_02_medium","run3","99.87888928803108","99.87888928803108","99.87888928803108","99.87888928803108","valid","sr"
"open_vins_stereo","euroc","euroc_mav__vicon_room","V1_03_difficult","run1","99.91723361556592","99.91723361556592","99.91723361556592","99.91723361556592","valid","sr"
"open_vins_stereo","euroc","euroc_mav__vicon_room","V1_03_difficult","run2","99.91723361556592","99.91723361556592","99.91723361556592","99.91723361556592","valid","sr"
"open_vins_stereo","euroc","euroc_mav__vicon_room","V1_03_difficult","run3","99.91616485669606","99.91616485669606","99.91616485669606","99.91616485669606","valid","sr"
"open_vins_stereo","euroc","euroc_mav__vicon_room","V2_01_easy","run1","99.72197726101426","99.72197726101426","99.72197726101426","99.72197726101426","valid","sr"
"open_vins_stereo","euroc","euroc_mav__vicon_room","V2_01_easy","run2","99.72197726101426","99.72197726101426","99.72197726101426","99.72197726101426","valid","sr"
"open_vins_stereo","euroc","euroc_mav__vicon_room","V2_01_easy","run3","99.72197726101426","99.72197726101426","99.72197726101426","99.72197726101426","valid","sr"
"open_vins_stereo","euroc","euroc_mav__vicon_room","V2_02_medium","run1","99.8142288256987","99.8142288256987","99.8142288256987","99.8142288256987","valid","sr"
"open_vins_stereo","euroc","euroc_mav__vicon_room","V2_02_medium","run2","99.8142288256987","99.8142288256987","99.8142288256987","99.8142288256987","valid","sr"
"open_vins_stereo","euroc","euroc_mav__vicon_room","V2_02_medium","run3","99.8142288256987","99.8142288256987","99.8142288256987","99.8142288256987","valid","sr"
"open_vins_stereo","euroc","euroc_mav__vicon_room","V2_03_difficult","run1","99.91586198854992","99.91586198854992","99.91586198854992","99.91586198854992","valid","sr"
"open_vins_stereo","euroc","euroc_mav__vicon_room","V2_03_difficult","run2","99.91586198854992","99.91586198854992","99.91586198854992","99.91586198854992","valid","sr"
"open_vins_stereo","euroc","euroc_mav__vicon_room","V2_03_difficult","run3","99.91586198854992","99.91586198854992","99.91586198854992","99.91586198854992","valid","sr"
"orb_slam3_mono","euroc","euroc_mav__vicon_room","V1_01_easy","run1","99.00048369563493","99.00048369563493","99.00048369563493","99.00048369563493","valid","sr"
"orb_slam3_mono","euroc","euroc_mav__vicon_room","V1_01_easy","run2","98.85501376415631","98.85501376415631","98.85501376415631","98.85501376415631","valid","sr"
"orb_slam3_mono","euroc","euroc_mav__vicon_room","V1_01_easy","run3","98.44702886769798","98.44702886769798","98.44702886769798","98.44702886769798","valid","sr"
"orb_slam3_mono","euroc","euroc_mav__vicon_room","V1_02_medium","run1","91.47781124272456","91.47781124272456","91.47781124272456","91.47781124272456","valid","sr"
"orb_slam3_mono","euroc","euroc_mav__vicon_room","V1_02_medium","run2","97.35131422458159","97.35131422458159","97.35131422458159","97.35131422458159","valid","sr"
"orb_slam3_mono","euroc","euroc_mav__vicon_room","V1_02_medium","run3","97.89590600320881","97.89590600320881","97.89590600320881","97.89590600320881","valid","sr"
"orb_slam3_mono","euroc","euroc_mav__vicon_room","V1_03_difficult","run1","98.28727611722485","98.28727611722485","98.28727611722485","98.28727611722485","valid","sr"
"orb_slam3_mono","euroc","euroc_mav__vicon_room","V1_03_difficult","run2","96.35880635449496","96.35880635449496","96.35880635449496","96.35880635449496","valid","sr"
"orb_slam3_mono","euroc","euroc_mav__vicon_room","V1_03_difficult","run3","98.49289294278717","98.49289294278717","98.49289294278717","98.49289294278717","valid","sr"
"orb_slam3_mono","euroc","euroc_mav__vicon_room","V2_01_easy","run1","97.223627490612","97.223627490612","97.223627490612","97.223627490612","valid","sr"
"orb_slam3_mono","euroc","euroc_mav__vicon_room","V2_01_easy","run2","97.21346205331292","97.21346205331292","97.21346205331292","97.21346205331292","valid","sr"
"orb_slam3_mono","euroc","euroc_mav__vicon_room","V2_01_easy","run3","97.22704257874915","97.22704257874915","97.22704257874915","97.22704257874915","valid","sr"
"orb_slam3_mono","euroc","euroc_mav__vicon_room","V2_02_medium","run1","96.78523931146592","96.78523931146592","96.78523931146592","96.78523931146592","valid","sr"
"orb_slam3_mono","euroc","euroc_mav__vicon_room","V2_02_medium","run2","97.28253176413804","97.28253176413804","97.28253176413804","97.28253176413804","valid","sr"
"orb_slam3_mono","euroc","euroc_mav__vicon_room","V2_02_medium","run3","96.75766678337698","96.75766678337698","96.75766678337698","96.75766678337698","valid","sr"
"orb_slam3_mono","euroc","euroc_mav__vicon_room","V2_03_difficult","run1","98.39507677644278","98.39507677644278","98.39507677644278","98.39507677644278","valid","sr"
"orb_slam3_mono","euroc","euroc_mav__vicon_room","V2_03_difficult","run2","98.42065560751703","98.42065560751703","98.42065560751703","98.42065560751703","valid","sr"
"orb_slam3_mono","euroc","euroc_mav__vicon_room","V2_03_difficult","run3",,"","0","0.0","missing","sr"
"orb_slam3_stereo","euroc","euroc_mav__vicon_room","V1_01_easy","run1","98.82127463313076","98.82127463313076","98.82127463313076","98.82127463313076","valid","sr"
"orb_slam3_stereo","euroc","euroc_mav__vicon_room","V1_01_easy","run2","99.67476318992867","99.67476318992867","99.67476318992867","99.67476318992867","valid","sr"
"orb_slam3_stereo","euroc","euroc_mav__vicon_room","V1_01_easy","run3","98.84401343169039","98.84401343169039","98.84401343169039","98.84401343169039","valid","sr"
"orb_slam3_stereo","euroc","euroc_mav__vicon_room","V1_02_medium","run1","99.94620889841701","99.94620889841701","99.94620889841701","99.94620889841701","valid","sr"
"orb_slam3_stereo","euroc","euroc_mav__vicon_room","V1_02_medium","run2","99.91673666963207","99.91673666963207","99.91673666963207","99.91673666963207","valid","sr"
"orb_slam3_stereo","euroc","euroc_mav__vicon_room","V1_02_medium","run3","90.63262481054635","90.63262481054635","90.63262481054635","90.63262481054635","valid","sr"
"orb_slam3_stereo","euroc","euroc_mav__vicon_room","V1_03_difficult","run1","98.73432796622707","98.73432796622707","98.73432796622707","98.73432796622707","valid","sr"
"orb_slam3_stereo","euroc","euroc_mav__vicon_room","V1_03_difficult","run2","98.35623056220108","98.35623056220108","98.35623056220108","98.35623056220108","valid","sr"
"orb_slam3_stereo","euroc","euroc_mav__vicon_room","V1_03_difficult","run3","98.66048268376534","98.66048268376534","98.66048268376534","98.66048268376534","valid","sr"
"orb_slam3_stereo","euroc","euroc_mav__vicon_room","V2_01_easy","run1","98.6544363392867","98.6544363392867","98.6544363392867","98.6544363392867","valid","sr"
"orb_slam3_stereo","euroc","euroc_mav__vicon_room","V2_01_easy","run2","98.84475788634795","98.84475788634795","98.84475788634795","98.84475788634795","valid","sr"
"orb_slam3_stereo","euroc","euroc_mav__vicon_room","V2_01_easy","run3","98.60184799314648","98.60184799314648","98.60184799314648","98.60184799314648","valid","sr"
"orb_slam3_stereo","euroc","euroc_mav__vicon_room","V2_02_medium","run1","98.78070429411503","98.78070429411503","98.78070429411503","98.78070429411503","valid","sr"
"orb_slam3_stereo","euroc","euroc_mav__vicon_room","V2_02_medium","run2","98.78896580545819","98.78896580545819","98.78896580545819","98.78896580545819","valid","sr"
"orb_slam3_stereo","euroc","euroc_mav__vicon_room","V2_02_medium","run3","98.86009871061412","98.86009871061412","98.86009871061412","98.86009871061412","valid","sr"
"orb_slam3_stereo","euroc","euroc_mav__vicon_room","V2_03_difficult","run1","98.45422195812333","98.45422195812333","98.45422195812333","98.45422195812333","valid","sr"
"orb_slam3_stereo","euroc","euroc_mav__vicon_room","V2_03_difficult","run2","98.4781821948213","98.4781821948213","98.4781821948213","98.4781821948213","valid","sr"
"orb_slam3_stereo","euroc","euroc_mav__vicon_room","V2_03_difficult","run3","98.4354413912641","98.4354413912641","98.4354413912641","98.4354413912641","valid","sr"
"rovio","euroc","euroc_mav__vicon_room","V1_01_easy","run1","99.9997453084256","99.9997453084256","99.9997453084256","99.9997453084256","valid","sr"
"rovio","euroc","euroc_mav__vicon_room","V1_01_easy","run2","99.9997453084256","99.9997453084256","99.9997453084256","99.9997453084256","valid","sr"
"rovio","euroc","euroc_mav__vicon_room","V1_01_easy","run3","99.9997453084256","99.9997453084256","99.9997453084256","99.9997453084256","valid","sr"
"rovio","euroc","euroc_mav__vicon_room","V1_02_medium","run1","100","100.0","100","100.0","valid","sr"
"rovio","euroc","euroc_mav__vicon_room","V1_02_medium","run2","100","100.0","100","100.0","valid","sr"
"rovio","euroc","euroc_mav__vicon_room","V1_02_medium","run3","100","100.0","100","100.0","valid","sr"
"rovio","euroc","euroc_mav__vicon_room","V1_03_difficult","run1","99.64819787616848","99.64819787616848","99.64819787616848","99.64819787616848","valid","sr"
"rovio","euroc","euroc_mav__vicon_room","V1_03_difficult","run2","99.64819787616848","99.64819787616848","99.64819787616848","99.64819787616848","valid","sr"
"rovio","euroc","euroc_mav__vicon_room","V1_03_difficult","run3","99.64819787616848","99.64819787616848","99.64819787616848","99.64819787616848","valid","sr"
"rovio","euroc","euroc_mav__vicon_room","V2_01_easy","run1","98.80324926319163","98.80324926319163","98.80324926319163","98.80324926319163","valid","sr"
"rovio","euroc","euroc_mav__vicon_room","V2_01_easy","run2","98.80324926319163","98.80324926319163","98.80324926319163","98.80324926319163","valid","sr"
"rovio","euroc","euroc_mav__vicon_room","V2_01_easy","run3","98.80324926319163","98.80324926319163","98.80324926319163","98.80324926319163","valid","sr"
"rovio","euroc","euroc_mav__vicon_room","V2_02_medium","run1","100","100.0","100","100.0","valid","sr"
"rovio","euroc","euroc_mav__vicon_room","V2_02_medium","run2","100","100.0","100","100.0","valid","sr"
"rovio","euroc","euroc_mav__vicon_room","V2_02_medium","run3","100","100.0","100","100.0","valid","sr"
"rovio","euroc","euroc_mav__vicon_room","V2_03_difficult","run1","100","100.0","100","100.0","valid","sr"
"rovio","euroc","euroc_mav__vicon_room","V2_03_difficult","run2","100","100.0","100","100.0","valid","sr"
"rovio","euroc","euroc_mav__vicon_room","V2_03_difficult","run3","100","100.0","100","100.0","valid","sr"
"sqrtvins_mono","euroc","euroc_mav__vicon_room","V1_01_easy","run1","99.95476089994527","99.95476089994527","99.95476089994527","99.95476089994527","valid","sr"
"sqrtvins_mono","euroc","euroc_mav__vicon_room","V1_01_easy","run2","99.95476089994527","99.95476089994527","99.95476089994527","99.95476089994527","valid","sr"
"sqrtvins_mono","euroc","euroc_mav__vicon_room","V1_01_easy","run3","99.95476089994527","99.95476089994527","99.95476089994527","99.95476089994527","valid","sr"
"sqrtvins_mono","euroc","euroc_mav__vicon_room","V1_02_medium","run1","99.96247399976492","99.96247399976492","99.96247399976492","99.96247399976492","valid","sr"
"sqrtvins_mono","euroc","euroc_mav__vicon_room","V1_02_medium","run2","99.96247399976492","99.96247399976492","99.96247399976492","99.96247399976492","valid","sr"
"sqrtvins_mono","euroc","euroc_mav__vicon_room","V1_02_medium","run3","99.96247399976492","99.96247399976492","99.96247399976492","99.96247399976492","valid","sr"
"sqrtvins_mono","euroc","euroc_mav__vicon_room","V1_03_difficult","run1","99.97185692818202","99.97185692818202","99.97185692818202","99.97185692818202","valid","sr"
"sqrtvins_mono","euroc","euroc_mav__vicon_room","V1_03_difficult","run2","99.97185692818202","99.97185692818202","99.97185692818202","99.97185692818202","valid","sr"
"sqrtvins_mono","euroc","euroc_mav__vicon_room","V1_03_difficult","run3","99.97185692818202","99.97185692818202","99.97185692818202","99.97185692818202","valid","sr"
"sqrtvins_mono","euroc","euroc_mav__vicon_room","V2_01_easy","run1","99.93062279997694","99.93062279997694","99.93062279997694","99.93062279997694","valid","sr"
"sqrtvins_mono","euroc","euroc_mav__vicon_room","V2_01_easy","run2","99.93062279997694","99.93062279997694","99.93062279997694","99.93062279997694","valid","sr"
"sqrtvins_mono","euroc","euroc_mav__vicon_room","V2_01_easy","run3","99.93062279997694","99.93062279997694","99.93062279997694","99.93062279997694","valid","sr"
"sqrtvins_mono","euroc","euroc_mav__vicon_room","V2_02_medium","run1","99.97289451011083","99.97289451011083","99.97289451011083","99.97289451011083","valid","sr"
"sqrtvins_mono","euroc","euroc_mav__vicon_room","V2_02_medium","run2","99.97289451011083","99.97289451011083","99.97289451011083","99.97289451011083","valid","sr"
"sqrtvins_mono","euroc","euroc_mav__vicon_room","V2_02_medium","run3","99.97289451011083","99.97289451011083","99.97289451011083","99.97289451011083","valid","sr"
"sqrtvins_mono","euroc","euroc_mav__vicon_room","V2_03_difficult","run1","99.96729628768594","99.96729628768594","99.96729628768594","99.96729628768594","valid","sr"
"sqrtvins_mono","euroc","euroc_mav__vicon_room","V2_03_difficult","run2","99.96729628768594","99.96729628768594","99.96729628768594","99.96729628768594","valid","sr"
"sqrtvins_mono","euroc","euroc_mav__vicon_room","V2_03_difficult","run3","99.96729628768594","99.96729628768594","99.96729628768594","99.96729628768594","valid","sr"
"sqrtvins_stereo","euroc","euroc_mav__vicon_room","V1_01_easy","run1","99.95476089994527","99.95476089994527","99.95476089994527","99.95476089994527","valid","sr"
"sqrtvins_stereo","euroc","euroc_mav__vicon_room","V1_01_easy","run2","99.95476089994527","99.95476089994527","99.95476089994527","99.95476089994527","valid","sr"
"sqrtvins_stereo","euroc","euroc_mav__vicon_room","V1_01_easy","run3","99.95476089994527","99.95476089994527","99.95476089994527","99.95476089994527","valid","sr"
"sqrtvins_stereo","euroc","euroc_mav__vicon_room","V1_02_medium","run1","99.96866987797765","99.96866987797765","99.96866987797765","99.96866987797765","valid","sr"
"sqrtvins_stereo","euroc","euroc_mav__vicon_room","V1_02_medium","run2","99.96866987797765","99.96866987797765","99.96866987797765","99.96866987797765","valid","sr"
"sqrtvins_stereo","euroc","euroc_mav__vicon_room","V1_02_medium","run3","99.96866987797765","99.96866987797765","99.96866987797765","99.96866987797765","valid","sr"
"sqrtvins_stereo","euroc","euroc_mav__vicon_room","V1_03_difficult","run1","99.97135732663978","99.97135732663978","99.97135732663978","99.97135732663978","valid","sr"
"sqrtvins_stereo","euroc","euroc_mav__vicon_room","V1_03_difficult","run2","99.97135732663978","99.97135732663978","99.97135732663978","99.97135732663978","valid","sr"
"sqrtvins_stereo","euroc","euroc_mav__vicon_room","V1_03_difficult","run3","99.97135732663978","99.97135732663978","99.97135732663978","99.97135732663978","valid","sr"
"sqrtvins_stereo","euroc","euroc_mav__vicon_room","V2_01_easy","run1","99.93062279997694","99.93062279997694","99.93062279997694","99.93062279997694","valid","sr"
"sqrtvins_stereo","euroc","euroc_mav__vicon_room","V2_01_easy","run2","99.93062279997694","99.93062279997694","99.93062279997694","99.93062279997694","valid","sr"
"sqrtvins_stereo","euroc","euroc_mav__vicon_room","V2_01_easy","run3","99.93062279997694","99.93062279997694","99.93062279997694","99.93062279997694","valid","sr"
"sqrtvins_stereo","euroc","euroc_mav__vicon_room","V2_02_medium","run1","99.97289451011083","99.97289451011083","99.97289451011083","99.97289451011083","valid","sr"
"sqrtvins_stereo","euroc","euroc_mav__vicon_room","V2_02_medium","run2","99.97289451011083","99.97289451011083","99.97289451011083","99.97289451011083","valid","sr"
"sqrtvins_stereo","euroc","euroc_mav__vicon_room","V2_02_medium","run3","99.97289451011083","99.97289451011083","99.97289451011083","99.97289451011083","valid","sr"
"sqrtvins_stereo","euroc","euroc_mav__vicon_room","V2_03_difficult","run1","99.96810373212422","99.96810373212422","99.96810373212422","99.96810373212422","valid","sr"
"sqrtvins_stereo","euroc","euroc_mav__vicon_room","V2_03_difficult","run2","99.96810373212422","99.96810373212422","99.96810373212422","99.96810373212422","valid","sr"
"sqrtvins_stereo","euroc","euroc_mav__vicon_room","V2_03_difficult","run3","99.96810373212422","99.96810373212422","99.96810373212422","99.96810373212422","valid","sr"
"svo_mono","euroc","euroc_mav__vicon_room","V1_01_easy","run1","99.55967734750996","99.55967734750996","99.55967734750996","99.55967734750996","valid","sr"
"svo_mono","euroc","euroc_mav__vicon_room","V1_01_easy","run2","99.55967734750996","99.55967734750996","99.55967734750996","99.55967734750996","valid","sr"
"svo_mono","euroc","euroc_mav__vicon_room","V1_01_easy","run3","99.55967734750996","99.55967734750996","99.55967734750996","99.55967734750996","valid","sr"
"svo_mono","euroc","euroc_mav__vicon_room","V1_02_medium","run1","99.69885637237502","99.69885637237502","99.69885637237502","99.69885637237502","valid","sr"
"svo_mono","euroc","euroc_mav__vicon_room","V1_02_medium","run2","99.69885637237502","99.69885637237502","99.69885637237502","99.69885637237502","valid","sr"
"svo_mono","euroc","euroc_mav__vicon_room","V1_02_medium","run3","99.69885637237502","99.69885637237502","99.69885637237502","99.69885637237502","valid","sr"
"svo_mono","euroc","euroc_mav__vicon_room","V1_03_difficult","run1","4.744933611159094","4.744933611159094","4.744933611159094","4.744933611159094","valid","sr"
"svo_mono","euroc","euroc_mav__vicon_room","V1_03_difficult","run2","98.74274125286317","98.74274125286317","98.74274125286317","98.74274125286317","valid","sr"
"svo_mono","euroc","euroc_mav__vicon_room","V1_03_difficult","run3","98.554571189893","98.554571189893","98.554571189893","98.554571189893","valid","sr"
"svo_mono","euroc","euroc_mav__vicon_room","V2_01_easy","run1","97.85131540810708","97.85131540810708","97.85131540810708","97.85131540810708","valid","sr"
"svo_mono","euroc","euroc_mav__vicon_room","V2_01_easy","run2","97.85131540810708","97.85131540810708","97.85131540810708","97.85131540810708","valid","sr"
"svo_mono","euroc","euroc_mav__vicon_room","V2_01_easy","run3","97.85131540810708","97.85131540810708","97.85131540810708","97.85131540810708","valid","sr"
"svo_mono","euroc","euroc_mav__vicon_room","V2_02_medium","run1","0","0.0","0","0.0","valid","sr"
"svo_mono","euroc","euroc_mav__vicon_room","V2_02_medium","run2","0","0.0","0","0.0","valid","sr"
"svo_mono","euroc","euroc_mav__vicon_room","V2_02_medium","run3","0","0.0","0","0.0","valid","sr"
"svo_mono","euroc","euroc_mav__vicon_room","V2_03_difficult","run1","98.59073843902297","98.59073843902297","98.59073843902297","98.59073843902297","valid","sr"
"svo_mono","euroc","euroc_mav__vicon_room","V2_03_difficult","run2","96.50701038403537","96.50701038403537","96.50701038403537","96.50701038403537","valid","sr"
"svo_mono","euroc","euroc_mav__vicon_room","V2_03_difficult","run3","98.49010689978587","98.49010689978587","98.49010689978587","98.49010689978587","valid","sr"
"svo_stereo","euroc","euroc_mav__vicon_room","V1_01_easy","run1","100","100.0","100","100.0","valid","sr"
"svo_stereo","euroc","euroc_mav__vicon_room","V1_01_easy","run2","100","100.0","100","100.0","valid","sr"
"svo_stereo","euroc","euroc_mav__vicon_room","V1_01_easy","run3","100","100.0","100","100.0","valid","sr"
"svo_stereo","euroc","euroc_mav__vicon_room","V1_02_medium","run1","100","100.0","100","100.0","valid","sr"
"svo_stereo","euroc","euroc_mav__vicon_room","V1_02_medium","run2","100","100.0","100","100.0","valid","sr"
"svo_stereo","euroc","euroc_mav__vicon_room","V1_02_medium","run3","100","100.0","100","100.0","valid","sr"
"svo_stereo","euroc","euroc_mav__vicon_room","V1_03_difficult","run1","99.68727804911366","99.68727804911366","99.68727804911366","99.68727804911366","valid","sr"
"svo_stereo","euroc","euroc_mav__vicon_room","V1_03_difficult","run2","100","100.0","100","100.0","valid","sr"
"svo_stereo","euroc","euroc_mav__vicon_room","V1_03_difficult","run3","100","100.0","100","100.0","valid","sr"
"svo_stereo","euroc","euroc_mav__vicon_room","V2_01_easy","run1","100","100.0","100","100.0","valid","sr"
"svo_stereo","euroc","euroc_mav__vicon_room","V2_01_easy","run2","100","100.0","100","100.0","valid","sr"
"svo_stereo","euroc","euroc_mav__vicon_room","V2_01_easy","run3","99.3419060266985","99.3419060266985","99.3419060266985","99.3419060266985","valid","sr"
"svo_stereo","euroc","euroc_mav__vicon_room","V2_02_medium","run1","99.58897967004357","99.58897967004357","99.58897967004357","99.58897967004357","valid","sr"
"svo_stereo","euroc","euroc_mav__vicon_room","V2_02_medium","run2","100","100.0","100","100.0","valid","sr"
"svo_stereo","euroc","euroc_mav__vicon_room","V2_02_medium","run3","99.57194776918958","99.57194776918958","99.57194776918958","99.57194776918958","valid","sr"
"svo_stereo","euroc","euroc_mav__vicon_room","V2_03_difficult","run1","99.91698714303958","99.91698714303958","99.91698714303958","99.91698714303958","valid","sr"
"svo_stereo","euroc","euroc_mav__vicon_room","V2_03_difficult","run2","100","100.0","100","100.0","valid","sr"
"svo_stereo","euroc","euroc_mav__vicon_room","V2_03_difficult","run3","100","100.0","100","100.0","valid","sr"
"vins-fusion_monoimu","euroc","euroc_mav__vicon_room","V1_01_easy","run1","99.83970438606883","99.83970438606883","99.83970438606883","99.83970438606883","valid","sr"
"vins-fusion_monoimu","euroc","euroc_mav__vicon_room","V1_01_easy","run2","99.83970438606883","99.83970438606883","99.83970438606883","99.83970438606883","valid","sr"
"vins-fusion_monoimu","euroc","euroc_mav__vicon_room","V1_01_easy","run3","99.83970438606883","99.83970438606883","99.83970438606883","99.83970438606883","valid","sr"
"vins-fusion_monoimu","euroc","euroc_mav__vicon_room","V1_02_medium","run1","99.91223713139654","99.91223713139654","99.91223713139654","99.91223713139654","valid","sr"
"vins-fusion_monoimu","euroc","euroc_mav__vicon_room","V1_02_medium","run2","99.91223713139654","99.91223713139654","99.91223713139654","99.91223713139654","valid","sr"
"vins-fusion_monoimu","euroc","euroc_mav__vicon_room","V1_02_medium","run3","99.91223713139654","99.91223713139654","99.91223713139654","99.91223713139654","valid","sr"
"vins-fusion_monoimu","euroc","euroc_mav__vicon_room","V1_03_difficult","run1","97.9665238770397","97.9665238770397","97.9665238770397","97.9665238770397","valid","sr"
"vins-fusion_monoimu","euroc","euroc_mav__vicon_room","V1_03_difficult","run2","97.9665238770397","97.9665238770397","97.9665238770397","97.9665238770397","valid","sr"
"vins-fusion_monoimu","euroc","euroc_mav__vicon_room","V1_03_difficult","run3","98.57300774430698","98.57300774430698","98.57300774430698","98.57300774430698","valid","sr"
"vins-fusion_monoimu","euroc","euroc_mav__vicon_room","V2_01_easy","run1","96.90753469256185","96.90753469256185","96.90753469256185","96.90753469256185","valid","sr"
"vins-fusion_monoimu","euroc","euroc_mav__vicon_room","V2_01_easy","run2","97.23999128606826","97.23999128606826","97.23999128606826","97.23999128606826","valid","sr"
"vins-fusion_monoimu","euroc","euroc_mav__vicon_room","V2_01_easy","run3","97.23199251027785","97.23199251027785","97.23199251027785","97.23199251027785","valid","sr"
"vins-fusion_monoimu","euroc","euroc_mav__vicon_room","V2_02_medium","run1","5.489744497884211","5.489744497884211","5.489744497884211","5.489744497884211","valid","sr"
"vins-fusion_monoimu","euroc","euroc_mav__vicon_room","V2_02_medium","run2","5.489744497884211","5.489744497884211","5.489744497884211","5.489744497884211","valid","sr"
"vins-fusion_monoimu","euroc","euroc_mav__vicon_room","V2_02_medium","run3","15.486211956037268","15.486211956037268","15.486211956037268","15.486211956037268","valid","sr"
"vins-fusion_monoimu","euroc","euroc_mav__vicon_room","V2_03_difficult","run1","3.3909610631433607","3.3909610631433607","3.3909610631433607","3.3909610631433607","valid","sr"
"vins-fusion_monoimu","euroc","euroc_mav__vicon_room","V2_03_difficult","run2","98.3328096678881","98.3328096678881","98.3328096678881","98.3328096678881","valid","sr"
"vins-fusion_monoimu","euroc","euroc_mav__vicon_room","V2_03_difficult","run3","98.3346875042262","98.3346875042262","98.3346875042262","98.3346875042262","valid","sr"
"vins-fusion_stereoimu","euroc","euroc_mav__vicon_room","V1_01_easy","run1","99.7530782102652","99.7530782102652","99.7530782102652","99.7530782102652","valid","sr"
"vins-fusion_stereoimu","euroc","euroc_mav__vicon_room","V1_01_easy","run2","99.7530782102652","99.7530782102652","99.7530782102652","99.7530782102652","valid","sr"
"vins-fusion_stereoimu","euroc","euroc_mav__vicon_room","V1_01_easy","run3","99.7530782102652","99.7530782102652","99.7530782102652","99.7530782102652","valid","sr"
"vins-fusion_stereoimu","euroc","euroc_mav__vicon_room","V1_02_medium","run1","99.75115846782782","99.75115846782782","99.75115846782782","99.75115846782782","valid","sr"
"vins-fusion_stereoimu","euroc","euroc_mav__vicon_room","V1_02_medium","run2","99.75115846782782","99.75115846782782","99.75115846782782","99.75115846782782","valid","sr"
"vins-fusion_stereoimu","euroc","euroc_mav__vicon_room","V1_02_medium","run3","99.7510903328044","99.7510903328044","99.7510903328044","99.7510903328044","valid","sr"
"vins-fusion_stereoimu","euroc","euroc_mav__vicon_room","V1_03_difficult","run1","97.72580334665177","97.72580334665177","97.72580334665177","97.72580334665177","valid","sr"
"vins-fusion_stereoimu","euroc","euroc_mav__vicon_room","V1_03_difficult","run2","98.70922004720632","98.70922004720632","98.70922004720632","98.70922004720632","valid","sr"
"vins-fusion_stereoimu","euroc","euroc_mav__vicon_room","V1_03_difficult","run3","98.30029476389852","98.30029476389852","98.30029476389852","98.30029476389852","valid","sr"
"vins-fusion_stereoimu","euroc","euroc_mav__vicon_room","V2_01_easy","run1","96.30572276563478","96.30572276563478","96.30572276563478","96.30572276563478","valid","sr"
"vins-fusion_stereoimu","euroc","euroc_mav__vicon_room","V2_01_easy","run2","96.30572276563478","96.30572276563478","96.30572276563478","96.30572276563478","valid","sr"
"vins-fusion_stereoimu","euroc","euroc_mav__vicon_room","V2_01_easy","run3","95.70446110405946","95.70446110405946","95.70446110405946","95.70446110405946","valid","sr"
"vins-fusion_stereoimu","euroc","euroc_mav__vicon_room","V2_02_medium","run1","99.52741199643131","99.52741199643131","99.52741199643131","99.52741199643131","valid","sr"
"vins-fusion_stereoimu","euroc","euroc_mav__vicon_room","V2_02_medium","run2","98.28670616894534","98.28670616894534","98.28670616894534","98.28670616894534","valid","sr"
"vins-fusion_stereoimu","euroc","euroc_mav__vicon_room","V2_02_medium","run3","98.28675506516882","98.28675506516882","98.28675506516882","98.28675506516882","valid","sr"
"vins-fusion_stereoimu","euroc","euroc_mav__vicon_room","V2_03_difficult","run1","98.66312512099252","98.66312512099252","98.66312512099252","98.66312512099252","valid","sr"
"vins-fusion_stereoimu","euroc","euroc_mav__vicon_room","V2_03_difficult","run2","98.66312512099252","98.66312512099252","98.66312512099252","98.66312512099252","valid","sr"
"vins-fusion_stereoimu","euroc","euroc_mav__vicon_room","V2_03_difficult","run3","98.6280330159768","98.6280330159768","98.6280330159768","98.6280330159768","valid","sr"
"airslam","euroc","euroc_mav__machine_hall","MH_01_easy","run1","96.06636396470616","96.06636396470616","96.06636396470616","96.06636396470616","valid","sr"
"airslam","euroc","euroc_mav__machine_hall","MH_01_easy","run2","95.97434753163763","95.97434753163763","95.97434753163763","95.97434753163763","valid","sr"
"airslam","euroc","euroc_mav__machine_hall","MH_01_easy","run3","96.09689374929164","96.09689374929164","96.09689374929164","96.09689374929164","valid","sr"
"airslam","euroc","euroc_mav__machine_hall","MH_02_easy","run1","95.56326519880666","95.56326519880666","95.56326519880666","95.56326519880666","valid","sr"
"airslam","euroc","euroc_mav__machine_hall","MH_02_easy","run2","96.69435061803613","96.69435061803613","96.69435061803613","96.69435061803613","valid","sr"
"airslam","euroc","euroc_mav__machine_hall","MH_02_easy","run3","96.69435061803613","96.69435061803613","96.69435061803613","96.69435061803613","valid","sr"
"airslam","euroc","euroc_mav__machine_hall","MH_03_medium","run1","97.84964076079248","97.84964076079248","97.84964076079248","97.84964076079248","valid","sr"
"airslam","euroc","euroc_mav__machine_hall","MH_03_medium","run2","97.89791036474847","97.89791036474847","97.89791036474847","97.89791036474847","valid","sr"
"airslam","euroc","euroc_mav__machine_hall","MH_03_medium","run3","97.89791036474847","97.89791036474847","97.89791036474847","97.89791036474847","valid","sr"
"airslam","euroc","euroc_mav__machine_hall","MH_04_difficult","run1","97.10732682830889","97.10732682830889","97.10732682830889","97.10732682830889","valid","sr"
"airslam","euroc","euroc_mav__machine_hall","MH_04_difficult","run2","97.47401226032267","97.47401226032267","97.47401226032267","97.47401226032267","valid","sr"
"airslam","euroc","euroc_mav__machine_hall","MH_04_difficult","run3","97.47401226032267","97.47401226032267","97.47401226032267","97.47401226032267","valid","sr"
"airslam","euroc","euroc_mav__machine_hall","MH_05_difficult","run1","97.70936186589067","97.70936186589067","97.70936186589067","97.70936186589067","valid","sr"
"airslam","euroc","euroc_mav__machine_hall","MH_05_difficult","run2","97.73966598728224","97.73966598728224","97.73966598728224","97.73966598728224","valid","sr"
"airslam","euroc","euroc_mav__machine_hall","MH_05_difficult","run3","97.73966598728224","97.73966598728224","97.73966598728224","97.73966598728224","valid","sr"
"basalt_stereo","euroc","euroc_mav__machine_hall","MH_01_easy","run1","100","100.0","100","100.0","valid","sr"
"basalt_stereo","euroc","euroc_mav__machine_hall","MH_01_easy","run2","100","100.0","100","100.0","valid","sr"
"basalt_stereo","euroc","euroc_mav__machine_hall","MH_01_easy","run3","100","100.0","100","100.0","valid","sr"
"basalt_stereo","euroc","euroc_mav__machine_hall","MH_02_easy","run1","100","100.0","100","100.0","valid","sr"
"basalt_stereo","euroc","euroc_mav__machine_hall","MH_02_easy","run2","100","100.0","100","100.0","valid","sr"
"basalt_stereo","euroc","euroc_mav__machine_hall","MH_02_easy","run3","100","100.0","100","100.0","valid","sr"
"basalt_stereo","euroc","euroc_mav__machine_hall","MH_03_medium","run1","100","100.0","100","100.0","valid","sr"
"basalt_stereo","euroc","euroc_mav__machine_hall","MH_03_medium","run2","100","100.0","100","100.0","valid","sr"
"basalt_stereo","euroc","euroc_mav__machine_hall","MH_03_medium","run3","100","100.0","100","100.0","valid","sr"
"basalt_stereo","euroc","euroc_mav__machine_hall","MH_04_difficult","run1","100","100.0","100","100.0","valid","sr"
"basalt_stereo","euroc","euroc_mav__machine_hall","MH_04_difficult","run2","100","100.0","100","100.0","valid","sr"
"basalt_stereo","euroc","euroc_mav__machine_hall","MH_04_difficult","run3","100","100.0","100","100.0","valid","sr"
"basalt_stereo","euroc","euroc_mav__machine_hall","MH_05_difficult","run1","100","100.0","100","100.0","valid","sr"
"basalt_stereo","euroc","euroc_mav__machine_hall","MH_05_difficult","run2","100","100.0","100","100.0","valid","sr"
"basalt_stereo","euroc","euroc_mav__machine_hall","MH_05_difficult","run3","100","100.0","100","100.0","valid","sr"
"dm_vio","euroc","euroc_mav__machine_hall","MH_01_easy","run1","99.96239393530547","99.96239393530547","99.96239393530547","99.96239393530547","valid","sr"
"dm_vio","euroc","euroc_mav__machine_hall","MH_01_easy","run2","99.96239393530547","99.96239393530547","99.96239393530547","99.96239393530547","valid","sr"
"dm_vio","euroc","euroc_mav__machine_hall","MH_01_easy","run3","99.96239393530547","99.96239393530547","99.96239393530547","99.96239393530547","valid","sr"
"dm_vio","euroc","euroc_mav__machine_hall","MH_02_easy","run1","13.076808272296978","13.076808272296978","13.076808272296978","13.076808272296978","valid","sr"
"dm_vio","euroc","euroc_mav__machine_hall","MH_02_easy","run2","13.435323280662226","13.435323280662226","13.435323280662226","13.435323280662226","valid","sr"
"dm_vio","euroc","euroc_mav__machine_hall","MH_02_easy","run3","1.8646983035941496","1.8646983035941496","1.8646983035941496","1.8646983035941496","valid","sr"
"dm_vio","euroc","euroc_mav__machine_hall","MH_03_medium","run1","99.59243641345833","99.59243641345833","99.59243641345833","99.59243641345833","valid","sr"
"dm_vio","euroc","euroc_mav__machine_hall","MH_03_medium","run2","99.08196464848993","99.08196464848993","99.08196464848993","99.08196464848993","valid","sr"
"dm_vio","euroc","euroc_mav__machine_hall","MH_03_medium","run3","99.60794173032818","99.60794173032818","99.60794173032818","99.60794173032818","valid","sr"
"dm_vio","euroc","euroc_mav__machine_hall","MH_04_difficult","run1","99.55806866659596","99.55806866659596","99.55806866659596","99.55806866659596","valid","sr"
"dm_vio","euroc","euroc_mav__machine_hall","MH_04_difficult","run2","99.79323202949888","99.79323202949888","99.79323202949888","99.79323202949888","valid","sr"
"dm_vio","euroc","euroc_mav__machine_hall","MH_04_difficult","run3","98.74494508689246","98.74494508689246","98.74494508689246","98.74494508689246","valid","sr"
"dm_vio","euroc","euroc_mav__machine_hall","MH_05_difficult","run1","99.70936055844525","99.70936055844525","99.70936055844525","99.70936055844525","valid","sr"
"dm_vio","euroc","euroc_mav__machine_hall","MH_05_difficult","run2","99.69909814312217","99.69909814312217","99.69909814312217","99.69909814312217","valid","sr"
"dm_vio","euroc","euroc_mav__machine_hall","MH_05_difficult","run3","99.70936055844525","99.70936055844525","99.70936055844525","99.70936055844525","valid","sr"
"kimera_vio_mono","euroc","euroc_mav__machine_hall","MH_01_easy","run1","0","0.0","0","0.0","valid","sr"
"kimera_vio_mono","euroc","euroc_mav__machine_hall","MH_01_easy","run2","0","0.0","0","0.0","valid","sr"
"kimera_vio_mono","euroc","euroc_mav__machine_hall","MH_01_easy","run3","0","0.0","0","0.0","valid","sr"
"kimera_vio_mono","euroc","euroc_mav__machine_hall","MH_02_easy","run1","0","0.0","0","0.0","valid","sr"
"kimera_vio_mono","euroc","euroc_mav__machine_hall","MH_02_easy","run2","0","0.0","0","0.0","valid","sr"
"kimera_vio_mono","euroc","euroc_mav__machine_hall","MH_02_easy","run3","0","0.0","0","0.0","valid","sr"
"kimera_vio_mono","euroc","euroc_mav__machine_hall","MH_03_medium","run1","99.59482645698873","99.59482645698873","99.59482645698873","99.59482645698873","valid","sr"
"kimera_vio_mono","euroc","euroc_mav__machine_hall","MH_03_medium","run2","99.59482645698873","99.59482645698873","99.59482645698873","99.59482645698873","valid","sr"
"kimera_vio_mono","euroc","euroc_mav__machine_hall","MH_03_medium","run3","99.42218034493288","99.42218034493288","99.42218034493288","99.42218034493288","valid","sr"
"kimera_vio_mono","euroc","euroc_mav__machine_hall","MH_04_difficult","run1","99.7400817224174","99.7400817224174","99.7400817224174","99.7400817224174","valid","sr"
"kimera_vio_mono","euroc","euroc_mav__machine_hall","MH_04_difficult","run2","99.7400817224174","99.7400817224174","99.7400817224174","99.7400817224174","valid","sr"
"kimera_vio_mono","euroc","euroc_mav__machine_hall","MH_04_difficult","run3","99.7400817224174","99.7400817224174","99.7400817224174","99.7400817224174","valid","sr"
"kimera_vio_mono","euroc","euroc_mav__machine_hall","MH_05_difficult","run1","99.80800678039094","99.80800678039094","99.80800678039094","99.80800678039094","valid","sr"
"kimera_vio_mono","euroc","euroc_mav__machine_hall","MH_05_difficult","run2","99.80800678039094","99.80800678039094","99.80800678039094","99.80800678039094","valid","sr"
"kimera_vio_mono","euroc","euroc_mav__machine_hall","MH_05_difficult","run3","99.80800678039094","99.80800678039094","99.80800678039094","99.80800678039094","valid","sr"
"kimera_vio_stereo","euroc","euroc_mav__machine_hall","MH_01_easy","run1","0","0.0","0","0.0","valid","sr"
"kimera_vio_stereo","euroc","euroc_mav__machine_hall","MH_01_easy","run2","0","0.0","0","0.0","valid","sr"
"kimera_vio_stereo","euroc","euroc_mav__machine_hall","MH_01_easy","run3","0","0.0","0","0.0","valid","sr"
"kimera_vio_stereo","euroc","euroc_mav__machine_hall","MH_02_easy","run1","99.49011599618488","99.49011599618488","99.49011599618488","99.49011599618488","valid","sr"
"kimera_vio_stereo","euroc","euroc_mav__machine_hall","MH_02_easy","run2","99.49011599618488","99.49011599618488","99.49011599618488","99.49011599618488","valid","sr"
"kimera_vio_stereo","euroc","euroc_mav__machine_hall","MH_02_easy","run3","99.49011599618488","99.49011599618488","99.49011599618488","99.49011599618488","valid","sr"
"kimera_vio_stereo","euroc","euroc_mav__machine_hall","MH_03_medium","run1","99.64732189395617","99.64732189395617","99.64732189395617","99.64732189395617","valid","sr"
"kimera_vio_stereo","euroc","euroc_mav__machine_hall","MH_03_medium","run2","99.64732189395617","99.64732189395617","99.64732189395617","99.64732189395617","valid","sr"
"kimera_vio_stereo","euroc","euroc_mav__machine_hall","MH_03_medium","run3","99.64732189395617","99.64732189395617","99.64732189395617","99.64732189395617","valid","sr"
"kimera_vio_stereo","euroc","euroc_mav__machine_hall","MH_04_difficult","run1","99.73993095549753","99.73993095549753","99.73993095549753","99.73993095549753","valid","sr"
"kimera_vio_stereo","euroc","euroc_mav__machine_hall","MH_04_difficult","run2","99.73993095549753","99.73993095549753","99.73993095549753","99.73993095549753","valid","sr"
"kimera_vio_stereo","euroc","euroc_mav__machine_hall","MH_04_difficult","run3","99.73993095549753","99.73993095549753","99.73993095549753","99.73993095549753","valid","sr"
"kimera_vio_stereo","euroc","euroc_mav__machine_hall","MH_05_difficult","run1","99.78651941099268","99.78651941099268","99.78651941099268","99.78651941099268","valid","sr"
"kimera_vio_stereo","euroc","euroc_mav__machine_hall","MH_05_difficult","run2","99.78651941099268","99.78651941099268","99.78651941099268","99.78651941099268","valid","sr"
"kimera_vio_stereo","euroc","euroc_mav__machine_hall","MH_05_difficult","run3","99.78651941099268","99.78651941099268","99.78651941099268","99.78651941099268","valid","sr"
"okvis2x_mono","euroc","euroc_mav__machine_hall","MH_01_easy","run1","100","100.0","100","100.0","valid","sr"
"okvis2x_mono","euroc","euroc_mav__machine_hall","MH_01_easy","run2","100","100.0","100","100.0","valid","sr"
"okvis2x_mono","euroc","euroc_mav__machine_hall","MH_01_easy","run3","99.62132901587549","99.62132901587549","99.62132901587549","99.62132901587549","valid","sr"
"okvis2x_mono","euroc","euroc_mav__machine_hall","MH_02_easy","run1","100","100.0","100","100.0","valid","sr"
"okvis2x_mono","euroc","euroc_mav__machine_hall","MH_02_easy","run2","100","100.0","100","100.0","valid","sr"
"okvis2x_mono","euroc","euroc_mav__machine_hall","MH_02_easy","run3","99.77067282014896","99.77067282014896","99.77067282014896","99.77067282014896","valid","sr"
"okvis2x_mono","euroc","euroc_mav__machine_hall","MH_03_medium","run1","100","100.0","100","100.0","valid","sr"
"okvis2x_mono","euroc","euroc_mav__machine_hall","MH_03_medium","run2","100","100.0","100","100.0","valid","sr"
"okvis2x_mono","euroc","euroc_mav__machine_hall","MH_03_medium","run3","100","100.0","100","100.0","valid","sr"
"okvis2x_mono","euroc","euroc_mav__machine_hall","MH_04_difficult","run1","100","100.0","100","100.0","valid","sr"
"okvis2x_mono","euroc","euroc_mav__machine_hall","MH_04_difficult","run2","100","100.0","100","100.0","valid","sr"
"okvis2x_mono","euroc","euroc_mav__machine_hall","MH_04_difficult","run3","100","100.0","100","100.0","valid","sr"
"okvis2x_mono","euroc","euroc_mav__machine_hall","MH_05_difficult","run1","100","100.0","100","100.0","valid","sr"
"okvis2x_mono","euroc","euroc_mav__machine_hall","MH_05_difficult","run2","100","100.0","100","100.0","valid","sr"
"okvis2x_mono","euroc","euroc_mav__machine_hall","MH_05_difficult","run3","100","100.0","100","100.0","valid","sr"
"okvis2x_stereo","euroc","euroc_mav__machine_hall","MH_01_easy","run1","100","100.0","100","100.0","valid","sr"
"okvis2x_stereo","euroc","euroc_mav__machine_hall","MH_01_easy","run2","100","100.0","100","100.0","valid","sr"
"okvis2x_stereo","euroc","euroc_mav__machine_hall","MH_01_easy","run3","100","100.0","100","100.0","valid","sr"
"okvis2x_stereo","euroc","euroc_mav__machine_hall","MH_02_easy","run1","99.99089524193916","99.99089524193916","99.99089524193916","99.99089524193916","valid","sr"
"okvis2x_stereo","euroc","euroc_mav__machine_hall","MH_02_easy","run2","99.89490641278194","99.89490641278194","99.89490641278194","99.89490641278194","valid","sr"
"okvis2x_stereo","euroc","euroc_mav__machine_hall","MH_02_easy","run3","100","100.0","100","100.0","valid","sr"
"okvis2x_stereo","euroc","euroc_mav__machine_hall","MH_03_medium","run1","100","100.0","100","100.0","valid","sr"
"okvis2x_stereo","euroc","euroc_mav__machine_hall","MH_03_medium","run2","100","100.0","100","100.0","valid","sr"
"okvis2x_stereo","euroc","euroc_mav__machine_hall","MH_03_medium","run3","100","100.0","100","100.0","valid","sr"
"okvis2x_stereo","euroc","euroc_mav__machine_hall","MH_04_difficult","run1","100","100.0","100","100.0","valid","sr"
"okvis2x_stereo","euroc","euroc_mav__machine_hall","MH_04_difficult","run2","100","100.0","100","100.0","valid","sr"
"okvis2x_stereo","euroc","euroc_mav__machine_hall","MH_04_difficult","run3","100","100.0","100","100.0","valid","sr"
"okvis2x_stereo","euroc","euroc_mav__machine_hall","MH_05_difficult","run1","100","100.0","100","100.0","valid","sr"
"okvis2x_stereo","euroc","euroc_mav__machine_hall","MH_05_difficult","run2","100","100.0","100","100.0","valid","sr"
"okvis2x_stereo","euroc","euroc_mav__machine_hall","MH_05_difficult","run3","100","100.0","100","100.0","valid","sr"
"open_vins_mono","euroc","euroc_mav__machine_hall","MH_01_easy","run1","90.26994804350767","90.26994804350767","90.26994804350767","90.26994804350767","valid","sr"
"open_vins_mono","euroc","euroc_mav__machine_hall","MH_01_easy","run2","90.58227701187916","90.58227701187916","90.58227701187916","90.58227701187916","valid","sr"
"open_vins_mono","euroc","euroc_mav__machine_hall","MH_01_easy","run3","90.58227701187916","90.58227701187916","90.58227701187916","90.58227701187916","valid","sr"
"open_vins_mono","euroc","euroc_mav__machine_hall","MH_02_easy","run1","86.65512806844137","86.65512806844137","86.65512806844137","86.65512806844137","valid","sr"
"open_vins_mono","euroc","euroc_mav__machine_hall","MH_02_easy","run2","86.65512806844137","86.65512806844137","86.65512806844137","86.65512806844137","valid","sr"
"open_vins_mono","euroc","euroc_mav__machine_hall","MH_02_easy","run3","86.65512806844137","86.65512806844137","86.65512806844137","86.65512806844137","valid","sr"
"open_vins_mono","euroc","euroc_mav__machine_hall","MH_03_medium","run1","97.40529712078964","97.40529712078964","97.40529712078964","97.40529712078964","valid","sr"
"open_vins_mono","euroc","euroc_mav__machine_hall","MH_03_medium","run2","97.40529712078964","97.40529712078964","97.40529712078964","97.40529712078964","valid","sr"
"open_vins_mono","euroc","euroc_mav__machine_hall","MH_03_medium","run3","97.40529712078964","97.40529712078964","97.40529712078964","97.40529712078964","valid","sr"
"open_vins_mono","euroc","euroc_mav__machine_hall","MH_04_difficult","run1","96.63857194350324","96.63857194350324","96.63857194350324","96.63857194350324","valid","sr"
"open_vins_mono","euroc","euroc_mav__machine_hall","MH_04_difficult","run2","96.65422290869707","96.65422290869707","96.65422290869707","96.65422290869707","valid","sr"
"open_vins_mono","euroc","euroc_mav__machine_hall","MH_04_difficult","run3","96.63857194350324","96.63857194350324","96.63857194350324","96.63857194350324","valid","sr"
"open_vins_mono","euroc","euroc_mav__machine_hall","MH_05_difficult","run1","96.62050271915832","96.62050271915832","96.62050271915832","96.62050271915832","valid","sr"
"open_vins_mono","euroc","euroc_mav__machine_hall","MH_05_difficult","run2","96.62050271915832","96.62050271915832","96.62050271915832","96.62050271915832","valid","sr"
"open_vins_mono","euroc","euroc_mav__machine_hall","MH_05_difficult","run3","96.62050271915832","96.62050271915832","96.62050271915832","96.62050271915832","valid","sr"
"open_vins_stereo","euroc","euroc_mav__machine_hall","MH_01_easy","run1","90.58227701187916","90.58227701187916","90.58227701187916","90.58227701187916","valid","sr"
"open_vins_stereo","euroc","euroc_mav__machine_hall","MH_01_easy","run2","90.58227701187916","90.58227701187916","90.58227701187916","90.58227701187916","valid","sr"
"open_vins_stereo","euroc","euroc_mav__machine_hall","MH_01_easy","run3","90.58227701187916","90.58227701187916","90.58227701187916","90.58227701187916","valid","sr"
"open_vins_stereo","euroc","euroc_mav__machine_hall","MH_02_easy","run1","86.63914855231509","86.63914855231509","86.63914855231509","86.63914855231509","valid","sr"
"open_vins_stereo","euroc","euroc_mav__machine_hall","MH_02_easy","run2","86.63914855231509","86.63914855231509","86.63914855231509","86.63914855231509","valid","sr"
"open_vins_stereo","euroc","euroc_mav__machine_hall","MH_02_easy","run3","86.63914855231509","86.63914855231509","86.63914855231509","86.63914855231509","valid","sr"
"open_vins_stereo","euroc","euroc_mav__machine_hall","MH_03_medium","run1","97.40529712078964","97.40529712078964","97.40529712078964","97.40529712078964","valid","sr"
"open_vins_stereo","euroc","euroc_mav__machine_hall","MH_03_medium","run2","97.40529712078964","97.40529712078964","97.40529712078964","97.40529712078964","valid","sr"
"open_vins_stereo","euroc","euroc_mav__machine_hall","MH_03_medium","run3","97.40529712078964","97.40529712078964","97.40529712078964","97.40529712078964","valid","sr"
"open_vins_stereo","euroc","euroc_mav__machine_hall","MH_04_difficult","run1","96.63857194350324","96.63857194350324","96.63857194350324","96.63857194350324","valid","sr"
"open_vins_stereo","euroc","euroc_mav__machine_hall","MH_04_difficult","run2","96.63857194350324","96.63857194350324","96.63857194350324","96.63857194350324","valid","sr"
"open_vins_stereo","euroc","euroc_mav__machine_hall","MH_04_difficult","run3","96.63857194350324","96.63857194350324","96.63857194350324","96.63857194350324","valid","sr"
"open_vins_stereo","euroc","euroc_mav__machine_hall","MH_05_difficult","run1","96.62050271915832","96.62050271915832","96.62050271915832","96.62050271915832","valid","sr"
"open_vins_stereo","euroc","euroc_mav__machine_hall","MH_05_difficult","run2","96.61112142238079","96.61112142238079","96.61112142238079","96.61112142238079","valid","sr"
"open_vins_stereo","euroc","euroc_mav__machine_hall","MH_05_difficult","run3","96.62136716984473","96.62136716984473","96.62136716984473","96.62136716984473","valid","sr"
"orb_slam3_mono","euroc","euroc_mav__machine_hall","MH_01_easy","run1","81.60382499307023","81.60382499307023","81.60382499307023","81.60382499307023","valid","sr"
"orb_slam3_mono","euroc","euroc_mav__machine_hall","MH_01_easy","run2","89.43097990866707","89.43097990866707","89.43097990866707","89.43097990866707","valid","sr"
"orb_slam3_mono","euroc","euroc_mav__machine_hall","MH_01_easy","run3","89.44322109847401","89.44322109847401","89.44322109847401","89.44322109847401","valid","sr"
"orb_slam3_mono","euroc","euroc_mav__machine_hall","MH_02_easy","run1","85.69632997075061","85.69632997075061","85.69632997075061","85.69632997075061","valid","sr"
"orb_slam3_mono","euroc","euroc_mav__machine_hall","MH_02_easy","run2","72.91003426961001","72.91003426961001","72.91003426961001","72.91003426961001","valid","sr"
"orb_slam3_mono","euroc","euroc_mav__machine_hall","MH_02_easy","run3","75.54853573889862","75.54853573889862","75.54853573889862","75.54853573889862","valid","sr"
"orb_slam3_mono","euroc","euroc_mav__machine_hall","MH_03_medium","run1","84.03435413305532","84.03435413305532","84.03435413305532","84.03435413305532","valid","sr"
"orb_slam3_mono","euroc","euroc_mav__machine_hall","MH_03_medium","run2","92.7360154672834","92.7360154672834","92.7360154672834","92.7360154672834","valid","sr"
"orb_slam3_mono","euroc","euroc_mav__machine_hall","MH_03_medium","run3","96.202030497391","96.202030497391","96.202030497391","96.202030497391","valid","sr"
"orb_slam3_mono","euroc","euroc_mav__machine_hall","MH_04_difficult","run1","94.83530672358805","94.83530672358805","94.83530672358805","94.83530672358805","valid","sr"
"orb_slam3_mono","euroc","euroc_mav__machine_hall","MH_04_difficult","run2","18.18847817060948","18.18847817060948","18.18847817060948","18.18847817060948","valid","sr"
"orb_slam3_mono","euroc","euroc_mav__machine_hall","MH_04_difficult","run3","83.01624047424451","83.01624047424451","83.01624047424451","83.01624047424451","valid","sr"
"orb_slam3_mono","euroc","euroc_mav__machine_hall","MH_05_difficult","run1","95.6495100935083","95.6495100935083","95.6495100935083","95.6495100935083","valid","sr"
"orb_slam3_mono","euroc","euroc_mav__machine_hall","MH_05_difficult","run2","97.9995087440351","97.9995087440351","97.9995087440351","97.9995087440351","valid","sr"
"orb_slam3_mono","euroc","euroc_mav__machine_hall","MH_05_difficult","run3","98.01940958863038","98.01940958863038","98.01940958863038","98.01940958863038","valid","sr"
"orb_slam3_stereo","euroc","euroc_mav__machine_hall","MH_01_easy","run1","89.95313965902058","89.95313965902058","89.95313965902058","89.95313965902058","valid","sr"
"orb_slam3_stereo","euroc","euroc_mav__machine_hall","MH_01_easy","run2","89.86768836696181","89.86768836696181","89.86768836696181","89.86768836696181","valid","sr"
"orb_slam3_stereo","euroc","euroc_mav__machine_hall","MH_01_easy","run3","89.93670434101404","89.93670434101404","89.93670434101404","89.93670434101404","valid","sr"
"orb_slam3_stereo","euroc","euroc_mav__machine_hall","MH_02_easy","run1","86.50665999721342","86.50665999721342","86.50665999721342","86.50665999721342","valid","sr"
"orb_slam3_stereo","euroc","euroc_mav__machine_hall","MH_02_easy","run2","86.38435839228757","86.38435839228757","86.38435839228757","86.38435839228757","valid","sr"
"orb_slam3_stereo","euroc","euroc_mav__machine_hall","MH_02_easy","run3","86.51577600789336","86.51577600789336","86.51577600789336","86.51577600789336","valid","sr"
"orb_slam3_stereo","euroc","euroc_mav__machine_hall","MH_03_medium","run1","97.04955132056415","97.04955132056415","97.04955132056415","97.04955132056415","valid","sr"
"orb_slam3_stereo","euroc","euroc_mav__machine_hall","MH_03_medium","run2","97.17514828516234","97.17514828516234","97.17514828516234","97.17514828516234","valid","sr"
"orb_slam3_stereo","euroc","euroc_mav__machine_hall","MH_03_medium","run3","97.42583491658827","97.42583491658827","97.42583491658827","97.42583491658827","valid","sr"
"orb_slam3_stereo","euroc","euroc_mav__machine_hall","MH_04_difficult","run1","95.51784820098096","95.51784820098096","95.51784820098096","95.51784820098096","valid","sr"
"orb_slam3_stereo","euroc","euroc_mav__machine_hall","MH_04_difficult","run2","95.77082990970673","95.77082990970673","95.77082990970673","95.77082990970673","valid","sr"
"orb_slam3_stereo","euroc","euroc_mav__machine_hall","MH_04_difficult","run3","95.56707720416675","95.56707720416675","95.56707720416675","95.56707720416675","valid","sr"
"orb_slam3_stereo","euroc","euroc_mav__machine_hall","MH_05_difficult","run1","97.14548604497236","97.14548604497236","97.14548604497236","97.14548604497236","valid","sr"
"orb_slam3_stereo","euroc","euroc_mav__machine_hall","MH_05_difficult","run2","98.38955607097206","98.38955607097206","98.38955607097206","98.38955607097206","valid","sr"
"orb_slam3_stereo","euroc","euroc_mav__machine_hall","MH_05_difficult","run3","98.45866903554229","98.45866903554229","98.45866903554229","98.45866903554229","valid","sr"
"rovio","euroc","euroc_mav__machine_hall","MH_01_easy","run1","90.64475890761643","90.64475890761643","90.64475890761643","90.64475890761643","valid","sr"
"rovio","euroc","euroc_mav__machine_hall","MH_01_easy","run2","90.32879663291531","90.32879663291531","90.32879663291531","90.32879663291531","valid","sr"
"rovio","euroc","euroc_mav__machine_hall","MH_01_easy","run3","90.32879663291531","90.32879663291531","90.32879663291531","90.32879663291531","valid","sr"
"rovio","euroc","euroc_mav__machine_hall","MH_02_easy","run1","86.36007142243609","86.36007142243609","86.36007142243609","86.36007142243609","valid","sr"
"rovio","euroc","euroc_mav__machine_hall","MH_02_easy","run2","86.36007142243609","86.36007142243609","86.36007142243609","86.36007142243609","valid","sr"
"rovio","euroc","euroc_mav__machine_hall","MH_02_easy","run3","86.02348836601207","86.02348836601207","86.02348836601207","86.02348836601207","valid","sr"
"rovio","euroc","euroc_mav__machine_hall","MH_03_medium","run1","100","100.0","100","100.0","valid","sr"
"rovio","euroc","euroc_mav__machine_hall","MH_03_medium","run2","100","100.0","100","100.0","valid","sr"
"rovio","euroc","euroc_mav__machine_hall","MH_03_medium","run3","100","100.0","100","100.0","valid","sr"
"rovio","euroc","euroc_mav__machine_hall","MH_04_difficult","run1","96.71420600067627","96.71420600067627","96.71420600067627","96.71420600067627","valid","sr"
"rovio","euroc","euroc_mav__machine_hall","MH_04_difficult","run2","96.71420600067627","96.71420600067627","96.71420600067627","96.71420600067627","valid","sr"
"rovio","euroc","euroc_mav__machine_hall","MH_04_difficult","run3","96.71420600067627","96.71420600067627","96.71420600067627","96.71420600067627","valid","sr"
"rovio","euroc","euroc_mav__machine_hall","MH_05_difficult","run1","99.57196573542814","99.57196573542814","99.57196573542814","99.57196573542814","valid","sr"
"rovio","euroc","euroc_mav__machine_hall","MH_05_difficult","run2","99.57196573542814","99.57196573542814","99.57196573542814","99.57196573542814","valid","sr"
"rovio","euroc","euroc_mav__machine_hall","MH_05_difficult","run3","99.57196573542814","99.57196573542814","99.57196573542814","99.57196573542814","valid","sr"
"sqrtvins_mono","euroc","euroc_mav__machine_hall","MH_01_easy","run1","90.61286480721968","90.61286480721968","90.61286480721968","90.61286480721968","valid","sr"
"sqrtvins_mono","euroc","euroc_mav__machine_hall","MH_01_easy","run2","90.61286480721968","90.61286480721968","90.61286480721968","90.61286480721968","valid","sr"
"sqrtvins_mono","euroc","euroc_mav__machine_hall","MH_01_easy","run3","90.61286480721968","90.61286480721968","90.61286480721968","90.61286480721968","valid","sr"
"sqrtvins_mono","euroc","euroc_mav__machine_hall","MH_02_easy","run1","86.72923178122107","86.72923178122107","86.72923178122107","86.72923178122107","valid","sr"
"sqrtvins_mono","euroc","euroc_mav__machine_hall","MH_02_easy","run2","86.72923178122107","86.72923178122107","86.72923178122107","86.72923178122107","valid","sr"
"sqrtvins_mono","euroc","euroc_mav__machine_hall","MH_02_easy","run3","86.72923178122107","86.72923178122107","86.72923178122107","86.72923178122107","valid","sr"
"sqrtvins_mono","euroc","euroc_mav__machine_hall","MH_03_medium","run1","97.42001553591663","97.42001553591663","97.42001553591663","97.42001553591663","valid","sr"
"sqrtvins_mono","euroc","euroc_mav__machine_hall","MH_03_medium","run2","97.42001553591663","97.42001553591663","97.42001553591663","97.42001553591663","valid","sr"
"sqrtvins_mono","euroc","euroc_mav__machine_hall","MH_03_medium","run3","97.42001553591663","97.42001553591663","97.42001553591663","97.42001553591663","valid","sr"
"sqrtvins_mono","euroc","euroc_mav__machine_hall","MH_04_difficult","run1","96.69654344585436","96.69654344585436","96.69654344585436","96.69654344585436","valid","sr"
"sqrtvins_mono","euroc","euroc_mav__machine_hall","MH_04_difficult","run2","96.69654344585436","96.69654344585436","96.69654344585436","96.69654344585436","valid","sr"
"sqrtvins_mono","euroc","euroc_mav__machine_hall","MH_04_difficult","run3","96.69654344585436","96.69654344585436","96.69654344585436","96.69654344585436","valid","sr"
"sqrtvins_mono","euroc","euroc_mav__machine_hall","MH_05_difficult","run1","99.99012127531694","99.99012127531694","99.99012127531694","99.99012127531694","valid","sr"
"sqrtvins_mono","euroc","euroc_mav__machine_hall","MH_05_difficult","run2","99.99012127531694","99.99012127531694","99.99012127531694","99.99012127531694","valid","sr"
"sqrtvins_mono","euroc","euroc_mav__machine_hall","MH_05_difficult","run3","99.99012127531694","99.99012127531694","99.99012127531694","99.99012127531694","valid","sr"
"sqrtvins_stereo","euroc","euroc_mav__machine_hall","MH_01_easy","run1","90.61286480721968","90.61286480721968","90.61286480721968","90.61286480721968","valid","sr"
"sqrtvins_stereo","euroc","euroc_mav__machine_hall","MH_01_easy","run2","90.61286480721968","90.61286480721968","90.61286480721968","90.61286480721968","valid","sr"
"sqrtvins_stereo","euroc","euroc_mav__machine_hall","MH_01_easy","run3","90.61286480721968","90.61286480721968","90.61286480721968","90.61286480721968","valid","sr"
"sqrtvins_stereo","euroc","euroc_mav__machine_hall","MH_02_easy","run1","99.77067282014896","99.77067282014896","99.77067282014896","99.77067282014896","valid","sr"
"sqrtvins_stereo","euroc","euroc_mav__machine_hall","MH_02_easy","run2","99.77067282014896","99.77067282014896","99.77067282014896","99.77067282014896","valid","sr"
"sqrtvins_stereo","euroc","euroc_mav__machine_hall","MH_02_easy","run3","99.77067282014896","99.77067282014896","99.77067282014896","99.77067282014896","valid","sr"
"sqrtvins_stereo","euroc","euroc_mav__machine_hall","MH_03_medium","run1","97.41935026783615","97.41935026783615","97.41935026783615","97.41935026783615","valid","sr"
"sqrtvins_stereo","euroc","euroc_mav__machine_hall","MH_03_medium","run2","97.41935026783615","97.41935026783615","97.41935026783615","97.41935026783615","valid","sr"
"sqrtvins_stereo","euroc","euroc_mav__machine_hall","MH_03_medium","run3","97.41935026783615","97.41935026783615","97.41935026783615","97.41935026783615","valid","sr"
"sqrtvins_stereo","euroc","euroc_mav__machine_hall","MH_04_difficult","run1","96.69407742872349","96.69407742872349","96.69407742872349","96.69407742872349","valid","sr"
"sqrtvins_stereo","euroc","euroc_mav__machine_hall","MH_04_difficult","run2","96.69407742872349","96.69407742872349","96.69407742872349","96.69407742872349","valid","sr"
"sqrtvins_stereo","euroc","euroc_mav__machine_hall","MH_04_difficult","run3","96.69407742872349","96.69407742872349","96.69407742872349","96.69407742872349","valid","sr"
"sqrtvins_stereo","euroc","euroc_mav__machine_hall","MH_05_difficult","run1","96.64636323514596","96.64636323514596","96.64636323514596","96.64636323514596","valid","sr"
"sqrtvins_stereo","euroc","euroc_mav__machine_hall","MH_05_difficult","run2","96.64636323514596","96.64636323514596","96.64636323514596","96.64636323514596","valid","sr"
"sqrtvins_stereo","euroc","euroc_mav__machine_hall","MH_05_difficult","run3","96.64636323514596","96.64636323514596","96.64636323514596","96.64636323514596","valid","sr"
"svo_mono","euroc","euroc_mav__machine_hall","MH_01_easy","run1","99.14162146807439","99.14162146807439","99.14162146807439","99.14162146807439","valid","sr"
"svo_mono","euroc","euroc_mav__machine_hall","MH_01_easy","run2","96.72470026558014","96.72470026558014","96.72470026558014","96.72470026558014","valid","sr"
"svo_mono","euroc","euroc_mav__machine_hall","MH_01_easy","run3","97.91823979369086","97.91823979369086","97.91823979369086","97.91823979369086","valid","sr"
"svo_mono","euroc","euroc_mav__machine_hall","MH_02_easy","run1","100","100.0","100","100.0","valid","sr"
"svo_mono","euroc","euroc_mav__machine_hall","MH_02_easy","run2","100","100.0","100","100.0","valid","sr"
"svo_mono","euroc","euroc_mav__machine_hall","MH_02_easy","run3","100","100.0","100","100.0","valid","sr"
"svo_mono","euroc","euroc_mav__machine_hall","MH_03_medium","run1","96.97968782257067","96.97968782257067","96.97968782257067","96.97968782257067","valid","sr"
"svo_mono","euroc","euroc_mav__machine_hall","MH_03_medium","run2","96.71847777749896","96.71847777749896","96.71847777749896","96.71847777749896","valid","sr"
"svo_mono","euroc","euroc_mav__machine_hall","MH_03_medium","run3","97.17223717177198","97.17223717177198","97.17223717177198","97.17223717177198","valid","sr"
"svo_mono","euroc","euroc_mav__machine_hall","MH_04_difficult","run1","75.39965114706105","75.39965114706105","75.39965114706105","75.39965114706105","valid","sr"
"svo_mono","euroc","euroc_mav__machine_hall","MH_04_difficult","run2","0","0.0","0","0.0","valid","sr"
"svo_mono","euroc","euroc_mav__machine_hall","MH_04_difficult","run3","0.6459942272614999","0.6459942272614999","0.6459942272614999","0.6459942272614999","valid","sr"
"svo_mono","euroc","euroc_mav__machine_hall","MH_05_difficult","run1","98.56992862064097","98.56992862064097","98.56992862064097","98.56992862064097","valid","sr"
"svo_mono","euroc","euroc_mav__machine_hall","MH_05_difficult","run2","99.3524813902455","99.3524813902455","99.3524813902455","99.3524813902455","valid","sr"
"svo_mono","euroc","euroc_mav__machine_hall","MH_05_difficult","run3","99.36015244549462","99.36015244549462","99.36015244549462","99.36015244549462","valid","sr"
"svo_stereo","euroc","euroc_mav__machine_hall","MH_01_easy","run1","100","100.0","100","100.0","valid","sr"
"svo_stereo","euroc","euroc_mav__machine_hall","MH_01_easy","run2","100","100.0","100","100.0","valid","sr"
"svo_stereo","euroc","euroc_mav__machine_hall","MH_01_easy","run3","100","100.0","100","100.0","valid","sr"
"svo_stereo","euroc","euroc_mav__machine_hall","MH_02_easy","run1","100","100.0","100","100.0","valid","sr"
"svo_stereo","euroc","euroc_mav__machine_hall","MH_02_easy","run2","100","100.0","100","100.0","valid","sr"
"svo_stereo","euroc","euroc_mav__machine_hall","MH_02_easy","run3","100","100.0","100","100.0","valid","sr"
"svo_stereo","euroc","euroc_mav__machine_hall","MH_03_medium","run1","100","100.0","100","100.0","valid","sr"
"svo_stereo","euroc","euroc_mav__machine_hall","MH_03_medium","run2","100","100.0","100","100.0","valid","sr"
"svo_stereo","euroc","euroc_mav__machine_hall","MH_03_medium","run3","100","100.0","100","100.0","valid","sr"
"svo_stereo","euroc","euroc_mav__machine_hall","MH_04_difficult","run1","99.43530647460294","99.43530647460294","99.43530647460294","99.43530647460294","valid","sr"
"svo_stereo","euroc","euroc_mav__machine_hall","MH_04_difficult","run2","99.51652298460192","99.51652298460192","99.51652298460192","99.51652298460192","valid","sr"
"svo_stereo","euroc","euroc_mav__machine_hall","MH_04_difficult","run3","99.50012306531177","99.50012306531177","99.50012306531177","99.50012306531177","valid","sr"
"svo_stereo","euroc","euroc_mav__machine_hall","MH_05_difficult","run1","99.66967022146443","99.66967022146443","99.66967022146443","99.66967022146443","valid","sr"
"svo_stereo","euroc","euroc_mav__machine_hall","MH_05_difficult","run2","99.57104027959545","99.57104027959545","99.57104027959545","99.57104027959545","valid","sr"
"svo_stereo","euroc","euroc_mav__machine_hall","MH_05_difficult","run3","99.67727864633201","99.67727864633201","99.67727864633201","99.67727864633201","valid","sr"
"vins-fusion_monoimu","euroc","euroc_mav__machine_hall","MH_01_easy","run1","99.22882748664622","99.22882748664622","99.22882748664622","99.22882748664622","valid","sr"
"vins-fusion_monoimu","euroc","euroc_mav__machine_hall","MH_01_easy","run2","99.22882748664622","99.22882748664622","99.22882748664622","99.22882748664622","valid","sr"
"vins-fusion_monoimu","euroc","euroc_mav__machine_hall","MH_01_easy","run3","99.22882748664622","99.22882748664622","99.22882748664622","99.22882748664622","valid","sr"
"vins-fusion_monoimu","euroc","euroc_mav__machine_hall","MH_02_easy","run1","99.77067282014896","99.77067282014896","99.77067282014896","99.77067282014896","valid","sr"
"vins-fusion_monoimu","euroc","euroc_mav__machine_hall","MH_02_easy","run2","99.77067282014896","99.77067282014896","99.77067282014896","99.77067282014896","valid","sr"
"vins-fusion_monoimu","euroc","euroc_mav__machine_hall","MH_02_easy","run3","99.77067282014896","99.77067282014896","99.77067282014896","99.77067282014896","valid","sr"
"vins-fusion_monoimu","euroc","euroc_mav__machine_hall","MH_03_medium","run1","99.51066492326977","99.51066492326977","99.51066492326977","99.51066492326977","valid","sr"
"vins-fusion_monoimu","euroc","euroc_mav__machine_hall","MH_03_medium","run2","98.70360636455516","98.70360636455516","98.70360636455516","98.70360636455516","valid","sr"
"vins-fusion_monoimu","euroc","euroc_mav__machine_hall","MH_03_medium","run3","98.42426305270739","98.42426305270739","98.42426305270739","98.42426305270739","valid","sr"
"vins-fusion_monoimu","euroc","euroc_mav__machine_hall","MH_04_difficult","run1","99.67663113858507","99.67663113858507","99.67663113858507","99.67663113858507","valid","sr"
"vins-fusion_monoimu","euroc","euroc_mav__machine_hall","MH_04_difficult","run2","99.67663113858507","99.67663113858507","99.67663113858507","99.67663113858507","valid","sr"
"vins-fusion_monoimu","euroc","euroc_mav__machine_hall","MH_04_difficult","run3","99.97954517411422","99.97954517411422","99.97954517411422","99.97954517411422","valid","sr"
"vins-fusion_monoimu","euroc","euroc_mav__machine_hall","MH_05_difficult","run1","99.39732881075115","99.39732881075115","99.39732881075115","99.39732881075115","valid","sr"
"vins-fusion_monoimu","euroc","euroc_mav__machine_hall","MH_05_difficult","run2","99.39732881075115","99.39732881075115","99.39732881075115","99.39732881075115","valid","sr"
"vins-fusion_monoimu","euroc","euroc_mav__machine_hall","MH_05_difficult","run3","98.75516786952481","98.75516786952481","98.75516786952481","98.75516786952481","valid","sr"
"vins-fusion_stereoimu","euroc","euroc_mav__machine_hall","MH_01_easy","run1","99.59988554763099","99.59988554763099","99.59988554763099","99.59988554763099","valid","sr"
"vins-fusion_stereoimu","euroc","euroc_mav__machine_hall","MH_01_easy","run2","99.59988554763099","99.59988554763099","99.59988554763099","99.59988554763099","valid","sr"
"vins-fusion_stereoimu","euroc","euroc_mav__machine_hall","MH_01_easy","run3","99.59988554763099","99.59988554763099","99.59988554763099","99.59988554763099","valid","sr"
"vins-fusion_stereoimu","euroc","euroc_mav__machine_hall","MH_02_easy","run1","99.89490641278194","99.89490641278194","99.89490641278194","99.89490641278194","valid","sr"
"vins-fusion_stereoimu","euroc","euroc_mav__machine_hall","MH_02_easy","run2","99.89490641278194","99.89490641278194","99.89490641278194","99.89490641278194","valid","sr"
"vins-fusion_stereoimu","euroc","euroc_mav__machine_hall","MH_02_easy","run3","99.89490641278194","99.89490641278194","99.89490641278194","99.89490641278194","valid","sr"
"vins-fusion_stereoimu","euroc","euroc_mav__machine_hall","MH_03_medium","run1","98.99278191076623","98.99278191076623","98.99278191076623","98.99278191076623","valid","sr"
"vins-fusion_stereoimu","euroc","euroc_mav__machine_hall","MH_03_medium","run2","98.99278191076623","98.99278191076623","98.99278191076623","98.99278191076623","valid","sr"
"vins-fusion_stereoimu","euroc","euroc_mav__machine_hall","MH_03_medium","run3","99.46646862119516","99.46646862119516","99.46646862119516","99.46646862119516","valid","sr"
"vins-fusion_stereoimu","euroc","euroc_mav__machine_hall","MH_04_difficult","run1","100","100.0","100","100.0","valid","sr"
"vins-fusion_stereoimu","euroc","euroc_mav__machine_hall","MH_04_difficult","run2","100","100.0","100","100.0","valid","sr"
"vins-fusion_stereoimu","euroc","euroc_mav__machine_hall","MH_04_difficult","run3","100","100.0","100","100.0","valid","sr"
"vins-fusion_stereoimu","euroc","euroc_mav__machine_hall","MH_05_difficult","run1","99.59905032066769","99.59905032066769","99.59905032066769","99.59905032066769","valid","sr"
"vins-fusion_stereoimu","euroc","euroc_mav__machine_hall","MH_05_difficult","run2","99.59905032066769","99.59905032066769","99.59905032066769","99.59905032066769","valid","sr"
"vins-fusion_stereoimu","euroc","euroc_mav__machine_hall","MH_05_difficult","run3","99.56589204368579","99.56589204368579","99.56589204368579","99.56589204368579","valid","sr"
"airslam","grandtour","grand_tour__group1","2024-10-01-11-29-55","run1","97.55996767080939","97.55996767080939","97.55996767080939","97.55996767080939","valid","sr"
"airslam","grandtour","grand_tour__group1","2024-10-01-11-29-55","run2","97.55996767080939","97.55996767080939","97.55996767080939","97.55996767080939","valid","sr"
"airslam","grandtour","grand_tour__group1","2024-10-01-11-29-55","run3","97.55996767080939","97.55996767080939","97.55996767080939","97.55996767080939","valid","sr"
"airslam","grandtour","grand_tour__group1","2024-10-01-12-00-49","run1","92.05223050560943","92.05223050560943","92.05223050560943","92.05223050560943","valid","sr"
"airslam","grandtour","grand_tour__group1","2024-10-01-12-00-49","run2","92.47972022078092","92.47972022078092","92.47972022078092","92.47972022078092","valid","sr"
"airslam","grandtour","grand_tour__group1","2024-10-01-12-00-49","run3","92.47972022078092","92.47972022078092","92.47972022078092","92.47972022078092","valid","sr"
"airslam","grandtour","grand_tour__group1","2024-11-02-17-10-25","run1","93.01265505591218","93.01265505591218","93.01265505591218","93.01265505591218","valid","sr"
"airslam","grandtour","grand_tour__group1","2024-11-02-17-10-25","run2","93.06583485402415","93.06583485402415","93.06583485402415","93.06583485402415","valid","sr"
"airslam","grandtour","grand_tour__group1","2024-11-02-17-10-25","run3","93.06583485402415","93.06583485402415","93.06583485402415","93.06583485402415","valid","sr"
"airslam","grandtour","grand_tour__group1","2024-11-02-17-43-10","run1","98.63742902835833","98.63742902835833","98.63742902835833","98.63742902835833","valid","sr"
"airslam","grandtour","grand_tour__group1","2024-11-02-17-43-10","run2","98.2287084321476","98.2287084321476","98.2287084321476","98.2287084321476","valid","sr"
"airslam","grandtour","grand_tour__group1","2024-11-02-17-43-10","run3","97.71346495982054","97.71346495982054","97.71346495982054","97.71346495982054","valid","sr"
"airslam","grandtour","grand_tour__group1","2024-11-02-21-12-51","run1","84.04605337729748","84.04605337729748","84.04605337729748","84.04605337729748","valid","sr"
"airslam","grandtour","grand_tour__group1","2024-11-02-21-12-51","run2","84.16708976447634","84.16708976447634","84.16708976447634","84.16708976447634","valid","sr"
"airslam","grandtour","grand_tour__group1","2024-11-02-21-12-51","run3","84.29022147455616","84.29022147455616","84.29022147455616","84.29022147455616","valid","sr"
"basalt_stereo","grandtour","grand_tour__group1","2024-10-01-11-29-55","run1","98.39646344799002","98.39646344799002","98.39646344799002","98.39646344799002","valid","sr"
"basalt_stereo","grandtour","grand_tour__group1","2024-10-01-11-29-55","run2","98.39646344799002","98.39646344799002","98.39646344799002","98.39646344799002","valid","sr"
"basalt_stereo","grandtour","grand_tour__group1","2024-10-01-11-29-55","run3","98.39646344799002","98.39646344799002","98.39646344799002","98.39646344799002","valid","sr"
"basalt_stereo","grandtour","grand_tour__group1","2024-10-01-12-00-49","run1",,"","0","0.0","missing","sr"
"basalt_stereo","grandtour","grand_tour__group1","2024-10-01-12-00-49","run2",,"","0","0.0","missing","sr"
"basalt_stereo","grandtour","grand_tour__group1","2024-10-01-12-00-49","run3",,"","0","0.0","missing","sr"
"basalt_stereo","grandtour","grand_tour__group1","2024-11-02-17-10-25","run1","99.8695807783843","99.8695807783843","99.8695807783843","99.8695807783843","valid","sr"
"basalt_stereo","grandtour","grand_tour__group1","2024-11-02-17-10-25","run2","99.8695807783843","99.8695807783843","99.8695807783843","99.8695807783843","valid","sr"
"basalt_stereo","grandtour","grand_tour__group1","2024-11-02-17-10-25","run3","99.8695807783843","99.8695807783843","99.8695807783843","99.8695807783843","valid","sr"
"basalt_stereo","grandtour","grand_tour__group1","2024-11-02-17-43-10","run1","94.61491810035216","94.61491810035216","94.61491810035216","94.61491810035216","valid","sr"
"basalt_stereo","grandtour","grand_tour__group1","2024-11-02-17-43-10","run2","94.61491810035216","94.61491810035216","94.61491810035216","94.61491810035216","valid","sr"
"basalt_stereo","grandtour","grand_tour__group1","2024-11-02-17-43-10","run3","94.61491810035216","94.61491810035216","94.61491810035216","94.61491810035216","valid","sr"
"basalt_stereo","grandtour","grand_tour__group1","2024-11-02-21-12-51","run1","90.72272052019143","90.72272052019143","90.72272052019143","90.72272052019143","valid","sr"
"basalt_stereo","grandtour","grand_tour__group1","2024-11-02-21-12-51","run2","90.72272052019143","90.72272052019143","90.72272052019143","90.72272052019143","valid","sr"
"basalt_stereo","grandtour","grand_tour__group1","2024-11-02-21-12-51","run3","90.72272052019143","90.72272052019143","90.72272052019143","90.72272052019143","valid","sr"
"dm_vio","grandtour","grand_tour__group1","2024-10-01-11-29-55","run1","98.21146594452716","98.21146594452716","98.21146594452716","98.21146594452716","valid","sr"
"dm_vio","grandtour","grand_tour__group1","2024-10-01-11-29-55","run2","98.36635069078484","98.36635069078484","98.36635069078484","98.36635069078484","valid","sr"
"dm_vio","grandtour","grand_tour__group1","2024-10-01-11-29-55","run3","99.35237248688941","99.35237248688941","99.35237248688941","99.35237248688941","valid","sr"
"dm_vio","grandtour","grand_tour__group1","2024-10-01-12-00-49","run1","0.2621437779165818","0.2621437779165818","0.2621437779165818","0.2621437779165818","valid","sr"
"dm_vio","grandtour","grand_tour__group1","2024-10-01-12-00-49","run2","0.25589919112846166","0.25589919112846166","0.25589919112846166","0.25589919112846166","valid","sr"
"dm_vio","grandtour","grand_tour__group1","2024-10-01-12-00-49","run3","0.9646936579955299","0.9646936579955299","0.9646936579955299","0.9646936579955299","valid","sr"
"dm_vio","grandtour","grand_tour__group1","2024-11-02-17-10-25","run1","0","0.0","0","0.0","valid","sr"
"dm_vio","grandtour","grand_tour__group1","2024-11-02-17-10-25","run2",,"","0","0.0","missing","sr"
"dm_vio","grandtour","grand_tour__group1","2024-11-02-17-10-25","run3","68.97381075417485","68.97381075417485","68.97381075417485","68.97381075417485","valid","sr"
"dm_vio","grandtour","grand_tour__group1","2024-11-02-17-43-10","run1","21.691350694550003","21.691350694550003","21.691350694550003","21.691350694550003","valid","sr"
"dm_vio","grandtour","grand_tour__group1","2024-11-02-17-43-10","run2","23.41564400366061","23.41564400366061","23.41564400366061","23.41564400366061","valid","sr"
"dm_vio","grandtour","grand_tour__group1","2024-11-02-17-43-10","run3","9.668738636350087","9.668738636350087","9.668738636350087","9.668738636350087","valid","sr"
"dm_vio","grandtour","grand_tour__group1","2024-11-02-21-12-51","run1","38.072493627046384","38.072493627046384","38.072493627046384","38.072493627046384","valid","sr"
"dm_vio","grandtour","grand_tour__group1","2024-11-02-21-12-51","run2","36.91751161236121","36.91751161236121","36.91751161236121","36.91751161236121","valid","sr"
"dm_vio","grandtour","grand_tour__group1","2024-11-02-21-12-51","run3","37.219305824986854","37.219305824986854","37.219305824986854","37.219305824986854","valid","sr"
"kimera_vio_mono","grandtour","grand_tour__group1","2024-10-01-11-29-55","run1","89.06239151471941","89.06239151471941","89.06239151471941","89.06239151471941","valid","sr"
"kimera_vio_mono","grandtour","grand_tour__group1","2024-10-01-11-29-55","run2","89.06239151471941","89.06239151471941","89.06239151471941","89.06239151471941","valid","sr"
"kimera_vio_mono","grandtour","grand_tour__group1","2024-10-01-11-29-55","run3","89.06239151471941","89.06239151471941","89.06239151471941","89.06239151471941","valid","sr"
"kimera_vio_mono","grandtour","grand_tour__group1","2024-10-01-12-00-49","run1","96.81513599468825","96.81513599468825","96.81513599468825","96.81513599468825","valid","sr"
"kimera_vio_mono","grandtour","grand_tour__group1","2024-10-01-12-00-49","run2","96.81513599468825","96.81513599468825","96.81513599468825","96.81513599468825","valid","sr"
"kimera_vio_mono","grandtour","grand_tour__group1","2024-10-01-12-00-49","run3","96.81513599468825","96.81513599468825","96.81513599468825","96.81513599468825","valid","sr"
"kimera_vio_mono","grandtour","grand_tour__group1","2024-11-02-17-10-25","run1","94.59302126958585","94.59302126958585","94.59302126958585","94.59302126958585","valid","sr"
"kimera_vio_mono","grandtour","grand_tour__group1","2024-11-02-17-10-25","run2","94.59302126958585","94.59302126958585","94.59302126958585","94.59302126958585","valid","sr"
"kimera_vio_mono","grandtour","grand_tour__group1","2024-11-02-17-10-25","run3","94.59302126958585","94.59302126958585","94.59302126958585","94.59302126958585","valid","sr"
"kimera_vio_mono","grandtour","grand_tour__group1","2024-11-02-17-43-10","run1","87.36397074693257","87.36397074693257","87.36397074693257","87.36397074693257","valid","sr"
"kimera_vio_mono","grandtour","grand_tour__group1","2024-11-02-17-43-10","run2","87.36397074693257","87.36397074693257","87.36397074693257","87.36397074693257","valid","sr"
"kimera_vio_mono","grandtour","grand_tour__group1","2024-11-02-17-43-10","run3","87.36397074693257","87.36397074693257","87.36397074693257","87.36397074693257","valid","sr"
"kimera_vio_mono","grandtour","grand_tour__group1","2024-11-02-21-12-51","run1","0.09103411839130592","0.09103411839130592","0.09103411839130592","0.09103411839130592","valid","sr"
"kimera_vio_mono","grandtour","grand_tour__group1","2024-11-02-21-12-51","run2","0.09103411839130592","0.09103411839130592","0.09103411839130592","0.09103411839130592","valid","sr"
"kimera_vio_mono","grandtour","grand_tour__group1","2024-11-02-21-12-51","run3","0.09103411839130592","0.09103411839130592","0.09103411839130592","0.09103411839130592","valid","sr"
"kimera_vio_stereo","grandtour","grand_tour__group1","2024-10-01-11-29-55","run1","1.1353696384178797","1.1353696384178797","1.1353696384178797","1.1353696384178797","valid","sr"
"kimera_vio_stereo","grandtour","grand_tour__group1","2024-10-01-11-29-55","run2","1.1353696384178797","1.1353696384178797","1.1353696384178797","1.1353696384178797","valid","sr"
"kimera_vio_stereo","grandtour","grand_tour__group1","2024-10-01-11-29-55","run3","1.1353696384178797","1.1353696384178797","1.1353696384178797","1.1353696384178797","valid","sr"
"kimera_vio_stereo","grandtour","grand_tour__group1","2024-10-01-12-00-49","run1","96.74388324766842","96.74388324766842","96.74388324766842","96.74388324766842","valid","sr"
"kimera_vio_stereo","grandtour","grand_tour__group1","2024-10-01-12-00-49","run2","96.74388324766842","96.74388324766842","96.74388324766842","96.74388324766842","valid","sr"
"kimera_vio_stereo","grandtour","grand_tour__group1","2024-10-01-12-00-49","run3","96.74388324766842","96.74388324766842","96.74388324766842","96.74388324766842","valid","sr"
"kimera_vio_stereo","grandtour","grand_tour__group1","2024-11-02-17-10-25","run1","93.70503115210931","93.70503115210931","93.70503115210931","93.70503115210931","valid","sr"
"kimera_vio_stereo","grandtour","grand_tour__group1","2024-11-02-17-10-25","run2","93.71687817776404","93.71687817776404","93.71687817776404","93.71687817776404","valid","sr"
"kimera_vio_stereo","grandtour","grand_tour__group1","2024-11-02-17-10-25","run3","93.71687817776404","93.71687817776404","93.71687817776404","93.71687817776404","valid","sr"
"kimera_vio_stereo","grandtour","grand_tour__group1","2024-11-02-17-43-10","run1","88.19133689250313","88.19133689250313","88.19133689250313","88.19133689250313","valid","sr"
"kimera_vio_stereo","grandtour","grand_tour__group1","2024-11-02-17-43-10","run2","88.19133689250313","88.19133689250313","88.19133689250313","88.19133689250313","valid","sr"
"kimera_vio_stereo","grandtour","grand_tour__group1","2024-11-02-17-43-10","run3","88.19133689250313","88.19133689250313","88.19133689250313","88.19133689250313","valid","sr"
"kimera_vio_stereo","grandtour","grand_tour__group1","2024-11-02-21-12-51","run1","0.02053326910549196","0.02053326910549196","0.02053326910549196","0.02053326910549196","valid","sr"
"kimera_vio_stereo","grandtour","grand_tour__group1","2024-11-02-21-12-51","run2","0.02053326910549196","0.02053326910549196","0.02053326910549196","0.02053326910549196","valid","sr"
"kimera_vio_stereo","grandtour","grand_tour__group1","2024-11-02-21-12-51","run3","0.02053326910549196","0.02053326910549196","0.02053326910549196","0.02053326910549196","valid","sr"
"okvis2x_mono","grandtour","grand_tour__group1","2024-10-01-11-29-55","run1","99.06258827834087","99.06258827834087","99.06258827834087","99.06258827834087","valid","sr"
"okvis2x_mono","grandtour","grand_tour__group1","2024-10-01-11-29-55","run2","98.94419515472715","98.94419515472715","98.94419515472715","98.94419515472715","valid","sr"
"okvis2x_mono","grandtour","grand_tour__group1","2024-10-01-11-29-55","run3","99.09624156269106","99.09624156269106","99.09624156269106","99.09624156269106","valid","sr"
"okvis2x_mono","grandtour","grand_tour__group1","2024-10-01-12-00-49","run1","60.59377214872078","60.59377214872078","60.59377214872078","60.59377214872078","valid","sr"
"okvis2x_mono","grandtour","grand_tour__group1","2024-10-01-12-00-49","run2","97.36376493277416","97.36376493277416","97.36376493277416","97.36376493277416","valid","sr"
"okvis2x_mono","grandtour","grand_tour__group1","2024-10-01-12-00-49","run3","96.94069013258269","96.94069013258269","96.94069013258269","96.94069013258269","valid","sr"
"okvis2x_mono","grandtour","grand_tour__group1","2024-11-02-17-10-25","run1","0","0.0","0","0.0","valid","sr"
"okvis2x_mono","grandtour","grand_tour__group1","2024-11-02-17-10-25","run2","98.52308105479801","98.52308105479801","98.52308105479801","98.52308105479801","valid","sr"
"okvis2x_mono","grandtour","grand_tour__group1","2024-11-02-17-10-25","run3","0","0.0","0","0.0","valid","sr"
"okvis2x_mono","grandtour","grand_tour__group1","2024-11-02-17-43-10","run1","7.764583392213583","7.764583392213583","7.764583392213583","7.764583392213583","valid","sr"
"okvis2x_mono","grandtour","grand_tour__group1","2024-11-02-17-43-10","run2",,"","0","0.0","invalid","sr"
"okvis2x_mono","grandtour","grand_tour__group1","2024-11-02-17-43-10","run3","38.00633910651923","38.00633910651923","38.00633910651923","38.00633910651923","valid","sr"
"okvis2x_mono","grandtour","grand_tour__group1","2024-11-02-21-12-51","run1","54.37527263826703","54.37527263826703","54.37527263826703","54.37527263826703","valid","sr"
"okvis2x_mono","grandtour","grand_tour__group1","2024-11-02-21-12-51","run2","56.49959270754501","56.49959270754501","56.49959270754501","56.49959270754501","valid","sr"
"okvis2x_mono","grandtour","grand_tour__group1","2024-11-02-21-12-51","run3","54.61622875236514","54.61622875236514","54.61622875236514","54.61622875236514","valid","sr"
"okvis2x_stereo","grandtour","grand_tour__group1","2024-10-01-11-29-55","run1","99.98909977293452","99.98909977293452","99.98909977293452","99.98909977293452","valid","sr"
"okvis2x_stereo","grandtour","grand_tour__group1","2024-10-01-11-29-55","run2","99.98909977293452","99.98909977293452","99.98909977293452","99.98909977293452","valid","sr"
"okvis2x_stereo","grandtour","grand_tour__group1","2024-10-01-11-29-55","run3","99.98909977293452","99.98909977293452","99.98909977293452","99.98909977293452","valid","sr"
"okvis2x_stereo","grandtour","grand_tour__group1","2024-10-01-12-00-49","run1","99.98321284017273","99.98321284017273","99.98321284017273","99.98321284017273","valid","sr"
"okvis2x_stereo","grandtour","grand_tour__group1","2024-10-01-12-00-49","run2","99.98321284017273","99.98321284017273","99.98321284017273","99.98321284017273","valid","sr"
"okvis2x_stereo","grandtour","grand_tour__group1","2024-10-01-12-00-49","run3","99.98321284017273","99.98321284017273","99.98321284017273","99.98321284017273","valid","sr"
"okvis2x_stereo","grandtour","grand_tour__group1","2024-11-02-17-10-25","run1","99.8695807783843","99.8695807783843","99.8695807783843","99.8695807783843","valid","sr"
"okvis2x_stereo","grandtour","grand_tour__group1","2024-11-02-17-10-25","run2","99.8695807783843","99.8695807783843","99.8695807783843","99.8695807783843","valid","sr"
"okvis2x_stereo","grandtour","grand_tour__group1","2024-11-02-17-10-25","run3","99.8695807783843","99.8695807783843","99.8695807783843","99.8695807783843","valid","sr"
"okvis2x_stereo","grandtour","grand_tour__group1","2024-11-02-17-43-10","run1","97.72787755840362","97.72787755840362","97.72787755840362","97.72787755840362","valid","sr"
"okvis2x_stereo","grandtour","grand_tour__group1","2024-11-02-17-43-10","run2","97.92263071208231","97.92263071208231","97.92263071208231","97.92263071208231","valid","sr"
"okvis2x_stereo","grandtour","grand_tour__group1","2024-11-02-17-43-10","run3","97.16681793590467","97.16681793590467","97.16681793590467","97.16681793590467","valid","sr"
"okvis2x_stereo","grandtour","grand_tour__group1","2024-11-02-21-12-51","run1","96.27033496826924","96.27033496826924","96.27033496826924","96.27033496826924","valid","sr"
"okvis2x_stereo","grandtour","grand_tour__group1","2024-11-02-21-12-51","run2","96.28791256652696","96.28791256652696","96.28791256652696","96.28791256652696","valid","sr"
"okvis2x_stereo","grandtour","grand_tour__group1","2024-11-02-21-12-51","run3","99.10520442962938","99.10520442962938","99.10520442962938","99.10520442962938","valid","sr"
"open_vins_mono","grandtour","grand_tour__group1","2024-10-01-11-29-55","run1","99.54306071528977","99.54306071528977","99.54306071528977","99.54306071528977","valid","sr"
"open_vins_mono","grandtour","grand_tour__group1","2024-10-01-11-29-55","run2","99.54306071528977","99.54306071528977","99.54306071528977","99.54306071528977","valid","sr"
"open_vins_mono","grandtour","grand_tour__group1","2024-10-01-11-29-55","run3","99.54306071528977","99.54306071528977","99.54306071528977","99.54306071528977","valid","sr"
"open_vins_mono","grandtour","grand_tour__group1","2024-10-01-12-00-49","run1","95.25327256289413","95.25327256289413","95.25327256289413","95.25327256289413","valid","sr"
"open_vins_mono","grandtour","grand_tour__group1","2024-10-01-12-00-49","run2","95.25821814035294","95.25821814035294","95.25821814035294","95.25821814035294","valid","sr"
"open_vins_mono","grandtour","grand_tour__group1","2024-10-01-12-00-49","run3","95.68424125193525","95.68424125193525","95.68424125193525","95.68424125193525","valid","sr"
"open_vins_mono","grandtour","grand_tour__group1","2024-11-02-17-10-25","run1","99.8695807783843","99.8695807783843","99.8695807783843","99.8695807783843","valid","sr"
"open_vins_mono","grandtour","grand_tour__group1","2024-11-02-17-10-25","run2","99.8695807783843","99.8695807783843","99.8695807783843","99.8695807783843","valid","sr"
"open_vins_mono","grandtour","grand_tour__group1","2024-11-02-17-10-25","run3","99.8695807783843","99.8695807783843","99.8695807783843","99.8695807783843","valid","sr"
"open_vins_mono","grandtour","grand_tour__group1","2024-11-02-17-43-10","run1","99.48179068807337","99.48179068807337","99.48179068807337","99.48179068807337","valid","sr"
"open_vins_mono","grandtour","grand_tour__group1","2024-11-02-17-43-10","run2","99.48179068807337","99.48179068807337","99.48179068807337","99.48179068807337","valid","sr"
"open_vins_mono","grandtour","grand_tour__group1","2024-11-02-17-43-10","run3","99.48179068807337","99.48179068807337","99.48179068807337","99.48179068807337","valid","sr"
"open_vins_mono","grandtour","grand_tour__group1","2024-11-02-21-12-51","run1","92.33240055743967","92.33240055743967","92.33240055743967","92.33240055743967","valid","sr"
"open_vins_mono","grandtour","grand_tour__group1","2024-11-02-21-12-51","run2","92.16926219997617","92.16926219997617","92.16926219997617","92.16926219997617","valid","sr"
"open_vins_mono","grandtour","grand_tour__group1","2024-11-02-21-12-51","run3","92.33240055743967","92.33240055743967","92.33240055743967","92.33240055743967","valid","sr"
"open_vins_stereo","grandtour","grand_tour__group1","2024-10-01-11-29-55","run1","99.61088284859935","99.61088284859935","99.61088284859935","99.61088284859935","valid","sr"
"open_vins_stereo","grandtour","grand_tour__group1","2024-10-01-11-29-55","run2","99.04955456874708","99.04955456874708","99.04955456874708","99.04955456874708","valid","sr"
"open_vins_stereo","grandtour","grand_tour__group1","2024-10-01-11-29-55","run3","99.47430349319364","99.47430349319364","99.47430349319364","99.47430349319364","valid","sr"
"open_vins_stereo","grandtour","grand_tour__group1","2024-10-01-12-00-49","run1","99.16518199267178","99.16518199267178","99.16518199267178","99.16518199267178","valid","sr"
"open_vins_stereo","grandtour","grand_tour__group1","2024-10-01-12-00-49","run2","0","0.0","0","0.0","valid","sr"
"open_vins_stereo","grandtour","grand_tour__group1","2024-10-01-12-00-49","run3","96.92235674380508","96.92235674380508","96.92235674380508","96.92235674380508","valid","sr"
"open_vins_stereo","grandtour","grand_tour__group1","2024-11-02-17-10-25","run1","0","0.0","0","0.0","valid","sr"
"open_vins_stereo","grandtour","grand_tour__group1","2024-11-02-17-10-25","run2","99.8695807783843","99.8695807783843","99.8695807783843","99.8695807783843","valid","sr"
"open_vins_stereo","grandtour","grand_tour__group1","2024-11-02-17-10-25","run3","99.8695807783843","99.8695807783843","99.8695807783843","99.8695807783843","valid","sr"
"open_vins_stereo","grandtour","grand_tour__group1","2024-11-02-17-43-10","run1","99.8276342786099","99.8276342786099","99.8276342786099","99.8276342786099","valid","sr"
"open_vins_stereo","grandtour","grand_tour__group1","2024-11-02-17-43-10","run2","99.18273296216567","99.18273296216567","99.18273296216567","99.18273296216567","valid","sr"
"open_vins_stereo","grandtour","grand_tour__group1","2024-11-02-17-43-10","run3","99.6224019806353","99.6224019806353","99.6224019806353","99.6224019806353","valid","sr"
"open_vins_stereo","grandtour","grand_tour__group1","2024-11-02-21-12-51","run1","93.37219375861669","93.37219375861669","93.37219375861669","93.37219375861669","valid","sr"
"open_vins_stereo","grandtour","grand_tour__group1","2024-11-02-21-12-51","run2","84.31521678465289","84.31521678465289","84.31521678465289","84.31521678465289","valid","sr"
"open_vins_stereo","grandtour","grand_tour__group1","2024-11-02-21-12-51","run3","0.7275737362390978","0.7275737362390978","0.7275737362390978","0.7275737362390978","valid","sr"
"orb_slam3_mono","grandtour","grand_tour__group1","2024-10-01-11-29-55","run1","66.87690636441278","66.87690636441278","66.87690636441278","66.87690636441278","valid","sr"
"orb_slam3_mono","grandtour","grand_tour__group1","2024-10-01-11-29-55","run2","62.842703526506696","62.842703526506696","62.842703526506696","62.842703526506696","valid","sr"
"orb_slam3_mono","grandtour","grand_tour__group1","2024-10-01-11-29-55","run3","41.25882251462868","41.25882251462868","41.25882251462868","41.25882251462868","valid","sr"
"orb_slam3_mono","grandtour","grand_tour__group1","2024-10-01-12-00-49","run1","31.158123637274038","31.158123637274038","31.158123637274038","31.158123637274038","valid","sr"
"orb_slam3_mono","grandtour","grand_tour__group1","2024-10-01-12-00-49","run2","32.38489703881511","32.38489703881511","32.38489703881511","32.38489703881511","valid","sr"
"orb_slam3_mono","grandtour","grand_tour__group1","2024-10-01-12-00-49","run3","32.962460213844714","32.962460213844714","32.962460213844714","32.962460213844714","valid","sr"
"orb_slam3_mono","grandtour","grand_tour__group1","2024-11-02-17-10-25","run1","29.347200751098647","29.347200751098647","29.347200751098647","29.347200751098647","valid","sr"
"orb_slam3_mono","grandtour","grand_tour__group1","2024-11-02-17-10-25","run2",,"","0","0.0","missing","sr"
"orb_slam3_mono","grandtour","grand_tour__group1","2024-11-02-17-10-25","run3",,"","0","0.0","missing","sr"
"orb_slam3_mono","grandtour","grand_tour__group1","2024-11-02-17-43-10","run1",,"","0","0.0","missing","sr"
"orb_slam3_mono","grandtour","grand_tour__group1","2024-11-02-17-43-10","run2",,"","0","0.0","missing","sr"
"orb_slam3_mono","grandtour","grand_tour__group1","2024-11-02-17-43-10","run3",,"","0","0.0","missing","sr"
"orb_slam3_mono","grandtour","grand_tour__group1","2024-11-02-21-12-51","run1","6.8854640503923745","6.8854640503923745","6.8854640503923745","6.8854640503923745","valid","sr"
"orb_slam3_mono","grandtour","grand_tour__group1","2024-11-02-21-12-51","run2",,"","0","0.0","missing","sr"
"orb_slam3_mono","grandtour","grand_tour__group1","2024-11-02-21-12-51","run3",,"","0","0.0","missing","sr"
"orb_slam3_stereo","grandtour","grand_tour__group1","2024-10-01-11-29-55","run1","58.62151594016321","58.62151594016321","58.62151594016321","58.62151594016321","valid","sr"
"orb_slam3_stereo","grandtour","grand_tour__group1","2024-10-01-11-29-55","run2","3.311594591729996","3.311594591729996","3.311594591729996","3.311594591729996","valid","sr"
"orb_slam3_stereo","grandtour","grand_tour__group1","2024-10-01-11-29-55","run3","3.307311524387003","3.307311524387003","3.307311524387003","3.307311524387003","valid","sr"
"orb_slam3_stereo","grandtour","grand_tour__group1","2024-10-01-12-00-49","run1","4.739980529221851","4.739980529221851","4.739980529221851","4.739980529221851","valid","sr"
"orb_slam3_stereo","grandtour","grand_tour__group1","2024-10-01-12-00-49","run2","4.957059572925902","4.957059572925902","4.957059572925902","4.957059572925902","valid","sr"
"orb_slam3_stereo","grandtour","grand_tour__group1","2024-10-01-12-00-49","run3","33.84310247934278","33.84310247934278","33.84310247934278","33.84310247934278","valid","sr"
"orb_slam3_stereo","grandtour","grand_tour__group1","2024-11-02-17-10-25","run1",,"","0","0.0","missing","sr"
"orb_slam3_stereo","grandtour","grand_tour__group1","2024-11-02-17-10-25","run2",,"","0","0.0","missing","sr"
"orb_slam3_stereo","grandtour","grand_tour__group1","2024-11-02-17-10-25","run3",,"","0","0.0","missing","sr"
"orb_slam3_stereo","grandtour","grand_tour__group1","2024-11-02-17-43-10","run1","11.30582713139849","11.30582713139849","11.30582713139849","11.30582713139849","valid","sr"
"orb_slam3_stereo","grandtour","grand_tour__group1","2024-11-02-17-43-10","run2","5.653151343022156","5.653151343022156","5.653151343022156","5.653151343022156","valid","sr"
"orb_slam3_stereo","grandtour","grand_tour__group1","2024-11-02-17-43-10","run3","23.508851716830698","23.508851716830698","23.508851716830698","23.508851716830698","valid","sr"
"orb_slam3_stereo","grandtour","grand_tour__group1","2024-11-02-21-12-51","run1","0.20496175607862496","0.20496175607862496","0.20496175607862496","0.20496175607862496","valid","sr"
"orb_slam3_stereo","grandtour","grand_tour__group1","2024-11-02-21-12-51","run2","0","0.0","0","0.0","valid","sr"
"orb_slam3_stereo","grandtour","grand_tour__group1","2024-11-02-21-12-51","run3","0.20721206149398796","0.20721206149398796","0.20721206149398796","0.20721206149398796","valid","sr"
"rovio","grandtour","grand_tour__group1","2024-10-01-11-29-55","run1","97.09007299087816","97.09007299087816","97.09007299087816","97.09007299087816","valid","sr"
"rovio","grandtour","grand_tour__group1","2024-10-01-11-29-55","run2","97.09007299087816","97.09007299087816","97.09007299087816","97.09007299087816","valid","sr"
"rovio","grandtour","grand_tour__group1","2024-10-01-11-29-55","run3","97.09007299087816","97.09007299087816","97.09007299087816","97.09007299087816","valid","sr"
"rovio","grandtour","grand_tour__group1","2024-10-01-12-00-49","run1","96.08017927180322","96.08017927180322","96.08017927180322","96.08017927180322","valid","sr"
"rovio","grandtour","grand_tour__group1","2024-10-01-12-00-49","run2","96.08017927180322","96.08017927180322","96.08017927180322","96.08017927180322","valid","sr"
"rovio","grandtour","grand_tour__group1","2024-10-01-12-00-49","run3","96.08017927180322","96.08017927180322","96.08017927180322","96.08017927180322","valid","sr"
"rovio","grandtour","grand_tour__group1","2024-11-02-17-10-25","run1","99.86955548518296","99.86955548518296","99.86955548518296","99.86955548518296","valid","sr"
"rovio","grandtour","grand_tour__group1","2024-11-02-17-10-25","run2","99.86955548518296","99.86955548518296","99.86955548518296","99.86955548518296","valid","sr"
"rovio","grandtour","grand_tour__group1","2024-11-02-17-10-25","run3","99.86955548518296","99.86955548518296","99.86955548518296","99.86955548518296","valid","sr"
"rovio","grandtour","grand_tour__group1","2024-11-02-17-43-10","run1","98.46441867800357","98.46441867800357","98.46441867800357","98.46441867800357","valid","sr"
"rovio","grandtour","grand_tour__group1","2024-11-02-17-43-10","run2","98.46441867800357","98.46441867800357","98.46441867800357","98.46441867800357","valid","sr"
"rovio","grandtour","grand_tour__group1","2024-11-02-17-43-10","run3","98.46441867800357","98.46441867800357","98.46441867800357","98.46441867800357","valid","sr"
"rovio","grandtour","grand_tour__group1","2024-11-02-21-12-51","run1","51.091338018384405","51.091338018384405","51.091338018384405","51.091338018384405","valid","sr"
"rovio","grandtour","grand_tour__group1","2024-11-02-21-12-51","run2","51.091338018384405","51.091338018384405","51.091338018384405","51.091338018384405","valid","sr"
"rovio","grandtour","grand_tour__group1","2024-11-02-21-12-51","run3","51.091338018384405","51.091338018384405","51.091338018384405","51.091338018384405","valid","sr"
"sqrtvins_mono","grandtour","grand_tour__group1","2024-10-01-11-29-55","run1","99.96746400428117","99.96746400428117","99.96746400428117","99.96746400428117","valid","sr"
"sqrtvins_mono","grandtour","grand_tour__group1","2024-10-01-11-29-55","run2","99.96746400428117","99.96746400428117","99.96746400428117","99.96746400428117","valid","sr"
"sqrtvins_mono","grandtour","grand_tour__group1","2024-10-01-11-29-55","run3","99.96746400428117","99.96746400428117","99.96746400428117","99.96746400428117","valid","sr"
"sqrtvins_mono","grandtour","grand_tour__group1","2024-10-01-12-00-49","run1","99.71321654336201","99.71321654336201","99.71321654336201","99.71321654336201","valid","sr"
"sqrtvins_mono","grandtour","grand_tour__group1","2024-10-01-12-00-49","run2","99.71321654336201","99.71321654336201","99.71321654336201","99.71321654336201","valid","sr"
"sqrtvins_mono","grandtour","grand_tour__group1","2024-10-01-12-00-49","run3","99.71321654336201","99.71321654336201","99.71321654336201","99.71321654336201","valid","sr"
"sqrtvins_mono","grandtour","grand_tour__group1","2024-11-02-17-10-25","run1","99.86955548518296","99.86955548518296","99.86955548518296","99.86955548518296","valid","sr"
"sqrtvins_mono","grandtour","grand_tour__group1","2024-11-02-17-10-25","run2","99.86955548518296","99.86955548518296","99.86955548518296","99.86955548518296","valid","sr"
"sqrtvins_mono","grandtour","grand_tour__group1","2024-11-02-17-10-25","run3","99.86955548518296","99.86955548518296","99.86955548518296","99.86955548518296","valid","sr"
"sqrtvins_mono","grandtour","grand_tour__group1","2024-11-02-17-43-10","run1","99.62320420958368","99.62320420958368","99.62320420958368","99.62320420958368","valid","sr"
"sqrtvins_mono","grandtour","grand_tour__group1","2024-11-02-17-43-10","run2","99.62320420958368","99.62320420958368","99.62320420958368","99.62320420958368","valid","sr"
"sqrtvins_mono","grandtour","grand_tour__group1","2024-11-02-17-43-10","run3","99.62320420958368","99.62320420958368","99.62320420958368","99.62320420958368","valid","sr"
"sqrtvins_mono","grandtour","grand_tour__group1","2024-11-02-21-12-51","run1","92.7409851759365","92.7409851759365","92.7409851759365","92.7409851759365","valid","sr"
"sqrtvins_mono","grandtour","grand_tour__group1","2024-11-02-21-12-51","run2","92.7409851759365","92.7409851759365","92.7409851759365","92.7409851759365","valid","sr"
"sqrtvins_mono","grandtour","grand_tour__group1","2024-11-02-21-12-51","run3","92.7409851759365","92.7409851759365","92.7409851759365","92.7409851759365","valid","sr"
"sqrtvins_stereo","grandtour","grand_tour__group1","2024-10-01-11-29-55","run1","99.96746400428117","99.96746400428117","99.96746400428117","99.96746400428117","valid","sr"
"sqrtvins_stereo","grandtour","grand_tour__group1","2024-10-01-11-29-55","run2","99.96746400428117","99.96746400428117","99.96746400428117","99.96746400428117","valid","sr"
"sqrtvins_stereo","grandtour","grand_tour__group1","2024-10-01-11-29-55","run3","99.96746400428117","99.96746400428117","99.96746400428117","99.96746400428117","valid","sr"
"sqrtvins_stereo","grandtour","grand_tour__group1","2024-10-01-12-00-49","run1","99.96323385196762","99.96323385196762","99.96323385196762","99.96323385196762","valid","sr"
"sqrtvins_stereo","grandtour","grand_tour__group1","2024-10-01-12-00-49","run2","99.96323385196762","99.96323385196762","99.96323385196762","99.96323385196762","valid","sr"
"sqrtvins_stereo","grandtour","grand_tour__group1","2024-10-01-12-00-49","run3","99.96323385196762","99.96323385196762","99.96323385196762","99.96323385196762","valid","sr"
"sqrtvins_stereo","grandtour","grand_tour__group1","2024-11-02-17-10-25","run1","99.86955548518296","99.86955548518296","99.86955548518296","99.86955548518296","valid","sr"
"sqrtvins_stereo","grandtour","grand_tour__group1","2024-11-02-17-10-25","run2","99.86955548518296","99.86955548518296","99.86955548518296","99.86955548518296","valid","sr"
"sqrtvins_stereo","grandtour","grand_tour__group1","2024-11-02-17-10-25","run3","99.86955548518296","99.86955548518296","99.86955548518296","99.86955548518296","valid","sr"
"sqrtvins_stereo","grandtour","grand_tour__group1","2024-11-02-17-43-10","run1","99.92734997517962","99.92734997517962","99.92734997517962","99.92734997517962","valid","sr"
"sqrtvins_stereo","grandtour","grand_tour__group1","2024-11-02-17-43-10","run2","99.92734997517962","99.92734997517962","99.92734997517962","99.92734997517962","valid","sr"
"sqrtvins_stereo","grandtour","grand_tour__group1","2024-11-02-17-43-10","run3","99.92734997517962","99.92734997517962","99.92734997517962","99.92734997517962","valid","sr"
"sqrtvins_stereo","grandtour","grand_tour__group1","2024-11-02-21-12-51","run1","92.33058707618208","92.33058707618208","92.33058707618208","92.33058707618208","valid","sr"
"sqrtvins_stereo","grandtour","grand_tour__group1","2024-11-02-21-12-51","run2","92.33058707618208","92.33058707618208","92.33058707618208","92.33058707618208","valid","sr"
"sqrtvins_stereo","grandtour","grand_tour__group1","2024-11-02-21-12-51","run3","92.33058707618208","92.33058707618208","92.33058707618208","92.33058707618208","valid","sr"
"svo_mono","grandtour","grand_tour__group1","2024-10-01-11-29-55","run1","96.12871340286505","96.12871340286505","96.12871340286505","96.12871340286505","valid","sr"
"svo_mono","grandtour","grand_tour__group1","2024-10-01-11-29-55","run2","97.44790041483333","97.44790041483333","97.44790041483333","97.44790041483333","valid","sr"
"svo_mono","grandtour","grand_tour__group1","2024-10-01-11-29-55","run3","97.67422938974457","97.67422938974457","97.67422938974457","97.67422938974457","valid","sr"
"svo_mono","grandtour","grand_tour__group1","2024-10-01-12-00-49","run1","73.7292314097092","73.7292314097092","73.7292314097092","73.7292314097092","valid","sr"
"svo_mono","grandtour","grand_tour__group1","2024-10-01-12-00-49","run2","95.32862853174926","95.32862853174926","95.32862853174926","95.32862853174926","valid","sr"
"svo_mono","grandtour","grand_tour__group1","2024-10-01-12-00-49","run3","96.55094078046315","96.55094078046315","96.55094078046315","96.55094078046315","valid","sr"
"svo_mono","grandtour","grand_tour__group1","2024-11-02-17-10-25","run1","0","0.0","0","0.0","valid","sr"
"svo_mono","grandtour","grand_tour__group1","2024-11-02-17-10-25","run2","0","0.0","0","0.0","valid","sr"
"svo_mono","grandtour","grand_tour__group1","2024-11-02-17-10-25","run3","0","0.0","0","0.0","valid","sr"
"svo_mono","grandtour","grand_tour__group1","2024-11-02-17-43-10","run1","84.72427392142","84.72427392142","84.72427392142","84.72427392142","valid","sr"
"svo_mono","grandtour","grand_tour__group1","2024-11-02-17-43-10","run2","83.41076322624498","83.41076322624498","83.41076322624498","83.41076322624498","valid","sr"
"svo_mono","grandtour","grand_tour__group1","2024-11-02-17-43-10","run3","87.08077916685674","87.08077916685674","87.08077916685674","87.08077916685674","valid","sr"
"svo_mono","grandtour","grand_tour__group1","2024-11-02-21-12-51","run1","84.82391370995916","84.82391370995916","84.82391370995916","84.82391370995916","valid","sr"
"svo_mono","grandtour","grand_tour__group1","2024-11-02-21-12-51","run2","66.16717635503036","66.16717635503036","66.16717635503036","66.16717635503036","valid","sr"
"svo_mono","grandtour","grand_tour__group1","2024-11-02-21-12-51","run3","92.16802576640562","92.16802576640562","92.16802576640562","92.16802576640562","valid","sr"
"svo_stereo","grandtour","grand_tour__group1","2024-10-01-11-29-55","run1","99.48350398999541","99.48350398999541","99.48350398999541","99.48350398999541","valid","sr"
"svo_stereo","grandtour","grand_tour__group1","2024-10-01-11-29-55","run2","98.5355770392617","98.5355770392617","98.5355770392617","98.5355770392617","valid","sr"
"svo_stereo","grandtour","grand_tour__group1","2024-10-01-11-29-55","run3","98.2390755627803","98.2390755627803","98.2390755627803","98.2390755627803","valid","sr"
"svo_stereo","grandtour","grand_tour__group1","2024-10-01-12-00-49","run1","96.57836158818725","96.57836158818725","96.57836158818725","96.57836158818725","valid","sr"
"svo_stereo","grandtour","grand_tour__group1","2024-10-01-12-00-49","run2","97.32181038524864","97.32181038524864","97.32181038524864","97.32181038524864","valid","sr"
"svo_stereo","grandtour","grand_tour__group1","2024-10-01-12-00-49","run3","95.5612620983109","95.5612620983109","95.5612620983109","95.5612620983109","valid","sr"
"svo_stereo","grandtour","grand_tour__group1","2024-11-02-17-10-25","run1","96.9328526704857","96.9328526704857","96.9328526704857","96.9328526704857","valid","sr"
"svo_stereo","grandtour","grand_tour__group1","2024-11-02-17-10-25","run2","94.11490608283623","94.11490608283623","94.11490608283623","94.11490608283623","valid","sr"
"svo_stereo","grandtour","grand_tour__group1","2024-11-02-17-10-25","run3","97.98160418026679","97.98160418026679","97.98160418026679","97.98160418026679","valid","sr"
"svo_stereo","grandtour","grand_tour__group1","2024-11-02-17-43-10","run1","94.8107086679077","94.8107086679077","94.8107086679077","94.8107086679077","valid","sr"
"svo_stereo","grandtour","grand_tour__group1","2024-11-02-17-43-10","run2","96.54429554525188","96.54429554525188","96.54429554525188","96.54429554525188","valid","sr"
"svo_stereo","grandtour","grand_tour__group1","2024-11-02-17-43-10","run3","95.61374910896757","95.61374910896757","95.61374910896757","95.61374910896757","valid","sr"
"svo_stereo","grandtour","grand_tour__group1","2024-11-02-21-12-51","run1","99.9907508996272","99.9907508996272","99.9907508996272","99.9907508996272","valid","sr"
"svo_stereo","grandtour","grand_tour__group1","2024-11-02-21-12-51","run2","98.88918816161699","98.88918816161699","98.88918816161699","98.88918816161699","valid","sr"
"svo_stereo","grandtour","grand_tour__group1","2024-11-02-21-12-51","run3","99.03942938360989","99.03942938360989","99.03942938360989","99.03942938360989","valid","sr"
"vins-fusion_monoimu","grandtour","grand_tour__group1","2024-10-01-11-29-55","run1","92.75210972814585","92.75210972814585","92.75210972814585","92.75210972814585","valid","sr"
"vins-fusion_monoimu","grandtour","grand_tour__group1","2024-10-01-11-29-55","run2","93.54416314550781","93.54416314550781","93.54416314550781","93.54416314550781","valid","sr"
"vins-fusion_monoimu","grandtour","grand_tour__group1","2024-10-01-11-29-55","run3","92.75210972814585","92.75210972814585","92.75210972814585","92.75210972814585","valid","sr"
"vins-fusion_monoimu","grandtour","grand_tour__group1","2024-10-01-12-00-49","run1","52.61384532137009","52.61384532137009","52.61384532137009","52.61384532137009","valid","sr"
"vins-fusion_monoimu","grandtour","grand_tour__group1","2024-10-01-12-00-49","run2","0.3407876597229567","0.3407876597229567","0.3407876597229567","0.3407876597229567","valid","sr"
"vins-fusion_monoimu","grandtour","grand_tour__group1","2024-10-01-12-00-49","run3","52.566242184323855","52.566242184323855","52.566242184323855","52.566242184323855","valid","sr"
"vins-fusion_monoimu","grandtour","grand_tour__group1","2024-11-02-17-10-25","run1","0","0.0","0","0.0","valid","sr"
"vins-fusion_monoimu","grandtour","grand_tour__group1","2024-11-02-17-10-25","run2","0","0.0","0","0.0","valid","sr"
"vins-fusion_monoimu","grandtour","grand_tour__group1","2024-11-02-17-10-25","run3","0","0.0","0","0.0","valid","sr"
"vins-fusion_monoimu","grandtour","grand_tour__group1","2024-11-02-17-43-10","run1","0","0.0","0","0.0","valid","sr"
"vins-fusion_monoimu","grandtour","grand_tour__group1","2024-11-02-17-43-10","run2","96.8930294762455","96.8930294762455","96.8930294762455","96.8930294762455","valid","sr"
"vins-fusion_monoimu","grandtour","grand_tour__group1","2024-11-02-17-43-10","run3","0","0.0","0","0.0","valid","sr"
"vins-fusion_monoimu","grandtour","grand_tour__group1","2024-11-02-21-12-51","run1","4.007106924427262","4.007106924427262","4.007106924427262","4.007106924427262","valid","sr"
"vins-fusion_monoimu","grandtour","grand_tour__group1","2024-11-02-21-12-51","run2","1.245310283463271","1.245310283463271","1.245310283463271","1.245310283463271","valid","sr"
"vins-fusion_monoimu","grandtour","grand_tour__group1","2024-11-02-21-12-51","run3","1.245310283463271","1.245310283463271","1.245310283463271","1.245310283463271","valid","sr"
"vins-fusion_stereoimu","grandtour","grand_tour__group1","2024-10-01-11-29-55","run1","98.71110927978974","98.71110927978974","98.71110927978974","98.71110927978974","valid","sr"
"vins-fusion_stereoimu","grandtour","grand_tour__group1","2024-10-01-11-29-55","run2","98.71110927978974","98.71110927978974","98.71110927978974","98.71110927978974","valid","sr"
"vins-fusion_stereoimu","grandtour","grand_tour__group1","2024-10-01-11-29-55","run3","98.71491320237207","98.71491320237207","98.71491320237207","98.71491320237207","valid","sr"
"vins-fusion_stereoimu","grandtour","grand_tour__group1","2024-10-01-12-00-49","run1","96.93868730218033","96.93868730218033","96.93868730218033","96.93868730218033","valid","sr"
"vins-fusion_stereoimu","grandtour","grand_tour__group1","2024-10-01-12-00-49","run2","97.17112166081051","97.17112166081051","97.17112166081051","97.17112166081051","valid","sr"
"vins-fusion_stereoimu","grandtour","grand_tour__group1","2024-10-01-12-00-49","run3","96.93868730218033","96.93868730218033","96.93868730218033","96.93868730218033","valid","sr"
"vins-fusion_stereoimu","grandtour","grand_tour__group1","2024-11-02-17-10-25","run1","96.60170777527611","96.60170777527611","96.60170777527611","96.60170777527611","valid","sr"
"vins-fusion_stereoimu","grandtour","grand_tour__group1","2024-11-02-17-10-25","run2","96.82893662838902","96.82893662838902","96.82893662838902","96.82893662838902","valid","sr"
"vins-fusion_stereoimu","grandtour","grand_tour__group1","2024-11-02-17-10-25","run3","96.82893662838902","96.82893662838902","96.82893662838902","96.82893662838902","valid","sr"
"vins-fusion_stereoimu","grandtour","grand_tour__group1","2024-11-02-17-43-10","run1","95.23720945652673","95.23720945652673","95.23720945652673","95.23720945652673","valid","sr"
"vins-fusion_stereoimu","grandtour","grand_tour__group1","2024-11-02-17-43-10","run2","95.23720945652673","95.23720945652673","95.23720945652673","95.23720945652673","valid","sr"
"vins-fusion_stereoimu","grandtour","grand_tour__group1","2024-11-02-17-43-10","run3","95.23720945652673","95.23720945652673","95.23720945652673","95.23720945652673","valid","sr"
"vins-fusion_stereoimu","grandtour","grand_tour__group1","2024-11-02-21-12-51","run1","86.67530265074079","86.67530265074079","86.67530265074079","86.67530265074079","valid","sr"
"vins-fusion_stereoimu","grandtour","grand_tour__group1","2024-11-02-21-12-51","run2","86.67530265074079","86.67530265074079","86.67530265074079","86.67530265074079","valid","sr"
"vins-fusion_stereoimu","grandtour","grand_tour__group1","2024-11-02-21-12-51","run3","60.68403732721686","60.68403732721686","60.68403732721686","60.68403732721686","valid","sr"
"airslam","grandtour","grand_tour__group2","2024-11-03-07-52-45","run1","55.372093405853086","55.372093405853086","55.372093405853086","55.372093405853086","valid","sr"
"airslam","grandtour","grand_tour__group2","2024-11-03-07-52-45","run2","55.372093405853086","55.372093405853086","55.372093405853086","55.372093405853086","valid","sr"
"airslam","grandtour","grand_tour__group2","2024-11-03-07-52-45","run3","55.426856899509126","55.426856899509126","55.426856899509126","55.426856899509126","valid","sr"
"airslam","grandtour","grand_tour__group2","2024-11-03-08-17-23","run1","95.06903327492043","95.06903327492043","95.06903327492043","95.06903327492043","valid","sr"
"airslam","grandtour","grand_tour__group2","2024-11-03-08-17-23","run2","95.06903327492043","95.06903327492043","95.06903327492043","95.06903327492043","valid","sr"
"airslam","grandtour","grand_tour__group2","2024-11-03-08-17-23","run3","95.06799037978637","95.06799037978637","95.06799037978637","95.06799037978637","valid","sr"
"airslam","grandtour","grand_tour__group2","2024-11-03-13-59-54","run1","95.51152693505868","95.51152693505868","95.51152693505868","95.51152693505868","valid","sr"
"airslam","grandtour","grand_tour__group2","2024-11-03-13-59-54","run2","95.51152693505868","95.51152693505868","95.51152693505868","95.51152693505868","valid","sr"
"airslam","grandtour","grand_tour__group2","2024-11-03-13-59-54","run3","95.51152693505868","95.51152693505868","95.51152693505868","95.51152693505868","valid","sr"
"airslam","grandtour","grand_tour__group2","2024-11-04-10-57-34","run1","97.6186570226405","97.6186570226405","97.6186570226405","97.6186570226405","valid","sr"
"airslam","grandtour","grand_tour__group2","2024-11-04-10-57-34","run2","97.6186570226405","97.6186570226405","97.6186570226405","97.6186570226405","valid","sr"
"airslam","grandtour","grand_tour__group2","2024-11-04-10-57-34","run3","97.6186570226405","97.6186570226405","97.6186570226405","97.6186570226405","valid","sr"
"airslam","grandtour","grand_tour__group2","2024-11-04-12-55-59","run1","97.32969578972535","97.32969578972535","97.32969578972535","97.32969578972535","valid","sr"
"airslam","grandtour","grand_tour__group2","2024-11-04-12-55-59","run2","97.32969578972535","97.32969578972535","97.32969578972535","97.32969578972535","valid","sr"
"airslam","grandtour","grand_tour__group2","2024-11-04-12-55-59","run3","66.2539158668043","66.2539158668043","66.2539158668043","66.2539158668043","valid","sr"
"basalt_stereo","grandtour","grand_tour__group2","2024-11-03-07-52-45","run1","97.63218705275379","97.63218705275379","97.63218705275379","97.63218705275379","valid","sr"
"basalt_stereo","grandtour","grand_tour__group2","2024-11-03-07-52-45","run2","97.63218705275379","97.63218705275379","97.63218705275379","97.63218705275379","valid","sr"
"basalt_stereo","grandtour","grand_tour__group2","2024-11-03-07-52-45","run3","97.63218705275379","97.63218705275379","97.63218705275379","97.63218705275379","valid","sr"
"basalt_stereo","grandtour","grand_tour__group2","2024-11-03-08-17-23","run1","98.2525795507475","98.2525795507475","98.2525795507475","98.2525795507475","valid","sr"
"basalt_stereo","grandtour","grand_tour__group2","2024-11-03-08-17-23","run2","98.2525795507475","98.2525795507475","98.2525795507475","98.2525795507475","valid","sr"
"basalt_stereo","grandtour","grand_tour__group2","2024-11-03-08-17-23","run3","98.2525795507475","98.2525795507475","98.2525795507475","98.2525795507475","valid","sr"
"basalt_stereo","grandtour","grand_tour__group2","2024-11-03-13-59-54","run1",,"","0","0.0","missing","sr"
"basalt_stereo","grandtour","grand_tour__group2","2024-11-03-13-59-54","run2",,"","0","0.0","missing","sr"
"basalt_stereo","grandtour","grand_tour__group2","2024-11-03-13-59-54","run3",,"","0","0.0","missing","sr"
"basalt_stereo","grandtour","grand_tour__group2","2024-11-04-10-57-34","run1","99.88913103664306","99.88913103664306","99.88913103664306","99.88913103664306","valid","sr"
"basalt_stereo","grandtour","grand_tour__group2","2024-11-04-10-57-34","run2","99.88913103664306","99.88913103664306","99.88913103664306","99.88913103664306","valid","sr"
"basalt_stereo","grandtour","grand_tour__group2","2024-11-04-10-57-34","run3","99.88913103664306","99.88913103664306","99.88913103664306","99.88913103664306","valid","sr"
"basalt_stereo","grandtour","grand_tour__group2","2024-11-04-12-55-59","run1","99.8680253995132","99.8680253995132","99.8680253995132","99.8680253995132","valid","sr"
"basalt_stereo","grandtour","grand_tour__group2","2024-11-04-12-55-59","run2","99.8680253995132","99.8680253995132","99.8680253995132","99.8680253995132","valid","sr"
"basalt_stereo","grandtour","grand_tour__group2","2024-11-04-12-55-59","run3","99.8680253995132","99.8680253995132","99.8680253995132","99.8680253995132","valid","sr"
"dm_vio","grandtour","grand_tour__group2","2024-11-03-07-52-45","run1","17.203189944675007","17.203189944675007","17.203189944675007","17.203189944675007","valid","sr"
"dm_vio","grandtour","grand_tour__group2","2024-11-03-07-52-45","run2","99.46711292681897","99.46711292681897","99.46711292681897","99.46711292681897","valid","sr"
"dm_vio","grandtour","grand_tour__group2","2024-11-03-07-52-45","run3","99.40970016642284","99.40970016642284","99.40970016642284","99.40970016642284","valid","sr"
"dm_vio","grandtour","grand_tour__group2","2024-11-03-08-17-23","run1","98.19699307522167","98.19699307522167","98.19699307522167","98.19699307522167","valid","sr"
"dm_vio","grandtour","grand_tour__group2","2024-11-03-08-17-23","run2","98.19699307522167","98.19699307522167","98.19699307522167","98.19699307522167","valid","sr"
"dm_vio","grandtour","grand_tour__group2","2024-11-03-08-17-23","run3","98.19699307522167","98.19699307522167","98.19699307522167","98.19699307522167","valid","sr"
"dm_vio","grandtour","grand_tour__group2","2024-11-03-13-59-54","run1","98.10066873322243","98.10066873322243","98.10066873322243","98.10066873322243","valid","sr"
"dm_vio","grandtour","grand_tour__group2","2024-11-03-13-59-54","run2","97.92133331635672","97.92133331635672","97.92133331635672","97.92133331635672","valid","sr"
"dm_vio","grandtour","grand_tour__group2","2024-11-03-13-59-54","run3","97.0386464351919","97.0386464351919","97.0386464351919","97.0386464351919","valid","sr"
"dm_vio","grandtour","grand_tour__group2","2024-11-04-10-57-34","run1","99.9606068415705","99.9606068415705","99.9606068415705","99.9606068415705","valid","sr"
"dm_vio","grandtour","grand_tour__group2","2024-11-04-10-57-34","run2","99.25134852431489","99.25134852431489","99.25134852431489","99.25134852431489","valid","sr"
"dm_vio","grandtour","grand_tour__group2","2024-11-04-10-57-34","run3","41.95210213642095","41.95210213642095","41.95210213642095","41.95210213642095","valid","sr"
"dm_vio","grandtour","grand_tour__group2","2024-11-04-12-55-59","run1","60.090243397718766","60.090243397718766","60.090243397718766","60.090243397718766","valid","sr"
"dm_vio","grandtour","grand_tour__group2","2024-11-04-12-55-59","run2","99.59890095537985","99.59890095537985","99.59890095537985","99.59890095537985","valid","sr"
"dm_vio","grandtour","grand_tour__group2","2024-11-04-12-55-59","run3","99.81154605437928","99.81154605437928","99.81154605437928","99.81154605437928","valid","sr"
"kimera_vio_mono","grandtour","grand_tour__group2","2024-11-03-07-52-45","run1","0.03483576060239735","0.03483576060239735","0.03483576060239735","0.03483576060239735","valid","sr"
"kimera_vio_mono","grandtour","grand_tour__group2","2024-11-03-07-52-45","run2","0.03483576060239735","0.03483576060239735","0.03483576060239735","0.03483576060239735","valid","sr"
"kimera_vio_mono","grandtour","grand_tour__group2","2024-11-03-07-52-45","run3","0.03483576060239735","0.03483576060239735","0.03483576060239735","0.03483576060239735","valid","sr"
"kimera_vio_mono","grandtour","grand_tour__group2","2024-11-03-08-17-23","run1","0","0.0","0","0.0","valid","sr"
"kimera_vio_mono","grandtour","grand_tour__group2","2024-11-03-08-17-23","run2","0","0.0","0","0.0","valid","sr"
"kimera_vio_mono","grandtour","grand_tour__group2","2024-11-03-08-17-23","run3","0","0.0","0","0.0","valid","sr"
"kimera_vio_mono","grandtour","grand_tour__group2","2024-11-03-13-59-54","run1","35.00038837298866","35.00038837298866","35.00038837298866","35.00038837298866","valid","sr"
"kimera_vio_mono","grandtour","grand_tour__group2","2024-11-03-13-59-54","run2","35.00038837298866","35.00038837298866","35.00038837298866","35.00038837298866","valid","sr"
"kimera_vio_mono","grandtour","grand_tour__group2","2024-11-03-13-59-54","run3","35.00038837298866","35.00038837298866","35.00038837298866","35.00038837298866","valid","sr"
"kimera_vio_mono","grandtour","grand_tour__group2","2024-11-04-10-57-34","run1","97.82680617481444","97.82680617481444","97.82680617481444","97.82680617481444","valid","sr"
"kimera_vio_mono","grandtour","grand_tour__group2","2024-11-04-10-57-34","run2","97.82680617481444","97.82680617481444","97.82680617481444","97.82680617481444","valid","sr"
"kimera_vio_mono","grandtour","grand_tour__group2","2024-11-04-10-57-34","run3","97.82680617481444","97.82680617481444","97.82680617481444","97.82680617481444","valid","sr"
"kimera_vio_mono","grandtour","grand_tour__group2","2024-11-04-12-55-59","run1","97.53052774865762","97.53052774865762","97.53052774865762","97.53052774865762","valid","sr"
"kimera_vio_mono","grandtour","grand_tour__group2","2024-11-04-12-55-59","run2","97.53052774865762","97.53052774865762","97.53052774865762","97.53052774865762","valid","sr"
"kimera_vio_mono","grandtour","grand_tour__group2","2024-11-04-12-55-59","run3","97.53052774865762","97.53052774865762","97.53052774865762","97.53052774865762","valid","sr"
"kimera_vio_stereo","grandtour","grand_tour__group2","2024-11-03-07-52-45","run1","0.03483576060239735","0.03483576060239735","0.03483576060239735","0.03483576060239735","valid","sr"
"kimera_vio_stereo","grandtour","grand_tour__group2","2024-11-03-07-52-45","run2","0.03483576060239735","0.03483576060239735","0.03483576060239735","0.03483576060239735","valid","sr"
"kimera_vio_stereo","grandtour","grand_tour__group2","2024-11-03-07-52-45","run3","0.03483576060239735","0.03483576060239735","0.03483576060239735","0.03483576060239735","valid","sr"
"kimera_vio_stereo","grandtour","grand_tour__group2","2024-11-03-08-17-23","run1","0","0.0","0","0.0","valid","sr"
"kimera_vio_stereo","grandtour","grand_tour__group2","2024-11-03-08-17-23","run2","0","0.0","0","0.0","valid","sr"
"kimera_vio_stereo","grandtour","grand_tour__group2","2024-11-03-08-17-23","run3","0","0.0","0","0.0","valid","sr"
"kimera_vio_stereo","grandtour","grand_tour__group2","2024-11-03-13-59-54","run1","35.000350593322395","35.000350593322395","35.000350593322395","35.000350593322395","valid","sr"
"kimera_vio_stereo","grandtour","grand_tour__group2","2024-11-03-13-59-54","run2","35.000350593322395","35.000350593322395","35.000350593322395","35.000350593322395","valid","sr"
"kimera_vio_stereo","grandtour","grand_tour__group2","2024-11-03-13-59-54","run3","35.000350593322395","35.000350593322395","35.000350593322395","35.000350593322395","valid","sr"
"kimera_vio_stereo","grandtour","grand_tour__group2","2024-11-04-10-57-34","run1","94.7909145778068","94.7909145778068","94.7909145778068","94.7909145778068","valid","sr"
"kimera_vio_stereo","grandtour","grand_tour__group2","2024-11-04-10-57-34","run2","94.7909145778068","94.7909145778068","94.7909145778068","94.7909145778068","valid","sr"
"kimera_vio_stereo","grandtour","grand_tour__group2","2024-11-04-10-57-34","run3","94.7909145778068","94.7909145778068","94.7909145778068","94.7909145778068","valid","sr"
"kimera_vio_stereo","grandtour","grand_tour__group2","2024-11-04-12-55-59","run1","26.04770566669735","26.04770566669735","26.04770566669735","26.04770566669735","valid","sr"
"kimera_vio_stereo","grandtour","grand_tour__group2","2024-11-04-12-55-59","run2","26.04770566669735","26.04770566669735","26.04770566669735","26.04770566669735","valid","sr"
"kimera_vio_stereo","grandtour","grand_tour__group2","2024-11-04-12-55-59","run3","26.04770566669735","26.04770566669735","26.04770566669735","26.04770566669735","valid","sr"
"okvis2x_mono","grandtour","grand_tour__group2","2024-11-03-07-52-45","run1","80.61639022595959","80.61639022595959","80.61639022595959","80.61639022595959","valid","sr"
"okvis2x_mono","grandtour","grand_tour__group2","2024-11-03-07-52-45","run2","79.72005700203955","79.72005700203955","79.72005700203955","79.72005700203955","valid","sr"
"okvis2x_mono","grandtour","grand_tour__group2","2024-11-03-07-52-45","run3","82.40909934313649","82.40909934313649","82.40909934313649","82.40909934313649","valid","sr"
"okvis2x_mono","grandtour","grand_tour__group2","2024-11-03-08-17-23","run1","92.44015713899641","92.44015713899641","92.44015713899641","92.44015713899641","valid","sr"
"okvis2x_mono","grandtour","grand_tour__group2","2024-11-03-08-17-23","run2","92.74671937484152","92.74671937484152","92.74671937484152","92.74671937484152","valid","sr"
"okvis2x_mono","grandtour","grand_tour__group2","2024-11-03-08-17-23","run3","90.9971424459435","90.9971424459435","90.9971424459435","90.9971424459435","valid","sr"
"okvis2x_mono","grandtour","grand_tour__group2","2024-11-03-13-59-54","run1","52.77340400041234","52.77340400041234","52.77340400041234","52.77340400041234","valid","sr"
"okvis2x_mono","grandtour","grand_tour__group2","2024-11-03-13-59-54","run2","55.4770102368107","55.4770102368107","55.4770102368107","55.4770102368107","valid","sr"
"okvis2x_mono","grandtour","grand_tour__group2","2024-11-03-13-59-54","run3","46.652296033390385","46.652296033390385","46.652296033390385","46.652296033390385","valid","sr"
"okvis2x_mono","grandtour","grand_tour__group2","2024-11-04-10-57-34","run1","98.33020744167992","98.33020744167992","98.33020744167992","98.33020744167992","valid","sr"
"okvis2x_mono","grandtour","grand_tour__group2","2024-11-04-10-57-34","run2","98.10413951161911","98.10413951161911","98.10413951161911","98.10413951161911","valid","sr"
"okvis2x_mono","grandtour","grand_tour__group2","2024-11-04-10-57-34","run3","99.13832532424071","99.13832532424071","99.13832532424071","99.13832532424071","valid","sr"
"okvis2x_mono","grandtour","grand_tour__group2","2024-11-04-12-55-59","run1","99.6488105365966","99.6488105365966","99.6488105365966","99.6488105365966","valid","sr"
"okvis2x_mono","grandtour","grand_tour__group2","2024-11-04-12-55-59","run2","99.35194882361971","99.35194882361971","99.35194882361971","99.35194882361971","valid","sr"
"okvis2x_mono","grandtour","grand_tour__group2","2024-11-04-12-55-59","run3","99.47165279370843","99.47165279370843","99.47165279370843","99.47165279370843","valid","sr"
"okvis2x_stereo","grandtour","grand_tour__group2","2024-11-03-07-52-45","run1","99.8982151869884","99.8982151869884","99.8982151869884","99.8982151869884","valid","sr"
"okvis2x_stereo","grandtour","grand_tour__group2","2024-11-03-07-52-45","run2","99.8982151869884","99.8982151869884","99.8982151869884","99.8982151869884","valid","sr"
"okvis2x_stereo","grandtour","grand_tour__group2","2024-11-03-07-52-45","run3","99.8982151869884","99.8982151869884","99.8982151869884","99.8982151869884","valid","sr"
"okvis2x_stereo","grandtour","grand_tour__group2","2024-11-03-08-17-23","run1","98.25079910773472","98.25079910773472","98.25079910773472","98.25079910773472","valid","sr"
"okvis2x_stereo","grandtour","grand_tour__group2","2024-11-03-08-17-23","run2","98.25079910773472","98.25079910773472","98.25079910773472","98.25079910773472","valid","sr"
"okvis2x_stereo","grandtour","grand_tour__group2","2024-11-03-08-17-23","run3","98.25079910773472","98.25079910773472","98.25079910773472","98.25079910773472","valid","sr"
"okvis2x_stereo","grandtour","grand_tour__group2","2024-11-03-13-59-54","run1","99.53146322384525","99.53146322384525","99.53146322384525","99.53146322384525","valid","sr"
"okvis2x_stereo","grandtour","grand_tour__group2","2024-11-03-13-59-54","run2","99.55633665189275","99.55633665189275","99.55633665189275","99.55633665189275","valid","sr"
"okvis2x_stereo","grandtour","grand_tour__group2","2024-11-03-13-59-54","run3","99.7074450725002","99.7074450725002","99.7074450725002","99.7074450725002","valid","sr"
"okvis2x_stereo","grandtour","grand_tour__group2","2024-11-04-10-57-34","run1","99.97851140621896","99.97851140621896","99.97851140621896","99.97851140621896","valid","sr"
"okvis2x_stereo","grandtour","grand_tour__group2","2024-11-04-10-57-34","run2","99.97851140621896","99.97851140621896","99.97851140621896","99.97851140621896","valid","sr"
"okvis2x_stereo","grandtour","grand_tour__group2","2024-11-04-10-57-34","run3","99.97851140621896","99.97851140621896","99.97851140621896","99.97851140621896","valid","sr"
"okvis2x_stereo","grandtour","grand_tour__group2","2024-11-04-12-55-59","run1","99.86760891327121","99.86760891327121","99.86760891327121","99.86760891327121","valid","sr"
"okvis2x_stereo","grandtour","grand_tour__group2","2024-11-04-12-55-59","run2","99.86760891327121","99.86760891327121","99.86760891327121","99.86760891327121","valid","sr"
"okvis2x_stereo","grandtour","grand_tour__group2","2024-11-04-12-55-59","run3","99.86760891327121","99.86760891327121","99.86760891327121","99.86760891327121","valid","sr"
"open_vins_mono","grandtour","grand_tour__group2","2024-11-03-07-52-45","run1","94.96932128312629","94.96932128312629","94.96932128312629","94.96932128312629","valid","sr"
"open_vins_mono","grandtour","grand_tour__group2","2024-11-03-07-52-45","run2","94.96932128312629","94.96932128312629","94.96932128312629","94.96932128312629","valid","sr"
"open_vins_mono","grandtour","grand_tour__group2","2024-11-03-07-52-45","run3","94.96907922449404","94.96907922449404","94.96907922449404","94.96907922449404","valid","sr"
"open_vins_mono","grandtour","grand_tour__group2","2024-11-03-08-17-23","run1","97.92897775000652","97.92897775000652","97.92897775000652","97.92897775000652","valid","sr"
"open_vins_mono","grandtour","grand_tour__group2","2024-11-03-08-17-23","run2","97.92897775000652","97.92897775000652","97.92897775000652","97.92897775000652","valid","sr"
"open_vins_mono","grandtour","grand_tour__group2","2024-11-03-08-17-23","run3","97.92897775000652","97.92897775000652","97.92897775000652","97.92897775000652","valid","sr"
"open_vins_mono","grandtour","grand_tour__group2","2024-11-03-13-59-54","run1","61.876666322022025","61.876666322022025","61.876666322022025","61.876666322022025","valid","sr"
"open_vins_mono","grandtour","grand_tour__group2","2024-11-03-13-59-54","run2","61.876666322022025","61.876666322022025","61.876666322022025","61.876666322022025","valid","sr"
"open_vins_mono","grandtour","grand_tour__group2","2024-11-03-13-59-54","run3","36.631595343066145","36.631595343066145","36.631595343066145","36.631595343066145","valid","sr"
"open_vins_mono","grandtour","grand_tour__group2","2024-11-04-10-57-34","run1","99.90357067548868","99.90357067548868","99.90357067548868","99.90357067548868","valid","sr"
"open_vins_mono","grandtour","grand_tour__group2","2024-11-04-10-57-34","run2","99.90357067548868","99.90357067548868","99.90357067548868","99.90357067548868","valid","sr"
"open_vins_mono","grandtour","grand_tour__group2","2024-11-04-10-57-34","run3","99.90357067548868","99.90357067548868","99.90357067548868","99.90357067548868","valid","sr"
"open_vins_mono","grandtour","grand_tour__group2","2024-11-04-12-55-59","run1","99.76701812116215","99.76701812116215","99.76701812116215","99.76701812116215","valid","sr"
"open_vins_mono","grandtour","grand_tour__group2","2024-11-04-12-55-59","run2","99.76701812116215","99.76701812116215","99.76701812116215","99.76701812116215","valid","sr"
"open_vins_mono","grandtour","grand_tour__group2","2024-11-04-12-55-59","run3","99.7651928798507","99.7651928798507","99.7651928798507","99.7651928798507","valid","sr"
"open_vins_stereo","grandtour","grand_tour__group2","2024-11-03-07-52-45","run1","97.21973523506037","97.21973523506037","97.21973523506037","97.21973523506037","valid","sr"
"open_vins_stereo","grandtour","grand_tour__group2","2024-11-03-07-52-45","run2","98.63330734373618","98.63330734373618","98.63330734373618","98.63330734373618","valid","sr"
"open_vins_stereo","grandtour","grand_tour__group2","2024-11-03-07-52-45","run3","97.21973523506037","97.21973523506037","97.21973523506037","97.21973523506037","valid","sr"
"open_vins_stereo","grandtour","grand_tour__group2","2024-11-03-08-17-23","run1","97.92868090179375","97.92868090179375","97.92868090179375","97.92868090179375","valid","sr"
"open_vins_stereo","grandtour","grand_tour__group2","2024-11-03-08-17-23","run2","97.92728104573355","97.92728104573355","97.92728104573355","97.92728104573355","valid","sr"
"open_vins_stereo","grandtour","grand_tour__group2","2024-11-03-08-17-23","run3","97.92728104573355","97.92728104573355","97.92728104573355","97.92728104573355","valid","sr"
"open_vins_stereo","grandtour","grand_tour__group2","2024-11-03-13-59-54","run1","57.77475145129339","57.77475145129339","57.77475145129339","57.77475145129339","valid","sr"
"open_vins_stereo","grandtour","grand_tour__group2","2024-11-03-13-59-54","run2","36.820547511255405","36.820547511255405","36.820547511255405","36.820547511255405","valid","sr"
"open_vins_stereo","grandtour","grand_tour__group2","2024-11-03-13-59-54","run3","60.26904004864579","60.26904004864579","60.26904004864579","60.26904004864579","valid","sr"
"open_vins_stereo","grandtour","grand_tour__group2","2024-11-04-10-57-34","run1","99.84122110578055","99.84122110578055","99.84122110578055","99.84122110578055","valid","sr"
"open_vins_stereo","grandtour","grand_tour__group2","2024-11-04-10-57-34","run2","99.83811542587586","99.83811542587586","99.83811542587586","99.83811542587586","valid","sr"
"open_vins_stereo","grandtour","grand_tour__group2","2024-11-04-10-57-34","run3","99.83846491445865","99.83846491445865","99.83846491445865","99.83846491445865","valid","sr"
"open_vins_stereo","grandtour","grand_tour__group2","2024-11-04-12-55-59","run1","98.98608506206202","98.98608506206202","98.98608506206202","98.98608506206202","valid","sr"
"open_vins_stereo","grandtour","grand_tour__group2","2024-11-04-12-55-59","run2","98.55081477305767","98.55081477305767","98.55081477305767","98.55081477305767","valid","sr"
"open_vins_stereo","grandtour","grand_tour__group2","2024-11-04-12-55-59","run3","98.9788278172035","98.9788278172035","98.9788278172035","98.9788278172035","valid","sr"
"orb_slam3_mono","grandtour","grand_tour__group2","2024-11-03-07-52-45","run1","54.42380108349081","54.42380108349081","54.42380108349081","54.42380108349081","valid","sr"
"orb_slam3_mono","grandtour","grand_tour__group2","2024-11-03-07-52-45","run2","56.426767554246915","56.426767554246915","56.426767554246915","56.426767554246915","valid","sr"
"orb_slam3_mono","grandtour","grand_tour__group2","2024-11-03-07-52-45","run3","55.09973359946455","55.09973359946455","55.09973359946455","55.09973359946455","valid","sr"
"orb_slam3_mono","grandtour","grand_tour__group2","2024-11-03-08-17-23","run1","16.859778982188754","16.859778982188754","16.859778982188754","16.859778982188754","valid","sr"
"orb_slam3_mono","grandtour","grand_tour__group2","2024-11-03-08-17-23","run2","18.075249991854186","18.075249991854186","18.075249991854186","18.075249991854186","valid","sr"
"orb_slam3_mono","grandtour","grand_tour__group2","2024-11-03-08-17-23","run3","17.948736405987717","17.948736405987717","17.948736405987717","17.948736405987717","valid","sr"
"orb_slam3_mono","grandtour","grand_tour__group2","2024-11-03-13-59-54","run1","35.360710693067375","35.360710693067375","35.360710693067375","35.360710693067375","valid","sr"
"orb_slam3_mono","grandtour","grand_tour__group2","2024-11-03-13-59-54","run2","35.625786323529894","35.625786323529894","35.625786323529894","35.625786323529894","valid","sr"
"orb_slam3_mono","grandtour","grand_tour__group2","2024-11-03-13-59-54","run3","35.92028770919767","35.92028770919767","35.92028770919767","35.92028770919767","valid","sr"
"orb_slam3_mono","grandtour","grand_tour__group2","2024-11-04-10-57-34","run1","36.724601073235576","36.724601073235576","36.724601073235576","36.724601073235576","valid","sr"
"orb_slam3_mono","grandtour","grand_tour__group2","2024-11-04-10-57-34","run2","7.074359934359374","7.074359934359374","7.074359934359374","7.074359934359374","valid","sr"
"orb_slam3_mono","grandtour","grand_tour__group2","2024-11-04-10-57-34","run3","43.72265693407326","43.72265693407326","43.72265693407326","43.72265693407326","valid","sr"
"orb_slam3_mono","grandtour","grand_tour__group2","2024-11-04-12-55-59","run1","97.32361417671302","97.32361417671302","97.32361417671302","97.32361417671302","valid","sr"
"orb_slam3_mono","grandtour","grand_tour__group2","2024-11-04-12-55-59","run2","43.72852741169593","43.72852741169593","43.72852741169593","43.72852741169593","valid","sr"
"orb_slam3_mono","grandtour","grand_tour__group2","2024-11-04-12-55-59","run3","49.430739776223895","49.430739776223895","49.430739776223895","49.430739776223895","valid","sr"
"orb_slam3_stereo","grandtour","grand_tour__group2","2024-11-03-07-52-45","run1","38.82077363354048","38.82077363354048","38.82077363354048","38.82077363354048","valid","sr"
"orb_slam3_stereo","grandtour","grand_tour__group2","2024-11-03-07-52-45","run2",,"","0","0.0","missing","sr"
"orb_slam3_stereo","grandtour","grand_tour__group2","2024-11-03-07-52-45","run3",,"","0","0.0","missing","sr"
"orb_slam3_stereo","grandtour","grand_tour__group2","2024-11-03-08-17-23","run1","17.41355959953579","17.41355959953579","17.41355959953579","17.41355959953579","valid","sr"
"orb_slam3_stereo","grandtour","grand_tour__group2","2024-11-03-08-17-23","run2","18.24770631532234","18.24770631532234","18.24770631532234","18.24770631532234","valid","sr"
"orb_slam3_stereo","grandtour","grand_tour__group2","2024-11-03-08-17-23","run3","18.3979173150388","18.3979173150388","18.3979173150388","18.3979173150388","valid","sr"
"orb_slam3_stereo","grandtour","grand_tour__group2","2024-11-03-13-59-54","run1","32.304108726970576","32.304108726970576","32.304108726970576","32.304108726970576","valid","sr"
"orb_slam3_stereo","grandtour","grand_tour__group2","2024-11-03-13-59-54","run2","33.32678788150256","33.32678788150256","33.32678788150256","33.32678788150256","valid","sr"
"orb_slam3_stereo","grandtour","grand_tour__group2","2024-11-03-13-59-54","run3","34.65752092207831","34.65752092207831","34.65752092207831","34.65752092207831","valid","sr"
"orb_slam3_stereo","grandtour","grand_tour__group2","2024-11-04-10-57-34","run1","38.42306856490563","38.42306856490563","38.42306856490563","38.42306856490563","valid","sr"
"orb_slam3_stereo","grandtour","grand_tour__group2","2024-11-04-10-57-34","run2","35.39120748809986","35.39120748809986","35.39120748809986","35.39120748809986","valid","sr"
"orb_slam3_stereo","grandtour","grand_tour__group2","2024-11-04-10-57-34","run3","43.93833184947507","43.93833184947507","43.93833184947507","43.93833184947507","valid","sr"
"orb_slam3_stereo","grandtour","grand_tour__group2","2024-11-04-12-55-59","run1","34.960242255113336","34.960242255113336","34.960242255113336","34.960242255113336","valid","sr"
"orb_slam3_stereo","grandtour","grand_tour__group2","2024-11-04-12-55-59","run2","3.3650603857283947","3.3650603857283947","3.3650603857283947","3.3650603857283947","valid","sr"
"orb_slam3_stereo","grandtour","grand_tour__group2","2024-11-04-12-55-59","run3","1.5936790063148785","1.5936790063148785","1.5936790063148785","1.5936790063148785","valid","sr"
"rovio","grandtour","grand_tour__group2","2024-11-03-07-52-45","run1","95.56749056244446","95.56749056244446","95.56749056244446","95.56749056244446","valid","sr"
"rovio","grandtour","grand_tour__group2","2024-11-03-07-52-45","run2","95.56749056244446","95.56749056244446","95.56749056244446","95.56749056244446","valid","sr"
"rovio","grandtour","grand_tour__group2","2024-11-03-07-52-45","run3","95.56749056244446","95.56749056244446","95.56749056244446","95.56749056244446","valid","sr"
"rovio","grandtour","grand_tour__group2","2024-11-03-08-17-23","run1","54.84368995054408","54.84368995054408","54.84368995054408","54.84368995054408","valid","sr"
"rovio","grandtour","grand_tour__group2","2024-11-03-08-17-23","run2","54.84368995054408","54.84368995054408","54.84368995054408","54.84368995054408","valid","sr"
"rovio","grandtour","grand_tour__group2","2024-11-03-08-17-23","run3","54.84368995054408","54.84368995054408","54.84368995054408","54.84368995054408","valid","sr"
"rovio","grandtour","grand_tour__group2","2024-11-03-13-59-54","run1","60.79538764078022","60.79538764078022","60.79538764078022","60.79538764078022","valid","sr"
"rovio","grandtour","grand_tour__group2","2024-11-03-13-59-54","run2","60.79538764078022","60.79538764078022","60.79538764078022","60.79538764078022","valid","sr"
"rovio","grandtour","grand_tour__group2","2024-11-03-13-59-54","run3","60.79538764078022","60.79538764078022","60.79538764078022","60.79538764078022","valid","sr"
"rovio","grandtour","grand_tour__group2","2024-11-04-10-57-34","run1","98.30217683528866","98.30217683528866","98.30217683528866","98.30217683528866","valid","sr"
"rovio","grandtour","grand_tour__group2","2024-11-04-10-57-34","run2","98.30217683528866","98.30217683528866","98.30217683528866","98.30217683528866","valid","sr"
"rovio","grandtour","grand_tour__group2","2024-11-04-10-57-34","run3","98.30217683528866","98.30217683528866","98.30217683528866","98.30217683528866","valid","sr"
"rovio","grandtour","grand_tour__group2","2024-11-04-12-55-59","run1","99.12168348099598","99.12168348099598","99.12168348099598","99.12168348099598","valid","sr"
"rovio","grandtour","grand_tour__group2","2024-11-04-12-55-59","run2","99.12168348099598","99.12168348099598","99.12168348099598","99.12168348099598","valid","sr"
"rovio","grandtour","grand_tour__group2","2024-11-04-12-55-59","run3","99.12168348099598","99.12168348099598","99.12168348099598","99.12168348099598","valid","sr"
"sqrtvins_mono","grandtour","grand_tour__group2","2024-11-03-07-52-45","run1","98.0237216445139","98.0237216445139","98.0237216445139","98.0237216445139","valid","sr"
"sqrtvins_mono","grandtour","grand_tour__group2","2024-11-03-07-52-45","run2","98.0237216445139","98.0237216445139","98.0237216445139","98.0237216445139","valid","sr"
"sqrtvins_mono","grandtour","grand_tour__group2","2024-11-03-07-52-45","run3","98.0237216445139","98.0237216445139","98.0237216445139","98.0237216445139","valid","sr"
"sqrtvins_mono","grandtour","grand_tour__group2","2024-11-03-08-17-23","run1","98.11131366266423","98.11131366266423","98.11131366266423","98.11131366266423","valid","sr"
"sqrtvins_mono","grandtour","grand_tour__group2","2024-11-03-08-17-23","run2","98.11131366266423","98.11131366266423","98.11131366266423","98.11131366266423","valid","sr"
"sqrtvins_mono","grandtour","grand_tour__group2","2024-11-03-08-17-23","run3","98.11131366266423","98.11131366266423","98.11131366266423","98.11131366266423","valid","sr"
"sqrtvins_mono","grandtour","grand_tour__group2","2024-11-03-13-59-54","run1","61.47688035583395","61.47688035583395","61.47688035583395","61.47688035583395","valid","sr"
"sqrtvins_mono","grandtour","grand_tour__group2","2024-11-03-13-59-54","run2","61.47688035583395","61.47688035583395","61.47688035583395","61.47688035583395","valid","sr"
"sqrtvins_mono","grandtour","grand_tour__group2","2024-11-03-13-59-54","run3","61.47688035583395","61.47688035583395","61.47688035583395","61.47688035583395","valid","sr"
"sqrtvins_mono","grandtour","grand_tour__group2","2024-11-04-10-57-34","run1","99.94901180247138","99.94901180247138","99.94901180247138","99.94901180247138","valid","sr"
"sqrtvins_mono","grandtour","grand_tour__group2","2024-11-04-10-57-34","run2","99.94901180247138","99.94901180247138","99.94901180247138","99.94901180247138","valid","sr"
"sqrtvins_mono","grandtour","grand_tour__group2","2024-11-04-10-57-34","run3","99.94901180247138","99.94901180247138","99.94901180247138","99.94901180247138","valid","sr"
"sqrtvins_mono","grandtour","grand_tour__group2","2024-11-04-12-55-59","run1","98.5004812630494","98.5004812630494","98.5004812630494","98.5004812630494","valid","sr"
"sqrtvins_mono","grandtour","grand_tour__group2","2024-11-04-12-55-59","run2","98.5004812630494","98.5004812630494","98.5004812630494","98.5004812630494","valid","sr"
"sqrtvins_mono","grandtour","grand_tour__group2","2024-11-04-12-55-59","run3","98.5004812630494","98.5004812630494","98.5004812630494","98.5004812630494","valid","sr"
"sqrtvins_stereo","grandtour","grand_tour__group2","2024-11-03-07-52-45","run1","96.67660312408891","96.67660312408891","96.67660312408891","96.67660312408891","valid","sr"
"sqrtvins_stereo","grandtour","grand_tour__group2","2024-11-03-07-52-45","run2","96.67660312408891","96.67660312408891","96.67660312408891","96.67660312408891","valid","sr"
"sqrtvins_stereo","grandtour","grand_tour__group2","2024-11-03-07-52-45","run3","96.67660312408891","96.67660312408891","96.67660312408891","96.67660312408891","valid","sr"
"sqrtvins_stereo","grandtour","grand_tour__group2","2024-11-03-08-17-23","run1","98.15235349238564","98.15235349238564","98.15235349238564","98.15235349238564","valid","sr"
"sqrtvins_stereo","grandtour","grand_tour__group2","2024-11-03-08-17-23","run2","98.15235349238564","98.15235349238564","98.15235349238564","98.15235349238564","valid","sr"
"sqrtvins_stereo","grandtour","grand_tour__group2","2024-11-03-08-17-23","run3","98.15235349238564","98.15235349238564","98.15235349238564","98.15235349238564","valid","sr"
"sqrtvins_stereo","grandtour","grand_tour__group2","2024-11-03-13-59-54","run1","54.77182635538127","54.77182635538127","54.77182635538127","54.77182635538127","valid","sr"
"sqrtvins_stereo","grandtour","grand_tour__group2","2024-11-03-13-59-54","run2","54.77182635538127","54.77182635538127","54.77182635538127","54.77182635538127","valid","sr"
"sqrtvins_stereo","grandtour","grand_tour__group2","2024-11-03-13-59-54","run3","54.77182635538127","54.77182635538127","54.77182635538127","54.77182635538127","valid","sr"
"sqrtvins_stereo","grandtour","grand_tour__group2","2024-11-04-10-57-34","run1","99.94841763419682","99.94841763419682","99.94841763419682","99.94841763419682","valid","sr"
"sqrtvins_stereo","grandtour","grand_tour__group2","2024-11-04-10-57-34","run2","99.94841763419682","99.94841763419682","99.94841763419682","99.94841763419682","valid","sr"
"sqrtvins_stereo","grandtour","grand_tour__group2","2024-11-04-10-57-34","run3","99.94841763419682","99.94841763419682","99.94841763419682","99.94841763419682","valid","sr"
"sqrtvins_stereo","grandtour","grand_tour__group2","2024-11-04-12-55-59","run1","98.4942316308919","98.4942316308919","98.4942316308919","98.4942316308919","valid","sr"
"sqrtvins_stereo","grandtour","grand_tour__group2","2024-11-04-12-55-59","run2","98.4942316308919","98.4942316308919","98.4942316308919","98.4942316308919","valid","sr"
"sqrtvins_stereo","grandtour","grand_tour__group2","2024-11-04-12-55-59","run3","98.4942316308919","98.4942316308919","98.4942316308919","98.4942316308919","valid","sr"
"svo_mono","grandtour","grand_tour__group2","2024-11-03-07-52-45","run1","96.09273236251632","96.09273236251632","96.09273236251632","96.09273236251632","valid","sr"
"svo_mono","grandtour","grand_tour__group2","2024-11-03-07-52-45","run2","96.53760012212399","96.53760012212399","96.53760012212399","96.53760012212399","valid","sr"
"svo_mono","grandtour","grand_tour__group2","2024-11-03-07-52-45","run3","87.90927547181104","87.90927547181104","87.90927547181104","87.90927547181104","valid","sr"
"svo_mono","grandtour","grand_tour__group2","2024-11-03-08-17-23","run1","2.3093114201400353","2.3093114201400353","2.3093114201400353","2.3093114201400353","valid","sr"
"svo_mono","grandtour","grand_tour__group2","2024-11-03-08-17-23","run2","81.47554565727732","81.47554565727732","81.47554565727732","81.47554565727732","valid","sr"
"svo_mono","grandtour","grand_tour__group2","2024-11-03-08-17-23","run3","97.64205793079319","97.64205793079319","97.64205793079319","97.64205793079319","valid","sr"
"svo_mono","grandtour","grand_tour__group2","2024-11-03-13-59-54","run1","60.8322662921495","60.8322662921495","60.8322662921495","60.8322662921495","valid","sr"
"svo_mono","grandtour","grand_tour__group2","2024-11-03-13-59-54","run2","54.934264346677864","54.934264346677864","54.934264346677864","54.934264346677864","valid","sr"
"svo_mono","grandtour","grand_tour__group2","2024-11-03-13-59-54","run3","62.07694933565959","62.07694933565959","62.07694933565959","62.07694933565959","valid","sr"
"svo_mono","grandtour","grand_tour__group2","2024-11-04-10-57-34","run1","98.06345229532685","98.06345229532685","98.06345229532685","98.06345229532685","valid","sr"
"svo_mono","grandtour","grand_tour__group2","2024-11-04-10-57-34","run2","94.07628190198537","94.07628190198537","94.07628190198537","94.07628190198537","valid","sr"
"svo_mono","grandtour","grand_tour__group2","2024-11-04-10-57-34","run3","97.77750262104095","97.77750262104095","97.77750262104095","97.77750262104095","valid","sr"
"svo_mono","grandtour","grand_tour__group2","2024-11-04-12-55-59","run1","0.4171687946629213","0.4171687946629213","0.4171687946629213","0.4171687946629213","valid","sr"
"svo_mono","grandtour","grand_tour__group2","2024-11-04-12-55-59","run2","94.86835160302095","94.86835160302095","94.86835160302095","94.86835160302095","valid","sr"
"svo_mono","grandtour","grand_tour__group2","2024-11-04-12-55-59","run3","85.03801904539587","85.03801904539587","85.03801904539587","85.03801904539587","valid","sr"
"svo_stereo","grandtour","grand_tour__group2","2024-11-03-07-52-45","run1","39.40223842104535","39.40223842104535","39.40223842104535","39.40223842104535","valid","sr"
"svo_stereo","grandtour","grand_tour__group2","2024-11-03-07-52-45","run2","96.59990006242782","96.59990006242782","96.59990006242782","96.59990006242782","valid","sr"
"svo_stereo","grandtour","grand_tour__group2","2024-11-03-07-52-45","run3","94.61086123620088","94.61086123620088","94.61086123620088","94.61086123620088","valid","sr"
"svo_stereo","grandtour","grand_tour__group2","2024-11-03-08-17-23","run1","98.25079910773472","98.25079910773472","98.25079910773472","98.25079910773472","valid","sr"
"svo_stereo","grandtour","grand_tour__group2","2024-11-03-08-17-23","run2","98.25079910773472","98.25079910773472","98.25079910773472","98.25079910773472","valid","sr"
"svo_stereo","grandtour","grand_tour__group2","2024-11-03-08-17-23","run3","98.25079910773472","98.25079910773472","98.25079910773472","98.25079910773472","valid","sr"
"svo_stereo","grandtour","grand_tour__group2","2024-11-03-13-59-54","run1","95.08681334923979","95.08681334923979","95.08681334923979","95.08681334923979","valid","sr"
"svo_stereo","grandtour","grand_tour__group2","2024-11-03-13-59-54","run2","93.07421907431304","93.07421907431304","93.07421907431304","93.07421907431304","valid","sr"
"svo_stereo","grandtour","grand_tour__group2","2024-11-03-13-59-54","run3","92.63307113585502","92.63307113585502","92.63307113585502","92.63307113585502","valid","sr"
"svo_stereo","grandtour","grand_tour__group2","2024-11-04-10-57-34","run1","99.86190878306125","99.86190878306125","99.86190878306125","99.86190878306125","valid","sr"
"svo_stereo","grandtour","grand_tour__group2","2024-11-04-10-57-34","run2","99.81057976757688","99.81057976757688","99.81057976757688","99.81057976757688","valid","sr"
"svo_stereo","grandtour","grand_tour__group2","2024-11-04-10-57-34","run3","99.9659570812435","99.9659570812435","99.9659570812435","99.9659570812435","valid","sr"
"svo_stereo","grandtour","grand_tour__group2","2024-11-04-12-55-59","run1","91.0341886210145","91.0341886210145","91.0341886210145","91.0341886210145","valid","sr"
"svo_stereo","grandtour","grand_tour__group2","2024-11-04-12-55-59","run2","88.16641749831169","88.16641749831169","88.16641749831169","88.16641749831169","valid","sr"
"svo_stereo","grandtour","grand_tour__group2","2024-11-04-12-55-59","run3","95.51649849622942","95.51649849622942","95.51649849622942","95.51649849622942","valid","sr"
"vins-fusion_monoimu","grandtour","grand_tour__group2","2024-11-03-07-52-45","run1","94.18585475729826","94.18585475729826","94.18585475729826","94.18585475729826","valid","sr"
"vins-fusion_monoimu","grandtour","grand_tour__group2","2024-11-03-07-52-45","run2","94.46161376964301","94.46161376964301","94.46161376964301","94.46161376964301","valid","sr"
"vins-fusion_monoimu","grandtour","grand_tour__group2","2024-11-03-07-52-45","run3","94.18585475729826","94.18585475729826","94.18585475729826","94.18585475729826","valid","sr"
"vins-fusion_monoimu","grandtour","grand_tour__group2","2024-11-03-08-17-23","run1","96.4659395969153","96.4659395969153","96.4659395969153","96.4659395969153","valid","sr"
"vins-fusion_monoimu","grandtour","grand_tour__group2","2024-11-03-08-17-23","run2","96.37620754944561","96.37620754944561","96.37620754944561","96.37620754944561","valid","sr"
"vins-fusion_monoimu","grandtour","grand_tour__group2","2024-11-03-08-17-23","run3","96.37620754944561","96.37620754944561","96.37620754944561","96.37620754944561","valid","sr"
"vins-fusion_monoimu","grandtour","grand_tour__group2","2024-11-03-13-59-54","run1","0","0.0","0","0.0","valid","sr"
"vins-fusion_monoimu","grandtour","grand_tour__group2","2024-11-03-13-59-54","run2","0.31152141258756644","0.31152141258756644","0.31152141258756644","0.31152141258756644","valid","sr"
"vins-fusion_monoimu","grandtour","grand_tour__group2","2024-11-03-13-59-54","run3","0.31152141258756644","0.31152141258756644","0.31152141258756644","0.31152141258756644","valid","sr"
"vins-fusion_monoimu","grandtour","grand_tour__group2","2024-11-04-10-57-34","run1","98.78528346721956","98.78528346721956","98.78528346721956","98.78528346721956","valid","sr"
"vins-fusion_monoimu","grandtour","grand_tour__group2","2024-11-04-10-57-34","run2","98.78528346721956","98.78528346721956","98.78528346721956","98.78528346721956","valid","sr"
"vins-fusion_monoimu","grandtour","grand_tour__group2","2024-11-04-10-57-34","run3","98.79537566918974","98.79537566918974","98.79537566918974","98.79537566918974","valid","sr"
"vins-fusion_monoimu","grandtour","grand_tour__group2","2024-11-04-12-55-59","run1","98.56825473764978","98.56825473764978","98.56825473764978","98.56825473764978","valid","sr"
"vins-fusion_monoimu","grandtour","grand_tour__group2","2024-11-04-12-55-59","run2","98.56825473764978","98.56825473764978","98.56825473764978","98.56825473764978","valid","sr"
"vins-fusion_monoimu","grandtour","grand_tour__group2","2024-11-04-12-55-59","run3","98.59912640169091","98.59912640169091","98.59912640169091","98.59912640169091","valid","sr"
"vins-fusion_stereoimu","grandtour","grand_tour__group2","2024-11-03-07-52-45","run1","94.65508371562214","94.65508371562214","94.65508371562214","94.65508371562214","valid","sr"
"vins-fusion_stereoimu","grandtour","grand_tour__group2","2024-11-03-07-52-45","run2","94.65508371562214","94.65508371562214","94.65508371562214","94.65508371562214","valid","sr"
"vins-fusion_stereoimu","grandtour","grand_tour__group2","2024-11-03-07-52-45","run3","94.65508371562214","94.65508371562214","94.65508371562214","94.65508371562214","valid","sr"
"vins-fusion_stereoimu","grandtour","grand_tour__group2","2024-11-03-08-17-23","run1","96.55404034050895","96.55404034050895","96.55404034050895","96.55404034050895","valid","sr"
"vins-fusion_stereoimu","grandtour","grand_tour__group2","2024-11-03-08-17-23","run2","96.55404034050895","96.55404034050895","96.55404034050895","96.55404034050895","valid","sr"
"vins-fusion_stereoimu","grandtour","grand_tour__group2","2024-11-03-08-17-23","run3","96.48228278871733","96.48228278871733","96.48228278871733","96.48228278871733","valid","sr"
"vins-fusion_stereoimu","grandtour","grand_tour__group2","2024-11-03-13-59-54","run1","35.6090368431255","35.6090368431255","35.6090368431255","35.6090368431255","valid","sr"
"vins-fusion_stereoimu","grandtour","grand_tour__group2","2024-11-03-13-59-54","run2","35.427290865408914","35.427290865408914","35.427290865408914","35.427290865408914","valid","sr"
"vins-fusion_stereoimu","grandtour","grand_tour__group2","2024-11-03-13-59-54","run3","35.427290865408914","35.427290865408914","35.427290865408914","35.427290865408914","valid","sr"
"vins-fusion_stereoimu","grandtour","grand_tour__group2","2024-11-04-10-57-34","run1","98.82534846448753","98.82534846448753","98.82534846448753","98.82534846448753","valid","sr"
"vins-fusion_stereoimu","grandtour","grand_tour__group2","2024-11-04-10-57-34","run2","98.82534846448753","98.82534846448753","98.82534846448753","98.82534846448753","valid","sr"
"vins-fusion_stereoimu","grandtour","grand_tour__group2","2024-11-04-10-57-34","run3","98.82534846448753","98.82534846448753","98.82534846448753","98.82534846448753","valid","sr"
"vins-fusion_stereoimu","grandtour","grand_tour__group2","2024-11-04-12-55-59","run1","98.58971631559136","98.58971631559136","98.58971631559136","98.58971631559136","valid","sr"
"vins-fusion_stereoimu","grandtour","grand_tour__group2","2024-11-04-12-55-59","run2","98.58971631559136","98.58971631559136","98.58971631559136","98.58971631559136","valid","sr"
"vins-fusion_stereoimu","grandtour","grand_tour__group2","2024-11-04-12-55-59","run3","98.58971631559136","98.58971631559136","98.58971631559136","98.58971631559136","valid","sr"
"airslam","grandtour","grand_tour__group3","2024-11-04-13-07-13","run1","96.54521407142171","96.54521407142171","96.54521407142171","96.54521407142171","valid","sr"
"airslam","grandtour","grand_tour__group3","2024-11-04-13-07-13","run2","96.54521407142171","96.54521407142171","96.54521407142171","96.54521407142171","valid","sr"
"airslam","grandtour","grand_tour__group3","2024-11-04-13-07-13","run3","96.54521407142171","96.54521407142171","96.54521407142171","96.54521407142171","valid","sr"
"airslam","grandtour","grand_tour__group3","2024-11-04-16-05-00","run1","97.9930909603351","97.9930909603351","97.9930909603351","97.9930909603351","valid","sr"
"airslam","grandtour","grand_tour__group3","2024-11-04-16-05-00","run2","97.9930909603351","97.9930909603351","97.9930909603351","97.9930909603351","valid","sr"
"airslam","grandtour","grand_tour__group3","2024-11-04-16-05-00","run3","97.9930909603351","97.9930909603351","97.9930909603351","97.9930909603351","valid","sr"
"airslam","grandtour","grand_tour__group3","2024-11-11-12-07-40","run1","88.16634373689823","88.16634373689823","88.16634373689823","88.16634373689823","valid","sr"
"airslam","grandtour","grand_tour__group3","2024-11-11-12-07-40","run2","88.32324273337781","88.32324273337781","88.32324273337781","88.32324273337781","valid","sr"
"airslam","grandtour","grand_tour__group3","2024-11-11-12-07-40","run3","87.67351462152936","87.67351462152936","87.67351462152936","87.67351462152936","valid","sr"
"airslam","grandtour","grand_tour__group3","2024-11-11-12-42-47","run1","96.33070208701389","96.33070208701389","96.33070208701389","96.33070208701389","valid","sr"
"airslam","grandtour","grand_tour__group3","2024-11-11-12-42-47","run2","96.32868781053399","96.32868781053399","96.32868781053399","96.32868781053399","valid","sr"
"airslam","grandtour","grand_tour__group3","2024-11-11-12-42-47","run3","96.33070208701389","96.33070208701389","96.33070208701389","96.33070208701389","valid","sr"
"airslam","grandtour","grand_tour__group3","2024-11-11-14-29-44","run1","96.12349275890885","96.12349275890885","96.12349275890885","96.12349275890885","valid","sr"
"airslam","grandtour","grand_tour__group3","2024-11-11-14-29-44","run2","96.12349275890885","96.12349275890885","96.12349275890885","96.12349275890885","valid","sr"
"airslam","grandtour","grand_tour__group3","2024-11-11-14-29-44","run3","96.12349275890885","96.12349275890885","96.12349275890885","96.12349275890885","valid","sr"
"basalt_stereo","grandtour","grand_tour__group3","2024-11-04-13-07-13","run1","100","100.0","100","100.0","valid","sr"
"basalt_stereo","grandtour","grand_tour__group3","2024-11-04-13-07-13","run2","100","100.0","100","100.0","valid","sr"
"basalt_stereo","grandtour","grand_tour__group3","2024-11-04-13-07-13","run3","100","100.0","100","100.0","valid","sr"
"basalt_stereo","grandtour","grand_tour__group3","2024-11-04-16-05-00","run1","100","100.0","100","100.0","valid","sr"
"basalt_stereo","grandtour","grand_tour__group3","2024-11-04-16-05-00","run2","100","100.0","100","100.0","valid","sr"
"basalt_stereo","grandtour","grand_tour__group3","2024-11-04-16-05-00","run3","100","100.0","100","100.0","valid","sr"
"basalt_stereo","grandtour","grand_tour__group3","2024-11-11-12-07-40","run1",,"","0","0.0","missing","sr"
"basalt_stereo","grandtour","grand_tour__group3","2024-11-11-12-07-40","run2",,"","0","0.0","missing","sr"
"basalt_stereo","grandtour","grand_tour__group3","2024-11-11-12-07-40","run3",,"","0","0.0","missing","sr"
"basalt_stereo","grandtour","grand_tour__group3","2024-11-11-12-42-47","run1","97.87535866868797","97.87535866868797","97.87535866868797","97.87535866868797","valid","sr"
"basalt_stereo","grandtour","grand_tour__group3","2024-11-11-12-42-47","run2","98.09473420470455","98.09473420470455","98.09473420470455","98.09473420470455","valid","sr"
"basalt_stereo","grandtour","grand_tour__group3","2024-11-11-12-42-47","run3","97.88912261855538","97.88912261855538","97.88912261855538","97.88912261855538","valid","sr"
"basalt_stereo","grandtour","grand_tour__group3","2024-11-11-14-29-44","run1","99.81729750093771","99.81729750093771","99.81729750093771","99.81729750093771","valid","sr"
"basalt_stereo","grandtour","grand_tour__group3","2024-11-11-14-29-44","run2","99.81729750093771","99.81729750093771","99.81729750093771","99.81729750093771","valid","sr"
"basalt_stereo","grandtour","grand_tour__group3","2024-11-11-14-29-44","run3","99.81729750093771","99.81729750093771","99.81729750093771","99.81729750093771","valid","sr"
"dm_vio","grandtour","grand_tour__group3","2024-11-04-13-07-13","run1","99.70948539135111","99.70948539135111","99.70948539135111","99.70948539135111","valid","sr"
"dm_vio","grandtour","grand_tour__group3","2024-11-04-13-07-13","run2","99.73300885763574","99.73300885763574","99.73300885763574","99.73300885763574","valid","sr"
"dm_vio","grandtour","grand_tour__group3","2024-11-04-13-07-13","run3","91.80944380283897","91.80944380283897","91.80944380283897","91.80944380283897","valid","sr"
"dm_vio","grandtour","grand_tour__group3","2024-11-04-16-05-00","run1",,"","0","0.0","missing","sr"
"dm_vio","grandtour","grand_tour__group3","2024-11-04-16-05-00","run2","83.86146900471519","83.86146900471519","83.86146900471519","83.86146900471519","valid","sr"
"dm_vio","grandtour","grand_tour__group3","2024-11-04-16-05-00","run3","99.17915884698584","99.17915884698584","99.17915884698584","99.17915884698584","valid","sr"
"dm_vio","grandtour","grand_tour__group3","2024-11-11-12-07-40","run1","20.00262299914554","20.00262299914554","20.00262299914554","20.00262299914554","valid","sr"
"dm_vio","grandtour","grand_tour__group3","2024-11-11-12-07-40","run2","0.03428685379172277","0.03428685379172277","0.03428685379172277","0.03428685379172277","valid","sr"
"dm_vio","grandtour","grand_tour__group3","2024-11-11-12-07-40","run3","9.27062455120398","9.27062455120398","9.27062455120398","9.27062455120398","valid","sr"
"dm_vio","grandtour","grand_tour__group3","2024-11-11-12-42-47","run1","12.199478266911088","12.199478266911088","12.199478266911088","12.199478266911088","valid","sr"
"dm_vio","grandtour","grand_tour__group3","2024-11-11-12-42-47","run2","15.015600869048551","15.015600869048551","15.015600869048551","15.015600869048551","valid","sr"
"dm_vio","grandtour","grand_tour__group3","2024-11-11-12-42-47","run3","65.70907643662981","65.70907643662981","65.70907643662981","65.70907643662981","valid","sr"
"dm_vio","grandtour","grand_tour__group3","2024-11-11-14-29-44","run1","98.29234957770028","98.29234957770028","98.29234957770028","98.29234957770028","valid","sr"
"dm_vio","grandtour","grand_tour__group3","2024-11-11-14-29-44","run2","99.32657120994958","99.32657120994958","99.32657120994958","99.32657120994958","valid","sr"
"dm_vio","grandtour","grand_tour__group3","2024-11-11-14-29-44","run3","98.9377627085533","98.9377627085533","98.9377627085533","98.9377627085533","valid","sr"
"kimera_vio_mono","grandtour","grand_tour__group3","2024-11-04-13-07-13","run1","96.05949486297695","96.05949486297695","96.05949486297695","96.05949486297695","valid","sr"
"kimera_vio_mono","grandtour","grand_tour__group3","2024-11-04-13-07-13","run2","96.05949486297695","96.05949486297695","96.05949486297695","96.05949486297695","valid","sr"
"kimera_vio_mono","grandtour","grand_tour__group3","2024-11-04-13-07-13","run3","96.05949486297695","96.05949486297695","96.05949486297695","96.05949486297695","valid","sr"
"kimera_vio_mono","grandtour","grand_tour__group3","2024-11-04-16-05-00","run1","98.16460312295581","98.16460312295581","98.16460312295581","98.16460312295581","valid","sr"
"kimera_vio_mono","grandtour","grand_tour__group3","2024-11-04-16-05-00","run2","98.16460312295581","98.16460312295581","98.16460312295581","98.16460312295581","valid","sr"
"kimera_vio_mono","grandtour","grand_tour__group3","2024-11-04-16-05-00","run3","98.16460312295581","98.16460312295581","98.16460312295581","98.16460312295581","valid","sr"
"kimera_vio_mono","grandtour","grand_tour__group3","2024-11-11-12-07-40","run1","12.31211662201088","12.31211662201088","12.31211662201088","12.31211662201088","valid","sr"
"kimera_vio_mono","grandtour","grand_tour__group3","2024-11-11-12-07-40","run2","12.31211662201088","12.31211662201088","12.31211662201088","12.31211662201088","valid","sr"
"kimera_vio_mono","grandtour","grand_tour__group3","2024-11-11-12-07-40","run3","12.31211662201088","12.31211662201088","12.31211662201088","12.31211662201088","valid","sr"
"kimera_vio_mono","grandtour","grand_tour__group3","2024-11-11-12-42-47","run1","0.9719484470418508","0.9719484470418508","0.9719484470418508","0.9719484470418508","valid","sr"
"kimera_vio_mono","grandtour","grand_tour__group3","2024-11-11-12-42-47","run2","0.9719484470418508","0.9719484470418508","0.9719484470418508","0.9719484470418508","valid","sr"
"kimera_vio_mono","grandtour","grand_tour__group3","2024-11-11-12-42-47","run3","0.9719484470418508","0.9719484470418508","0.9719484470418508","0.9719484470418508","valid","sr"
"kimera_vio_mono","grandtour","grand_tour__group3","2024-11-11-14-29-44","run1","0","0.0","0","0.0","valid","sr"
"kimera_vio_mono","grandtour","grand_tour__group3","2024-11-11-14-29-44","run2","0","0.0","0","0.0","valid","sr"
"kimera_vio_mono","grandtour","grand_tour__group3","2024-11-11-14-29-44","run3","0","0.0","0","0.0","valid","sr"
"kimera_vio_stereo","grandtour","grand_tour__group3","2024-11-04-13-07-13","run1","77.84270727523594","77.84270727523594","77.84270727523594","77.84270727523594","valid","sr"
"kimera_vio_stereo","grandtour","grand_tour__group3","2024-11-04-13-07-13","run2","77.84270727523594","77.84270727523594","77.84270727523594","77.84270727523594","valid","sr"
"kimera_vio_stereo","grandtour","grand_tour__group3","2024-11-04-13-07-13","run3","77.84270727523594","77.84270727523594","77.84270727523594","77.84270727523594","valid","sr"
"kimera_vio_stereo","grandtour","grand_tour__group3","2024-11-04-16-05-00","run1","98.15826570255061","98.15826570255061","98.15826570255061","98.15826570255061","valid","sr"
"kimera_vio_stereo","grandtour","grand_tour__group3","2024-11-04-16-05-00","run2","98.15826570255061","98.15826570255061","98.15826570255061","98.15826570255061","valid","sr"
"kimera_vio_stereo","grandtour","grand_tour__group3","2024-11-04-16-05-00","run3","98.15826570255061","98.15826570255061","98.15826570255061","98.15826570255061","valid","sr"
"kimera_vio_stereo","grandtour","grand_tour__group3","2024-11-11-12-07-40","run1","12.142847444654867","12.142847444654867","12.142847444654867","12.142847444654867","valid","sr"
"kimera_vio_stereo","grandtour","grand_tour__group3","2024-11-11-12-07-40","run2","12.142847444654867","12.142847444654867","12.142847444654867","12.142847444654867","valid","sr"
"kimera_vio_stereo","grandtour","grand_tour__group3","2024-11-11-12-07-40","run3","12.142847444654867","12.142847444654867","12.142847444654867","12.142847444654867","valid","sr"
"kimera_vio_stereo","grandtour","grand_tour__group3","2024-11-11-12-42-47","run1","0.7980805108009812","0.7980805108009812","0.7980805108009812","0.7980805108009812","valid","sr"
"kimera_vio_stereo","grandtour","grand_tour__group3","2024-11-11-12-42-47","run2","0.7980805108009812","0.7980805108009812","0.7980805108009812","0.7980805108009812","valid","sr"
"kimera_vio_stereo","grandtour","grand_tour__group3","2024-11-11-12-42-47","run3","0.7980805108009812","0.7980805108009812","0.7980805108009812","0.7980805108009812","valid","sr"
"kimera_vio_stereo","grandtour","grand_tour__group3","2024-11-11-14-29-44","run1","96.65554043126909","96.65554043126909","96.65554043126909","96.65554043126909","valid","sr"
"kimera_vio_stereo","grandtour","grand_tour__group3","2024-11-11-14-29-44","run2","96.65554043126909","96.65554043126909","96.65554043126909","96.65554043126909","valid","sr"
"kimera_vio_stereo","grandtour","grand_tour__group3","2024-11-11-14-29-44","run3","96.65554043126909","96.65554043126909","96.65554043126909","96.65554043126909","valid","sr"
"okvis2x_mono","grandtour","grand_tour__group3","2024-11-04-13-07-13","run1","96.68482160683928","96.68482160683928","96.68482160683928","96.68482160683928","valid","sr"
"okvis2x_mono","grandtour","grand_tour__group3","2024-11-04-13-07-13","run2","99.4455850045135","99.4455850045135","99.4455850045135","99.4455850045135","valid","sr"
"okvis2x_mono","grandtour","grand_tour__group3","2024-11-04-13-07-13","run3","98.5213981765717","98.5213981765717","98.5213981765717","98.5213981765717","valid","sr"
"okvis2x_mono","grandtour","grand_tour__group3","2024-11-04-16-05-00","run1","99.99999371681844","99.99999371681844","99.99999371681844","99.99999371681844","valid","sr"
"okvis2x_mono","grandtour","grand_tour__group3","2024-11-04-16-05-00","run2","99.71312130308198","99.71312130308198","99.71312130308198","99.71312130308198","valid","sr"
"okvis2x_mono","grandtour","grand_tour__group3","2024-11-04-16-05-00","run3","99.95198413122412","99.95198413122412","99.95198413122412","99.95198413122412","valid","sr"
"okvis2x_mono","grandtour","grand_tour__group3","2024-11-11-12-07-40","run1","88.28519021886271","88.28519021886271","88.28519021886271","88.28519021886271","valid","sr"
"okvis2x_mono","grandtour","grand_tour__group3","2024-11-11-12-07-40","run2","88.29919916606686","88.29919916606686","88.29919916606686","88.29919916606686","valid","sr"
"okvis2x_mono","grandtour","grand_tour__group3","2024-11-11-12-07-40","run3","87.5223761927204","87.5223761927204","87.5223761927204","87.5223761927204","valid","sr"
"okvis2x_mono","grandtour","grand_tour__group3","2024-11-11-12-42-47","run1","97.00937911566278","97.00937911566278","97.00937911566278","97.00937911566278","valid","sr"
"okvis2x_mono","grandtour","grand_tour__group3","2024-11-11-12-42-47","run2","95.76476479507888","95.76476479507888","95.76476479507888","95.76476479507888","valid","sr"
"okvis2x_mono","grandtour","grand_tour__group3","2024-11-11-12-42-47","run3","95.72889907834879","95.72889907834879","95.72889907834879","95.72889907834879","valid","sr"
"okvis2x_mono","grandtour","grand_tour__group3","2024-11-11-14-29-44","run1","94.64183107190281","94.64183107190281","94.64183107190281","94.64183107190281","valid","sr"
"okvis2x_mono","grandtour","grand_tour__group3","2024-11-11-14-29-44","run2","93.7949171068563","93.7949171068563","93.7949171068563","93.7949171068563","valid","sr"
"okvis2x_mono","grandtour","grand_tour__group3","2024-11-11-14-29-44","run3","94.44470789558612","94.44470789558612","94.44470789558612","94.44470789558612","valid","sr"
"okvis2x_stereo","grandtour","grand_tour__group3","2024-11-04-13-07-13","run1","99.99989281897476","99.99989281897476","99.99989281897476","99.99989281897476","valid","sr"
"okvis2x_stereo","grandtour","grand_tour__group3","2024-11-04-13-07-13","run2","99.99989281897476","99.99989281897476","99.99989281897476","99.99989281897476","valid","sr"
"okvis2x_stereo","grandtour","grand_tour__group3","2024-11-04-13-07-13","run3","99.99989281897476","99.99989281897476","99.99989281897476","99.99989281897476","valid","sr"
"okvis2x_stereo","grandtour","grand_tour__group3","2024-11-04-16-05-00","run1","99.99999371681844","99.99999371681844","99.99999371681844","99.99999371681844","valid","sr"
"okvis2x_stereo","grandtour","grand_tour__group3","2024-11-04-16-05-00","run2","99.99999371681844","99.99999371681844","99.99999371681844","99.99999371681844","valid","sr"
"okvis2x_stereo","grandtour","grand_tour__group3","2024-11-04-16-05-00","run3","99.99999371681844","99.99999371681844","99.99999371681844","99.99999371681844","valid","sr"
"okvis2x_stereo","grandtour","grand_tour__group3","2024-11-11-12-07-40","run1","99.99005351413409","99.99005351413409","99.99005351413409","99.99005351413409","valid","sr"
"okvis2x_stereo","grandtour","grand_tour__group3","2024-11-11-12-07-40","run2","99.99005351413409","99.99005351413409","99.99005351413409","99.99005351413409","valid","sr"
"okvis2x_stereo","grandtour","grand_tour__group3","2024-11-11-12-07-40","run3","99.99005351413409","99.99005351413409","99.99005351413409","99.99005351413409","valid","sr"
"okvis2x_stereo","grandtour","grand_tour__group3","2024-11-11-12-42-47","run1","99.34344207988252","99.34344207988252","99.34344207988252","99.34344207988252","valid","sr"
"okvis2x_stereo","grandtour","grand_tour__group3","2024-11-11-12-42-47","run2","99.34344207988252","99.34344207988252","99.34344207988252","99.34344207988252","valid","sr"
"okvis2x_stereo","grandtour","grand_tour__group3","2024-11-11-12-42-47","run3","99.34344207988252","99.34344207988252","99.34344207988252","99.34344207988252","valid","sr"
"okvis2x_stereo","grandtour","grand_tour__group3","2024-11-11-14-29-44","run1","99.81525538807526","99.81525538807526","99.81525538807526","99.81525538807526","valid","sr"
"okvis2x_stereo","grandtour","grand_tour__group3","2024-11-11-14-29-44","run2","99.81525538807526","99.81525538807526","99.81525538807526","99.81525538807526","valid","sr"
"okvis2x_stereo","grandtour","grand_tour__group3","2024-11-11-14-29-44","run3","99.81525538807526","99.81525538807526","99.81525538807526","99.81525538807526","valid","sr"
"open_vins_mono","grandtour","grand_tour__group3","2024-11-04-13-07-13","run1","99.2904366912012","99.2904366912012","99.2904366912012","99.2904366912012","valid","sr"
"open_vins_mono","grandtour","grand_tour__group3","2024-11-04-13-07-13","run2","99.2904366912012","99.2904366912012","99.2904366912012","99.2904366912012","valid","sr"
"open_vins_mono","grandtour","grand_tour__group3","2024-11-04-13-07-13","run3","99.2904366912012","99.2904366912012","99.2904366912012","99.2904366912012","valid","sr"
"open_vins_mono","grandtour","grand_tour__group3","2024-11-04-16-05-00","run1","99.90693276389071","99.90693276389071","99.90693276389071","99.90693276389071","valid","sr"
"open_vins_mono","grandtour","grand_tour__group3","2024-11-04-16-05-00","run2","99.90693276389071","99.90693276389071","99.90693276389071","99.90693276389071","valid","sr"
"open_vins_mono","grandtour","grand_tour__group3","2024-11-04-16-05-00","run3","99.90693276389071","99.90693276389071","99.90693276389071","99.90693276389071","valid","sr"
"open_vins_mono","grandtour","grand_tour__group3","2024-11-11-12-07-40","run1",,"","0","0.0","missing","sr"
"open_vins_mono","grandtour","grand_tour__group3","2024-11-11-12-07-40","run2",,"","0","0.0","missing","sr"
"open_vins_mono","grandtour","grand_tour__group3","2024-11-11-12-07-40","run3",,"","0","0.0","missing","sr"
"open_vins_mono","grandtour","grand_tour__group3","2024-11-11-12-42-47","run1","97.83368649409181","97.83368649409181","97.83368649409181","97.83368649409181","valid","sr"
"open_vins_mono","grandtour","grand_tour__group3","2024-11-11-12-42-47","run2","97.83368649409181","97.83368649409181","97.83368649409181","97.83368649409181","valid","sr"
"open_vins_mono","grandtour","grand_tour__group3","2024-11-11-12-42-47","run3","97.83368649409181","97.83368649409181","97.83368649409181","97.83368649409181","valid","sr"
"open_vins_mono","grandtour","grand_tour__group3","2024-11-11-14-29-44","run1","99.66267732299431","99.66267732299431","99.66267732299431","99.66267732299431","valid","sr"
"open_vins_mono","grandtour","grand_tour__group3","2024-11-11-14-29-44","run2","99.66267732299431","99.66267732299431","99.66267732299431","99.66267732299431","valid","sr"
"open_vins_mono","grandtour","grand_tour__group3","2024-11-11-14-29-44","run3","99.66267732299431","99.66267732299431","99.66267732299431","99.66267732299431","valid","sr"
"open_vins_stereo","grandtour","grand_tour__group3","2024-11-04-13-07-13","run1","99.06505018011207","99.06505018011207","99.06505018011207","99.06505018011207","valid","sr"
"open_vins_stereo","grandtour","grand_tour__group3","2024-11-04-13-07-13","run2","99.0545609239711","99.0545609239711","99.0545609239711","99.0545609239711","valid","sr"
"open_vins_stereo","grandtour","grand_tour__group3","2024-11-04-13-07-13","run3","99.06505018011207","99.06505018011207","99.06505018011207","99.06505018011207","valid","sr"
"open_vins_stereo","grandtour","grand_tour__group3","2024-11-04-16-05-00","run1","99.91200967237762","99.91200967237762","99.91200967237762","99.91200967237762","valid","sr"
"open_vins_stereo","grandtour","grand_tour__group3","2024-11-04-16-05-00","run2","99.91200967237762","99.91200967237762","99.91200967237762","99.91200967237762","valid","sr"
"open_vins_stereo","grandtour","grand_tour__group3","2024-11-04-16-05-00","run3","99.91200967237762","99.91200967237762","99.91200967237762","99.91200967237762","valid","sr"
"open_vins_stereo","grandtour","grand_tour__group3","2024-11-11-12-07-40","run1",,"","0","0.0","missing","sr"
"open_vins_stereo","grandtour","grand_tour__group3","2024-11-11-12-07-40","run2",,"","0","0.0","missing","sr"
"open_vins_stereo","grandtour","grand_tour__group3","2024-11-11-12-07-40","run3",,"","0","0.0","missing","sr"
"open_vins_stereo","grandtour","grand_tour__group3","2024-11-11-12-42-47","run1","99.12394439982123","99.12394439982123","99.12394439982123","99.12394439982123","valid","sr"
"open_vins_stereo","grandtour","grand_tour__group3","2024-11-11-12-42-47","run2","99.11322850659138","99.11322850659138","99.11322850659138","99.11322850659138","valid","sr"
"open_vins_stereo","grandtour","grand_tour__group3","2024-11-11-12-42-47","run3","4.973316431288515","4.973316431288515","4.973316431288515","4.973316431288515","valid","sr"
"open_vins_stereo","grandtour","grand_tour__group3","2024-11-11-14-29-44","run1","99.66615443143475","99.66615443143475","99.66615443143475","99.66615443143475","valid","sr"
"open_vins_stereo","grandtour","grand_tour__group3","2024-11-11-14-29-44","run2","99.66615443143475","99.66615443143475","99.66615443143475","99.66615443143475","valid","sr"
"open_vins_stereo","grandtour","grand_tour__group3","2024-11-11-14-29-44","run3","99.66615443143475","99.66615443143475","99.66615443143475","99.66615443143475","valid","sr"
"orb_slam3_mono","grandtour","grand_tour__group3","2024-11-04-13-07-13","run1","95.42876631579087","95.42876631579087","95.42876631579087","95.42876631579087","valid","sr"
"orb_slam3_mono","grandtour","grand_tour__group3","2024-11-04-13-07-13","run2","91.12789257252233","91.12789257252233","91.12789257252233","91.12789257252233","valid","sr"
"orb_slam3_mono","grandtour","grand_tour__group3","2024-11-04-13-07-13","run3","95.79422993740673","95.79422993740673","95.79422993740673","95.79422993740673","valid","sr"
"orb_slam3_mono","grandtour","grand_tour__group3","2024-11-04-16-05-00","run1","51.207333788150066","51.207333788150066","51.207333788150066","51.207333788150066","valid","sr"
"orb_slam3_mono","grandtour","grand_tour__group3","2024-11-04-16-05-00","run2","95.5241336071574","95.5241336071574","95.5241336071574","95.5241336071574","valid","sr"
"orb_slam3_mono","grandtour","grand_tour__group3","2024-11-04-16-05-00","run3","51.3413870783608","51.3413870783608","51.3413870783608","51.3413870783608","valid","sr"
"orb_slam3_mono","grandtour","grand_tour__group3","2024-11-11-12-07-40","run1","7.007814422917373","7.007814422917373","7.007814422917373","7.007814422917373","valid","sr"
"orb_slam3_mono","grandtour","grand_tour__group3","2024-11-11-12-07-40","run2","10.850492523686182","10.850492523686182","10.850492523686182","10.850492523686182","valid","sr"
"orb_slam3_mono","grandtour","grand_tour__group3","2024-11-11-12-07-40","run3","12.381640185532168","12.381640185532168","12.381640185532168","12.381640185532168","valid","sr"
"orb_slam3_mono","grandtour","grand_tour__group3","2024-11-11-12-42-47","run1","11.764831113783718","11.764831113783718","11.764831113783718","11.764831113783718","valid","sr"
"orb_slam3_mono","grandtour","grand_tour__group3","2024-11-11-12-42-47","run2","56.21865885777909","56.21865885777909","56.21865885777909","56.21865885777909","valid","sr"
"orb_slam3_mono","grandtour","grand_tour__group3","2024-11-11-12-42-47","run3","11.09143318489419","11.09143318489419","11.09143318489419","11.09143318489419","valid","sr"
"orb_slam3_mono","grandtour","grand_tour__group3","2024-11-11-14-29-44","run1","25.36397443469804","25.36397443469804","25.36397443469804","25.36397443469804","valid","sr"
"orb_slam3_mono","grandtour","grand_tour__group3","2024-11-11-14-29-44","run2","48.24736751456176","48.24736751456176","48.24736751456176","48.24736751456176","valid","sr"
"orb_slam3_mono","grandtour","grand_tour__group3","2024-11-11-14-29-44","run3","50.79621038316845","50.79621038316845","50.79621038316845","50.79621038316845","valid","sr"
"orb_slam3_stereo","grandtour","grand_tour__group3","2024-11-04-13-07-13","run1","94.42227880718788","94.42227880718788","94.42227880718788","94.42227880718788","valid","sr"
"orb_slam3_stereo","grandtour","grand_tour__group3","2024-11-04-13-07-13","run2","94.38697608571701","94.38697608571701","94.38697608571701","94.38697608571701","valid","sr"
"orb_slam3_stereo","grandtour","grand_tour__group3","2024-11-04-13-07-13","run3","94.7000175279773","94.7000175279773","94.7000175279773","94.7000175279773","valid","sr"
"orb_slam3_stereo","grandtour","grand_tour__group3","2024-11-04-16-05-00","run1","25.8987326781135","25.8987326781135","25.8987326781135","25.8987326781135","valid","sr"
"orb_slam3_stereo","grandtour","grand_tour__group3","2024-11-04-16-05-00","run2","42.50830506003956","42.50830506003956","42.50830506003956","42.50830506003956","valid","sr"
"orb_slam3_stereo","grandtour","grand_tour__group3","2024-11-04-16-05-00","run3","50.20107005305042","50.20107005305042","50.20107005305042","50.20107005305042","valid","sr"
"orb_slam3_stereo","grandtour","grand_tour__group3","2024-11-11-12-07-40","run1","13.123211762068316","13.123211762068316","13.123211762068316","13.123211762068316","valid","sr"
"orb_slam3_stereo","grandtour","grand_tour__group3","2024-11-11-12-07-40","run2","13.308410689327113","13.308410689327113","13.308410689327113","13.308410689327113","valid","sr"
"orb_slam3_stereo","grandtour","grand_tour__group3","2024-11-11-12-07-40","run3","17.139973577347686","17.139973577347686","17.139973577347686","17.139973577347686","valid","sr"
"orb_slam3_stereo","grandtour","grand_tour__group3","2024-11-11-12-42-47","run1","2.8509276274254076","2.8509276274254076","2.8509276274254076","2.8509276274254076","valid","sr"
"orb_slam3_stereo","grandtour","grand_tour__group3","2024-11-11-12-42-47","run2","1.3152097704859296","1.3152097704859296","1.3152097704859296","1.3152097704859296","valid","sr"
"orb_slam3_stereo","grandtour","grand_tour__group3","2024-11-11-12-42-47","run3","1.0550959522688337","1.0550959522688337","1.0550959522688337","1.0550959522688337","valid","sr"
"orb_slam3_stereo","grandtour","grand_tour__group3","2024-11-11-14-29-44","run1","25.24210402065647","25.24210402065647","25.24210402065647","25.24210402065647","valid","sr"
"orb_slam3_stereo","grandtour","grand_tour__group3","2024-11-11-14-29-44","run2","25.380817758586062","25.380817758586062","25.380817758586062","25.380817758586062","valid","sr"
"orb_slam3_stereo","grandtour","grand_tour__group3","2024-11-11-14-29-44","run3","24.922153753888498","24.922153753888498","24.922153753888498","24.922153753888498","valid","sr"
"rovio","grandtour","grand_tour__group3","2024-11-04-13-07-13","run1","99.99989281897476","99.99989281897476","99.99989281897476","99.99989281897476","valid","sr"
"rovio","grandtour","grand_tour__group3","2024-11-04-13-07-13","run2","99.99989281897476","99.99989281897476","99.99989281897476","99.99989281897476","valid","sr"
"rovio","grandtour","grand_tour__group3","2024-11-04-13-07-13","run3","99.99989281897476","99.99989281897476","99.99989281897476","99.99989281897476","valid","sr"
"rovio","grandtour","grand_tour__group3","2024-11-04-16-05-00","run1","93.94337541036316","93.94337541036316","93.94337541036316","93.94337541036316","valid","sr"
"rovio","grandtour","grand_tour__group3","2024-11-04-16-05-00","run2","93.94337541036316","93.94337541036316","93.94337541036316","93.94337541036316","valid","sr"
"rovio","grandtour","grand_tour__group3","2024-11-04-16-05-00","run3","93.94337541036316","93.94337541036316","93.94337541036316","93.94337541036316","valid","sr"
"rovio","grandtour","grand_tour__group3","2024-11-11-12-07-40","run1","24.10953640409289","24.10953640409289","24.10953640409289","24.10953640409289","valid","sr"
"rovio","grandtour","grand_tour__group3","2024-11-11-12-07-40","run2","24.10953640409289","24.10953640409289","24.10953640409289","24.10953640409289","valid","sr"
"rovio","grandtour","grand_tour__group3","2024-11-11-12-07-40","run3","24.10953640409289","24.10953640409289","24.10953640409289","24.10953640409289","valid","sr"
"rovio","grandtour","grand_tour__group3","2024-11-11-12-42-47","run1","33.51786887586253","33.51786887586253","33.51786887586253","33.51786887586253","valid","sr"
"rovio","grandtour","grand_tour__group3","2024-11-11-12-42-47","run2","33.51786887586253","33.51786887586253","33.51786887586253","33.51786887586253","valid","sr"
"rovio","grandtour","grand_tour__group3","2024-11-11-12-42-47","run3","33.51786887586253","33.51786887586253","33.51786887586253","33.51786887586253","valid","sr"
"rovio","grandtour","grand_tour__group3","2024-11-11-14-29-44","run1","99.80038078364133","99.80038078364133","99.80038078364133","99.80038078364133","valid","sr"
"rovio","grandtour","grand_tour__group3","2024-11-11-14-29-44","run2","99.80038078364133","99.80038078364133","99.80038078364133","99.80038078364133","valid","sr"
"rovio","grandtour","grand_tour__group3","2024-11-11-14-29-44","run3","99.80038078364133","99.80038078364133","99.80038078364133","99.80038078364133","valid","sr"
"sqrtvins_mono","grandtour","grand_tour__group3","2024-11-04-13-07-13","run1","99.90414856804617","99.90414856804617","99.90414856804617","99.90414856804617","valid","sr"
"sqrtvins_mono","grandtour","grand_tour__group3","2024-11-04-13-07-13","run2","99.90414856804617","99.90414856804617","99.90414856804617","99.90414856804617","valid","sr"
"sqrtvins_mono","grandtour","grand_tour__group3","2024-11-04-13-07-13","run3","99.90414856804617","99.90414856804617","99.90414856804617","99.90414856804617","valid","sr"
"sqrtvins_mono","grandtour","grand_tour__group3","2024-11-04-16-05-00","run1","99.9567758892138","99.9567758892138","99.9567758892138","99.9567758892138","valid","sr"
"sqrtvins_mono","grandtour","grand_tour__group3","2024-11-04-16-05-00","run2","99.9567758892138","99.9567758892138","99.9567758892138","99.9567758892138","valid","sr"
"sqrtvins_mono","grandtour","grand_tour__group3","2024-11-04-16-05-00","run3","99.9567758892138","99.9567758892138","99.9567758892138","99.9567758892138","valid","sr"
"sqrtvins_mono","grandtour","grand_tour__group3","2024-11-11-12-07-40","run1","70.11615233572644","70.11615233572644","70.11615233572644","70.11615233572644","valid","sr"
"sqrtvins_mono","grandtour","grand_tour__group3","2024-11-11-12-07-40","run2","70.11615233572644","70.11615233572644","70.11615233572644","70.11615233572644","valid","sr"
"sqrtvins_mono","grandtour","grand_tour__group3","2024-11-11-12-07-40","run3","70.11615233572644","70.11615233572644","70.11615233572644","70.11615233572644","valid","sr"
"sqrtvins_mono","grandtour","grand_tour__group3","2024-11-11-12-42-47","run1","99.25059890137189","99.25059890137189","99.25059890137189","99.25059890137189","valid","sr"
"sqrtvins_mono","grandtour","grand_tour__group3","2024-11-11-12-42-47","run2","99.25059890137189","99.25059890137189","99.25059890137189","99.25059890137189","valid","sr"
"sqrtvins_mono","grandtour","grand_tour__group3","2024-11-11-12-42-47","run3","99.25059890137189","99.25059890137189","99.25059890137189","99.25059890137189","valid","sr"
"sqrtvins_mono","grandtour","grand_tour__group3","2024-11-11-14-29-44","run1","99.71204933993603","99.71204933993603","99.71204933993603","99.71204933993603","valid","sr"
"sqrtvins_mono","grandtour","grand_tour__group3","2024-11-11-14-29-44","run2","99.71204933993603","99.71204933993603","99.71204933993603","99.71204933993603","valid","sr"
"sqrtvins_mono","grandtour","grand_tour__group3","2024-11-11-14-29-44","run3","99.71204933993603","99.71204933993603","99.71204933993603","99.71204933993603","valid","sr"
"sqrtvins_stereo","grandtour","grand_tour__group3","2024-11-04-13-07-13","run1","99.88598015775838","99.88598015775838","99.88598015775838","99.88598015775838","valid","sr"
"sqrtvins_stereo","grandtour","grand_tour__group3","2024-11-04-13-07-13","run2","99.88598015775838","99.88598015775838","99.88598015775838","99.88598015775838","valid","sr"
"sqrtvins_stereo","grandtour","grand_tour__group3","2024-11-04-13-07-13","run3","99.88598015775838","99.88598015775838","99.88598015775838","99.88598015775838","valid","sr"
"sqrtvins_stereo","grandtour","grand_tour__group3","2024-11-04-16-05-00","run1","99.9567758892138","99.9567758892138","99.9567758892138","99.9567758892138","valid","sr"
"sqrtvins_stereo","grandtour","grand_tour__group3","2024-11-04-16-05-00","run2","99.9567758892138","99.9567758892138","99.9567758892138","99.9567758892138","valid","sr"
"sqrtvins_stereo","grandtour","grand_tour__group3","2024-11-04-16-05-00","run3","99.9567758892138","99.9567758892138","99.9567758892138","99.9567758892138","valid","sr"
"sqrtvins_stereo","grandtour","grand_tour__group3","2024-11-11-12-07-40","run1","69.47177602415101","69.47177602415101","69.47177602415101","69.47177602415101","valid","sr"
"sqrtvins_stereo","grandtour","grand_tour__group3","2024-11-11-12-07-40","run2","69.47177602415101","69.47177602415101","69.47177602415101","69.47177602415101","valid","sr"
"sqrtvins_stereo","grandtour","grand_tour__group3","2024-11-11-12-07-40","run3","69.47177602415101","69.47177602415101","69.47177602415101","69.47177602415101","valid","sr"
"sqrtvins_stereo","grandtour","grand_tour__group3","2024-11-11-12-42-47","run1","99.16021647332207","99.16021647332207","99.16021647332207","99.16021647332207","valid","sr"
"sqrtvins_stereo","grandtour","grand_tour__group3","2024-11-11-12-42-47","run2","99.16021647332207","99.16021647332207","99.16021647332207","99.16021647332207","valid","sr"
"sqrtvins_stereo","grandtour","grand_tour__group3","2024-11-11-12-42-47","run3","99.16021647332207","99.16021647332207","99.16021647332207","99.16021647332207","valid","sr"
"sqrtvins_stereo","grandtour","grand_tour__group3","2024-11-11-14-29-44","run1","99.71204933993603","99.71204933993603","99.71204933993603","99.71204933993603","valid","sr"
"sqrtvins_stereo","grandtour","grand_tour__group3","2024-11-11-14-29-44","run2","99.71204933993603","99.71204933993603","99.71204933993603","99.71204933993603","valid","sr"
"sqrtvins_stereo","grandtour","grand_tour__group3","2024-11-11-14-29-44","run3","99.71204933993603","99.71204933993603","99.71204933993603","99.71204933993603","valid","sr"
"svo_mono","grandtour","grand_tour__group3","2024-11-04-13-07-13","run1","98.85699724661401","98.85699724661401","98.85699724661401","98.85699724661401","valid","sr"
"svo_mono","grandtour","grand_tour__group3","2024-11-04-13-07-13","run2","98.86236684895738","98.86236684895738","98.86236684895738","98.86236684895738","valid","sr"
"svo_mono","grandtour","grand_tour__group3","2024-11-04-13-07-13","run3","98.86236684895738","98.86236684895738","98.86236684895738","98.86236684895738","valid","sr"
"svo_mono","grandtour","grand_tour__group3","2024-11-04-16-05-00","run1","99.41863482781487","99.41863482781487","99.41863482781487","99.41863482781487","valid","sr"
"svo_mono","grandtour","grand_tour__group3","2024-11-04-16-05-00","run2","99.29917848018329","99.29917848018329","99.29917848018329","99.29917848018329","valid","sr"
"svo_mono","grandtour","grand_tour__group3","2024-11-04-16-05-00","run3","96.88528550619624","96.88528550619624","96.88528550619624","96.88528550619624","valid","sr"
"svo_mono","grandtour","grand_tour__group3","2024-11-11-12-07-40","run1","77.5994056895059","77.5994056895059","77.5994056895059","77.5994056895059","valid","sr"
"svo_mono","grandtour","grand_tour__group3","2024-11-11-12-07-40","run2","83.77181085533","83.77181085533","83.77181085533","83.77181085533","valid","sr"
"svo_mono","grandtour","grand_tour__group3","2024-11-11-12-07-40","run3","73.55343606083613","73.55343606083613","73.55343606083613","73.55343606083613","valid","sr"
"svo_mono","grandtour","grand_tour__group3","2024-11-11-12-42-47","run1","0.037075853994967864","0.037075853994967864","0.037075853994967864","0.037075853994967864","valid","sr"
"svo_mono","grandtour","grand_tour__group3","2024-11-11-12-42-47","run2","0.05095605372385825","0.05095605372385825","0.05095605372385825","0.05095605372385825","valid","sr"
"svo_mono","grandtour","grand_tour__group3","2024-11-11-12-42-47","run3","0","0.0","0","0.0","valid","sr"
"svo_mono","grandtour","grand_tour__group3","2024-11-11-14-29-44","run1","99.38177743209258","99.38177743209258","99.38177743209258","99.38177743209258","valid","sr"
"svo_mono","grandtour","grand_tour__group3","2024-11-11-14-29-44","run2","99.62074505514965","99.62074505514965","99.62074505514965","99.62074505514965","valid","sr"
"svo_mono","grandtour","grand_tour__group3","2024-11-11-14-29-44","run3","96.253536061813","96.253536061813","96.253536061813","96.253536061813","valid","sr"
"svo_stereo","grandtour","grand_tour__group3","2024-11-04-13-07-13","run1","98.31993661489891","98.31993661489891","98.31993661489891","98.31993661489891","valid","sr"
"svo_stereo","grandtour","grand_tour__group3","2024-11-04-13-07-13","run2","91.07161914787382","91.07161914787382","91.07161914787382","91.07161914787382","valid","sr"
"svo_stereo","grandtour","grand_tour__group3","2024-11-04-13-07-13","run3","95.36926397828005","95.36926397828005","95.36926397828005","95.36926397828005","valid","sr"
"svo_stereo","grandtour","grand_tour__group3","2024-11-04-16-05-00","run1","99.93445995130998","99.93445995130998","99.93445995130998","99.93445995130998","valid","sr"
"svo_stereo","grandtour","grand_tour__group3","2024-11-04-16-05-00","run2","97.69899451399947","97.69899451399947","97.69899451399947","97.69899451399947","valid","sr"
"svo_stereo","grandtour","grand_tour__group3","2024-11-04-16-05-00","run3","97.73074660014163","97.73074660014163","97.73074660014163","97.73074660014163","valid","sr"
"svo_stereo","grandtour","grand_tour__group3","2024-11-11-12-07-40","run1","70.82659031905594","70.82659031905594","70.82659031905594","70.82659031905594","valid","sr"
"svo_stereo","grandtour","grand_tour__group3","2024-11-11-12-07-40","run2","86.06928572740725","86.06928572740725","86.06928572740725","86.06928572740725","valid","sr"
"svo_stereo","grandtour","grand_tour__group3","2024-11-11-12-07-40","run3","85.78196592018791","85.78196592018791","85.78196592018791","85.78196592018791","valid","sr"
"svo_stereo","grandtour","grand_tour__group3","2024-11-11-12-42-47","run1","93.91183012391726","93.91183012391726","93.91183012391726","93.91183012391726","valid","sr"
"svo_stereo","grandtour","grand_tour__group3","2024-11-11-12-42-47","run2","86.83998918703496","86.83998918703496","86.83998918703496","86.83998918703496","valid","sr"
"svo_stereo","grandtour","grand_tour__group3","2024-11-11-12-42-47","run3","48.15277460546362","48.15277460546362","48.15277460546362","48.15277460546362","valid","sr"
"svo_stereo","grandtour","grand_tour__group3","2024-11-11-14-29-44","run1","99.17443444068309","99.17443444068309","99.17443444068309","99.17443444068309","valid","sr"
"svo_stereo","grandtour","grand_tour__group3","2024-11-11-14-29-44","run2","98.91879607773491","98.91879607773491","98.91879607773491","98.91879607773491","valid","sr"
"svo_stereo","grandtour","grand_tour__group3","2024-11-11-14-29-44","run3","99.67975083872662","99.67975083872662","99.67975083872662","99.67975083872662","valid","sr"
"vins-fusion_monoimu","grandtour","grand_tour__group3","2024-11-04-13-07-13","run1","97.82310611725433","97.82310611725433","97.82310611725433","97.82310611725433","valid","sr"
"vins-fusion_monoimu","grandtour","grand_tour__group3","2024-11-04-13-07-13","run2","97.82310611725433","97.82310611725433","97.82310611725433","97.82310611725433","valid","sr"
"vins-fusion_monoimu","grandtour","grand_tour__group3","2024-11-04-13-07-13","run3","97.82310611725433","97.82310611725433","97.82310611725433","97.82310611725433","valid","sr"
"vins-fusion_monoimu","grandtour","grand_tour__group3","2024-11-04-16-05-00","run1","98.70108672368796","98.70108672368796","98.70108672368796","98.70108672368796","valid","sr"
"vins-fusion_monoimu","grandtour","grand_tour__group3","2024-11-04-16-05-00","run2","98.70108672368796","98.70108672368796","98.70108672368796","98.70108672368796","valid","sr"
"vins-fusion_monoimu","grandtour","grand_tour__group3","2024-11-04-16-05-00","run3","98.70108672368796","98.70108672368796","98.70108672368796","98.70108672368796","valid","sr"
"vins-fusion_monoimu","grandtour","grand_tour__group3","2024-11-11-12-07-40","run1","28.39041343827628","28.39041343827628","28.39041343827628","28.39041343827628","valid","sr"
"vins-fusion_monoimu","grandtour","grand_tour__group3","2024-11-11-12-07-40","run2","28.683317220519776","28.683317220519776","28.683317220519776","28.683317220519776","valid","sr"
"vins-fusion_monoimu","grandtour","grand_tour__group3","2024-11-11-12-07-40","run3","36.03248180527119","36.03248180527119","36.03248180527119","36.03248180527119","valid","sr"
"vins-fusion_monoimu","grandtour","grand_tour__group3","2024-11-11-12-42-47","run1","3.0436583621931383","3.0436583621931383","3.0436583621931383","3.0436583621931383","valid","sr"
"vins-fusion_monoimu","grandtour","grand_tour__group3","2024-11-11-12-42-47","run2","3.0436583621931383","3.0436583621931383","3.0436583621931383","3.0436583621931383","valid","sr"
"vins-fusion_monoimu","grandtour","grand_tour__group3","2024-11-11-12-42-47","run3","3.0436583621931383","3.0436583621931383","3.0436583621931383","3.0436583621931383","valid","sr"
"vins-fusion_monoimu","grandtour","grand_tour__group3","2024-11-11-14-29-44","run1","97.67085140396374","97.67085140396374","97.67085140396374","97.67085140396374","valid","sr"
"vins-fusion_monoimu","grandtour","grand_tour__group3","2024-11-11-14-29-44","run2","97.64383755521936","97.64383755521936","97.64383755521936","97.64383755521936","valid","sr"
"vins-fusion_monoimu","grandtour","grand_tour__group3","2024-11-11-14-29-44","run3","97.67085140396374","97.67085140396374","97.67085140396374","97.67085140396374","valid","sr"
"vins-fusion_stereoimu","grandtour","grand_tour__group3","2024-11-04-13-07-13","run1","97.27146696986725","97.27146696986725","97.27146696986725","97.27146696986725","valid","sr"
"vins-fusion_stereoimu","grandtour","grand_tour__group3","2024-11-04-13-07-13","run2","97.98793057761299","97.98793057761299","97.98793057761299","97.98793057761299","valid","sr"
"vins-fusion_stereoimu","grandtour","grand_tour__group3","2024-11-04-13-07-13","run3","97.98793057761299","97.98793057761299","97.98793057761299","97.98793057761299","valid","sr"
"vins-fusion_stereoimu","grandtour","grand_tour__group3","2024-11-04-16-05-00","run1","98.78272974735864","98.78272974735864","98.78272974735864","98.78272974735864","valid","sr"
"vins-fusion_stereoimu","grandtour","grand_tour__group3","2024-11-04-16-05-00","run2","98.78272974735864","98.78272974735864","98.78272974735864","98.78272974735864","valid","sr"
"vins-fusion_stereoimu","grandtour","grand_tour__group3","2024-11-04-16-05-00","run3","98.78272974735864","98.78272974735864","98.78272974735864","98.78272974735864","valid","sr"
"vins-fusion_stereoimu","grandtour","grand_tour__group3","2024-11-11-12-07-40","run1","52.763922490353984","52.763922490353984","52.763922490353984","52.763922490353984","valid","sr"
"vins-fusion_stereoimu","grandtour","grand_tour__group3","2024-11-11-12-07-40","run2","52.25376628776694","52.25376628776694","52.25376628776694","52.25376628776694","valid","sr"
"vins-fusion_stereoimu","grandtour","grand_tour__group3","2024-11-11-12-07-40","run3","52.25376628776694","52.25376628776694","52.25376628776694","52.25376628776694","valid","sr"
"vins-fusion_stereoimu","grandtour","grand_tour__group3","2024-11-11-12-42-47","run1","97.29187872546945","97.29187872546945","97.29187872546945","97.29187872546945","valid","sr"
"vins-fusion_stereoimu","grandtour","grand_tour__group3","2024-11-11-12-42-47","run2","97.29187872546945","97.29187872546945","97.29187872546945","97.29187872546945","valid","sr"
"vins-fusion_stereoimu","grandtour","grand_tour__group3","2024-11-11-12-42-47","run3","97.29187872546945","97.29187872546945","97.29187872546945","97.29187872546945","valid","sr"
"vins-fusion_stereoimu","grandtour","grand_tour__group3","2024-11-11-14-29-44","run1","97.89630952917109","97.89630952917109","97.89630952917109","97.89630952917109","valid","sr"
"vins-fusion_stereoimu","grandtour","grand_tour__group3","2024-11-11-14-29-44","run2","97.89630952917109","97.89630952917109","97.89630952917109","97.89630952917109","valid","sr"
"vins-fusion_stereoimu","grandtour","grand_tour__group3","2024-11-11-14-29-44","run3","97.89630952917109","97.89630952917109","97.89630952917109","97.89630952917109","valid","sr"
"airslam","grandtour","grand_tour__group4","2024-11-14-11-17-02","run1","97.07977254310958","97.07977254310958","97.07977254310958","97.07977254310958","valid","sr"
"airslam","grandtour","grand_tour__group4","2024-11-14-11-17-02","run2","97.07977254310958","97.07977254310958","97.07977254310958","97.07977254310958","valid","sr"
"airslam","grandtour","grand_tour__group4","2024-11-14-11-17-02","run3","97.07977254310958","97.07977254310958","97.07977254310958","97.07977254310958","valid","sr"
"airslam","grandtour","grand_tour__group4","2024-11-14-12-01-26","run1","95.07952122549997","95.07952122549997","95.07952122549997","95.07952122549997","valid","sr"
"airslam","grandtour","grand_tour__group4","2024-11-14-12-01-26","run2","95.07952122549997","95.07952122549997","95.07952122549997","95.07952122549997","valid","sr"
"airslam","grandtour","grand_tour__group4","2024-11-14-12-01-26","run3","95.07828719203802","95.07828719203802","95.07828719203802","95.07828719203802","valid","sr"
"airslam","grandtour","grand_tour__group4","2024-11-14-14-36-02","run1","93.31738068360636","93.31738068360636","93.31738068360636","93.31738068360636","valid","sr"
"airslam","grandtour","grand_tour__group4","2024-11-14-14-36-02","run2","93.31738068360636","93.31738068360636","93.31738068360636","93.31738068360636","valid","sr"
"airslam","grandtour","grand_tour__group4","2024-11-14-14-36-02","run3","93.31406123522213","93.31406123522213","93.31406123522213","93.31406123522213","valid","sr"
"airslam","grandtour","grand_tour__group4","2024-11-14-15-22-43","run1","96.018757738841","96.018757738841","96.018757738841","96.018757738841","valid","sr"
"airslam","grandtour","grand_tour__group4","2024-11-14-15-22-43","run2","96.018757738841","96.018757738841","96.018757738841","96.018757738841","valid","sr"
"airslam","grandtour","grand_tour__group4","2024-11-14-15-22-43","run3","96.018757738841","96.018757738841","96.018757738841","96.018757738841","valid","sr"
"airslam","grandtour","grand_tour__group4","2024-11-14-16-04-09","run1","98.45445813967466","98.45445813967466","98.45445813967466","98.45445813967466","valid","sr"
"airslam","grandtour","grand_tour__group4","2024-11-14-16-04-09","run2","98.45445813967466","98.45445813967466","98.45445813967466","98.45445813967466","valid","sr"
"airslam","grandtour","grand_tour__group4","2024-11-14-16-04-09","run3","98.45445813967466","98.45445813967466","98.45445813967466","98.45445813967466","valid","sr"
"basalt_stereo","grandtour","grand_tour__group4","2024-11-14-11-17-02","run1","99.82876018133182","99.82876018133182","99.82876018133182","99.82876018133182","valid","sr"
"basalt_stereo","grandtour","grand_tour__group4","2024-11-14-11-17-02","run2","99.82876018133182","99.82876018133182","99.82876018133182","99.82876018133182","valid","sr"
"basalt_stereo","grandtour","grand_tour__group4","2024-11-14-11-17-02","run3","99.82876018133182","99.82876018133182","99.82876018133182","99.82876018133182","valid","sr"
"basalt_stereo","grandtour","grand_tour__group4","2024-11-14-12-01-26","run1","99.13607947435327","99.13607947435327","99.13607947435327","99.13607947435327","valid","sr"
"basalt_stereo","grandtour","grand_tour__group4","2024-11-14-12-01-26","run2","99.13607947435327","99.13607947435327","99.13607947435327","99.13607947435327","valid","sr"
"basalt_stereo","grandtour","grand_tour__group4","2024-11-14-12-01-26","run3","99.13607947435327","99.13607947435327","99.13607947435327","99.13607947435327","valid","sr"
"basalt_stereo","grandtour","grand_tour__group4","2024-11-14-14-36-02","run1","99.71668216286322","99.71668216286322","99.71668216286322","99.71668216286322","valid","sr"
"basalt_stereo","grandtour","grand_tour__group4","2024-11-14-14-36-02","run2","99.71668216286322","99.71668216286322","99.71668216286322","99.71668216286322","valid","sr"
"basalt_stereo","grandtour","grand_tour__group4","2024-11-14-14-36-02","run3","99.71668216286322","99.71668216286322","99.71668216286322","99.71668216286322","valid","sr"
"basalt_stereo","grandtour","grand_tour__group4","2024-11-14-15-22-43","run1","99.61756862214183","99.61756862214183","99.61756862214183","99.61756862214183","valid","sr"
"basalt_stereo","grandtour","grand_tour__group4","2024-11-14-15-22-43","run2","99.61756862214183","99.61756862214183","99.61756862214183","99.61756862214183","valid","sr"
"basalt_stereo","grandtour","grand_tour__group4","2024-11-14-15-22-43","run3","99.61756862214183","99.61756862214183","99.61756862214183","99.61756862214183","valid","sr"
"basalt_stereo","grandtour","grand_tour__group4","2024-11-14-16-04-09","run1","99.91660032726472","99.91660032726472","99.91660032726472","99.91660032726472","valid","sr"
"basalt_stereo","grandtour","grand_tour__group4","2024-11-14-16-04-09","run2","99.91660032726472","99.91660032726472","99.91660032726472","99.91660032726472","valid","sr"
"basalt_stereo","grandtour","grand_tour__group4","2024-11-14-16-04-09","run3","99.91660032726472","99.91660032726472","99.91660032726472","99.91660032726472","valid","sr"
"dm_vio","grandtour","grand_tour__group4","2024-11-14-11-17-02","run1","87.33982388488658","87.33982388488658","87.33982388488658","87.33982388488658","valid","sr"
"dm_vio","grandtour","grand_tour__group4","2024-11-14-11-17-02","run2","99.29997089186593","99.29997089186593","99.29997089186593","99.29997089186593","valid","sr"
"dm_vio","grandtour","grand_tour__group4","2024-11-14-11-17-02","run3","87.35582953084243","87.35582953084243","87.35582953084243","87.35582953084243","valid","sr"
"dm_vio","grandtour","grand_tour__group4","2024-11-14-12-01-26","run1","62.9378971029509","62.9378971029509","62.9378971029509","62.9378971029509","valid","sr"
"dm_vio","grandtour","grand_tour__group4","2024-11-14-12-01-26","run2","95.34904556698694","95.34904556698694","95.34904556698694","95.34904556698694","valid","sr"
"dm_vio","grandtour","grand_tour__group4","2024-11-14-12-01-26","run3","65.22991625285206","65.22991625285206","65.22991625285206","65.22991625285206","valid","sr"
"dm_vio","grandtour","grand_tour__group4","2024-11-14-14-36-02","run1","25.248167246021374","25.248167246021374","25.248167246021374","25.248167246021374","valid","sr"
"dm_vio","grandtour","grand_tour__group4","2024-11-14-14-36-02","run2","0.4203253587037719","0.4203253587037719","0.4203253587037719","0.4203253587037719","valid","sr"
"dm_vio","grandtour","grand_tour__group4","2024-11-14-14-36-02","run3","0.219863329660613","0.219863329660613","0.219863329660613","0.219863329660613","valid","sr"
"dm_vio","grandtour","grand_tour__group4","2024-11-14-15-22-43","run1","99.53904092311609","99.53904092311609","99.53904092311609","99.53904092311609","valid","sr"
"dm_vio","grandtour","grand_tour__group4","2024-11-14-15-22-43","run2","99.52805086221616","99.52805086221616","99.52805086221616","99.52805086221616","valid","sr"
"dm_vio","grandtour","grand_tour__group4","2024-11-14-15-22-43","run3","54.916897466920844","54.916897466920844","54.916897466920844","54.916897466920844","valid","sr"
"dm_vio","grandtour","grand_tour__group4","2024-11-14-16-04-09","run1","34.7968589376295","34.7968589376295","34.7968589376295","34.7968589376295","valid","sr"
"dm_vio","grandtour","grand_tour__group4","2024-11-14-16-04-09","run2","35.761855835373055","35.761855835373055","35.761855835373055","35.761855835373055","valid","sr"
"dm_vio","grandtour","grand_tour__group4","2024-11-14-16-04-09","run3","59.21714353040121","59.21714353040121","59.21714353040121","59.21714353040121","valid","sr"
"kimera_vio_mono","grandtour","grand_tour__group4","2024-11-14-11-17-02","run1","97.53037487768452","97.53037487768452","97.53037487768452","97.53037487768452","valid","sr"
"kimera_vio_mono","grandtour","grand_tour__group4","2024-11-14-11-17-02","run2","97.53037487768452","97.53037487768452","97.53037487768452","97.53037487768452","valid","sr"
"kimera_vio_mono","grandtour","grand_tour__group4","2024-11-14-11-17-02","run3","97.53037487768452","97.53037487768452","97.53037487768452","97.53037487768452","valid","sr"
"kimera_vio_mono","grandtour","grand_tour__group4","2024-11-14-12-01-26","run1","4.346028547925215","4.346028547925215","4.346028547925215","4.346028547925215","valid","sr"
"kimera_vio_mono","grandtour","grand_tour__group4","2024-11-14-12-01-26","run2","4.346028547925215","4.346028547925215","4.346028547925215","4.346028547925215","valid","sr"
"kimera_vio_mono","grandtour","grand_tour__group4","2024-11-14-12-01-26","run3","4.346028547925215","4.346028547925215","4.346028547925215","4.346028547925215","valid","sr"
"kimera_vio_mono","grandtour","grand_tour__group4","2024-11-14-14-36-02","run1","94.03127503897494","94.03127503897494","94.03127503897494","94.03127503897494","valid","sr"
"kimera_vio_mono","grandtour","grand_tour__group4","2024-11-14-14-36-02","run2","94.03127503897494","94.03127503897494","94.03127503897494","94.03127503897494","valid","sr"
"kimera_vio_mono","grandtour","grand_tour__group4","2024-11-14-14-36-02","run3","94.03127503897494","94.03127503897494","94.03127503897494","94.03127503897494","valid","sr"
"kimera_vio_mono","grandtour","grand_tour__group4","2024-11-14-15-22-43","run1","96.27584187349022","96.27584187349022","96.27584187349022","96.27584187349022","valid","sr"
"kimera_vio_mono","grandtour","grand_tour__group4","2024-11-14-15-22-43","run2","96.27584187349022","96.27584187349022","96.27584187349022","96.27584187349022","valid","sr"
"kimera_vio_mono","grandtour","grand_tour__group4","2024-11-14-15-22-43","run3","96.65302397287255","96.65302397287255","96.65302397287255","96.65302397287255","valid","sr"
"kimera_vio_mono","grandtour","grand_tour__group4","2024-11-14-16-04-09","run1","52.60148086765866","52.60148086765866","52.60148086765866","52.60148086765866","valid","sr"
"kimera_vio_mono","grandtour","grand_tour__group4","2024-11-14-16-04-09","run2","52.60148086765866","52.60148086765866","52.60148086765866","52.60148086765866","valid","sr"
"kimera_vio_mono","grandtour","grand_tour__group4","2024-11-14-16-04-09","run3","52.60148086765866","52.60148086765866","52.60148086765866","52.60148086765866","valid","sr"
"kimera_vio_stereo","grandtour","grand_tour__group4","2024-11-14-11-17-02","run1","97.66332688450365","97.66332688450365","97.66332688450365","97.66332688450365","valid","sr"
"kimera_vio_stereo","grandtour","grand_tour__group4","2024-11-14-11-17-02","run2","97.66332688450365","97.66332688450365","97.66332688450365","97.66332688450365","valid","sr"
"kimera_vio_stereo","grandtour","grand_tour__group4","2024-11-14-11-17-02","run3","97.66332688450365","97.66332688450365","97.66332688450365","97.66332688450365","valid","sr"
"kimera_vio_stereo","grandtour","grand_tour__group4","2024-11-14-12-01-26","run1","96.26269619595254","96.26269619595254","96.26269619595254","96.26269619595254","valid","sr"
"kimera_vio_stereo","grandtour","grand_tour__group4","2024-11-14-12-01-26","run2","96.26269619595254","96.26269619595254","96.26269619595254","96.26269619595254","valid","sr"
"kimera_vio_stereo","grandtour","grand_tour__group4","2024-11-14-12-01-26","run3","96.26269619595254","96.26269619595254","96.26269619595254","96.26269619595254","valid","sr"
"kimera_vio_stereo","grandtour","grand_tour__group4","2024-11-14-14-36-02","run1","94.30318727211473","94.30318727211473","94.30318727211473","94.30318727211473","valid","sr"
"kimera_vio_stereo","grandtour","grand_tour__group4","2024-11-14-14-36-02","run2","94.30318727211473","94.30318727211473","94.30318727211473","94.30318727211473","valid","sr"
"kimera_vio_stereo","grandtour","grand_tour__group4","2024-11-14-14-36-02","run3","94.30318727211473","94.30318727211473","94.30318727211473","94.30318727211473","valid","sr"
"kimera_vio_stereo","grandtour","grand_tour__group4","2024-11-14-15-22-43","run1","96.63683479937487","96.63683479937487","96.63683479937487","96.63683479937487","valid","sr"
"kimera_vio_stereo","grandtour","grand_tour__group4","2024-11-14-15-22-43","run2","96.63683479937487","96.63683479937487","96.63683479937487","96.63683479937487","valid","sr"
"kimera_vio_stereo","grandtour","grand_tour__group4","2024-11-14-15-22-43","run3","96.63683479937487","96.63683479937487","96.63683479937487","96.63683479937487","valid","sr"
"kimera_vio_stereo","grandtour","grand_tour__group4","2024-11-14-16-04-09","run1","54.31923373697397","54.31923373697397","54.31923373697397","54.31923373697397","valid","sr"
"kimera_vio_stereo","grandtour","grand_tour__group4","2024-11-14-16-04-09","run2","53.10877289468123","53.10877289468123","53.10877289468123","53.10877289468123","valid","sr"
"kimera_vio_stereo","grandtour","grand_tour__group4","2024-11-14-16-04-09","run3","53.10877289468123","53.10877289468123","53.10877289468123","53.10877289468123","valid","sr"
"okvis2x_mono","grandtour","grand_tour__group4","2024-11-14-11-17-02","run1","99.38116958291079","99.38116958291079","99.38116958291079","99.38116958291079","valid","sr"
"okvis2x_mono","grandtour","grand_tour__group4","2024-11-14-11-17-02","run2","99.53848273586175","99.53848273586175","99.53848273586175","99.53848273586175","valid","sr"
"okvis2x_mono","grandtour","grand_tour__group4","2024-11-14-11-17-02","run3","99.47065120343724","99.47065120343724","99.47065120343724","99.47065120343724","valid","sr"
"okvis2x_mono","grandtour","grand_tour__group4","2024-11-14-12-01-26","run1","98.00213349238548","98.00213349238548","98.00213349238548","98.00213349238548","valid","sr"
"okvis2x_mono","grandtour","grand_tour__group4","2024-11-14-12-01-26","run2","98.39710066538228","98.39710066538228","98.39710066538228","98.39710066538228","valid","sr"
"okvis2x_mono","grandtour","grand_tour__group4","2024-11-14-12-01-26","run3","97.4181547128807","97.4181547128807","97.4181547128807","97.4181547128807","valid","sr"
"okvis2x_mono","grandtour","grand_tour__group4","2024-11-14-14-36-02","run1","99.35087718871388","99.35087718871388","99.35087718871388","99.35087718871388","valid","sr"
"okvis2x_mono","grandtour","grand_tour__group4","2024-11-14-14-36-02","run2","99.25223428259244","99.25223428259244","99.25223428259244","99.25223428259244","valid","sr"
"okvis2x_mono","grandtour","grand_tour__group4","2024-11-14-14-36-02","run3","99.5914686717424","99.5914686717424","99.5914686717424","99.5914686717424","valid","sr"
"okvis2x_mono","grandtour","grand_tour__group4","2024-11-14-15-22-43","run1","96.70802720244232","96.70802720244232","96.70802720244232","96.70802720244232","valid","sr"
"okvis2x_mono","grandtour","grand_tour__group4","2024-11-14-15-22-43","run2","97.1679219235453","97.1679219235453","97.1679219235453","97.1679219235453","valid","sr"
"okvis2x_mono","grandtour","grand_tour__group4","2024-11-14-15-22-43","run3","97.55956565988504","97.55956565988504","97.55956565988504","97.55956565988504","valid","sr"
"okvis2x_mono","grandtour","grand_tour__group4","2024-11-14-16-04-09","run1","98.16306711779316","98.16306711779316","98.16306711779316","98.16306711779316","valid","sr"
"okvis2x_mono","grandtour","grand_tour__group4","2024-11-14-16-04-09","run2","99.82416894754148","99.82416894754148","99.82416894754148","99.82416894754148","valid","sr"
"okvis2x_mono","grandtour","grand_tour__group4","2024-11-14-16-04-09","run3","99.94041813211064","99.94041813211064","99.94041813211064","99.94041813211064","valid","sr"
"okvis2x_stereo","grandtour","grand_tour__group4","2024-11-14-11-17-02","run1","99.99991609079683","99.99991609079683","99.99991609079683","99.99991609079683","valid","sr"
"okvis2x_stereo","grandtour","grand_tour__group4","2024-11-14-11-17-02","run2","99.90740449251902","99.90740449251902","99.90740449251902","99.90740449251902","valid","sr"
"okvis2x_stereo","grandtour","grand_tour__group4","2024-11-14-11-17-02","run3","99.91318037881679","99.91318037881679","99.91318037881679","99.91318037881679","valid","sr"
"okvis2x_stereo","grandtour","grand_tour__group4","2024-11-14-12-01-26","run1","99.9970989574736","99.9970989574736","99.9970989574736","99.9970989574736","valid","sr"
"okvis2x_stereo","grandtour","grand_tour__group4","2024-11-14-12-01-26","run2","99.9970989574736","99.9970989574736","99.9970989574736","99.9970989574736","valid","sr"
"okvis2x_stereo","grandtour","grand_tour__group4","2024-11-14-12-01-26","run3","99.9970989574736","99.9970989574736","99.9970989574736","99.9970989574736","valid","sr"
"okvis2x_stereo","grandtour","grand_tour__group4","2024-11-14-14-36-02","run1","99.99230932879998","99.99230932879998","99.99230932879998","99.99230932879998","valid","sr"
"okvis2x_stereo","grandtour","grand_tour__group4","2024-11-14-14-36-02","run2","99.99230932879998","99.99230932879998","99.99230932879998","99.99230932879998","valid","sr"
"okvis2x_stereo","grandtour","grand_tour__group4","2024-11-14-14-36-02","run3","99.99230932879998","99.99230932879998","99.99230932879998","99.99230932879998","valid","sr"
"okvis2x_stereo","grandtour","grand_tour__group4","2024-11-14-15-22-43","run1","99.61755326743376","99.61755326743376","99.61755326743376","99.61755326743376","valid","sr"
"okvis2x_stereo","grandtour","grand_tour__group4","2024-11-14-15-22-43","run2","99.61755326743376","99.61755326743376","99.61755326743376","99.61755326743376","valid","sr"
"okvis2x_stereo","grandtour","grand_tour__group4","2024-11-14-15-22-43","run3","99.61755326743376","99.61755326743376","99.61755326743376","99.61755326743376","valid","sr"
"okvis2x_stereo","grandtour","grand_tour__group4","2024-11-14-16-04-09","run1","99.99495978307883","99.99495978307883","99.99495978307883","99.99495978307883","valid","sr"
"okvis2x_stereo","grandtour","grand_tour__group4","2024-11-14-16-04-09","run2","99.99495978307883","99.99495978307883","99.99495978307883","99.99495978307883","valid","sr"
"okvis2x_stereo","grandtour","grand_tour__group4","2024-11-14-16-04-09","run3","99.99495978307883","99.99495978307883","99.99495978307883","99.99495978307883","valid","sr"
"open_vins_mono","grandtour","grand_tour__group4","2024-11-14-11-17-02","run1","99.92820274539847","99.92820274539847","99.92820274539847","99.92820274539847","valid","sr"
"open_vins_mono","grandtour","grand_tour__group4","2024-11-14-11-17-02","run2","99.92863671790326","99.92863671790326","99.92863671790326","99.92863671790326","valid","sr"
"open_vins_mono","grandtour","grand_tour__group4","2024-11-14-11-17-02","run3","99.82160078617054","99.82160078617054","99.82160078617054","99.82160078617054","valid","sr"
"open_vins_mono","grandtour","grand_tour__group4","2024-11-14-12-01-26","run1","99.74842534107489","99.74842534107489","99.74842534107489","99.74842534107489","valid","sr"
"open_vins_mono","grandtour","grand_tour__group4","2024-11-14-12-01-26","run2","99.74842534107489","99.74842534107489","99.74842534107489","99.74842534107489","valid","sr"
"open_vins_mono","grandtour","grand_tour__group4","2024-11-14-12-01-26","run3","99.74842534107489","99.74842534107489","99.74842534107489","99.74842534107489","valid","sr"
"open_vins_mono","grandtour","grand_tour__group4","2024-11-14-14-36-02","run1","99.89410013615189","99.89410013615189","99.89410013615189","99.89410013615189","valid","sr"
"open_vins_mono","grandtour","grand_tour__group4","2024-11-14-14-36-02","run2","99.89678166659796","99.89678166659796","99.89678166659796","99.89678166659796","valid","sr"
"open_vins_mono","grandtour","grand_tour__group4","2024-11-14-14-36-02","run3","99.89678166659796","99.89678166659796","99.89678166659796","99.89678166659796","valid","sr"
"open_vins_mono","grandtour","grand_tour__group4","2024-11-14-15-22-43","run1","99.54367499630051","99.54367499630051","99.54367499630051","99.54367499630051","valid","sr"
"open_vins_mono","grandtour","grand_tour__group4","2024-11-14-15-22-43","run2","99.54365569626647","99.54365569626647","99.54365569626647","99.54365569626647","valid","sr"
"open_vins_mono","grandtour","grand_tour__group4","2024-11-14-15-22-43","run3","99.54365569626647","99.54365569626647","99.54365569626647","99.54365569626647","valid","sr"
"open_vins_mono","grandtour","grand_tour__group4","2024-11-14-16-04-09","run1","99.89969351201307","99.89969351201307","99.89969351201307","99.89969351201307","valid","sr"
"open_vins_mono","grandtour","grand_tour__group4","2024-11-14-16-04-09","run2","99.89969351201307","99.89969351201307","99.89969351201307","99.89969351201307","valid","sr"
"open_vins_mono","grandtour","grand_tour__group4","2024-11-14-16-04-09","run3","99.89969351201307","99.89969351201307","99.89969351201307","99.89969351201307","valid","sr"
"open_vins_stereo","grandtour","grand_tour__group4","2024-11-14-11-17-02","run1","99.92764024937482","99.92764024937482","99.92764024937482","99.92764024937482","valid","sr"
"open_vins_stereo","grandtour","grand_tour__group4","2024-11-14-11-17-02","run2","99.92448359241627","99.92448359241627","99.92448359241627","99.92448359241627","valid","sr"
"open_vins_stereo","grandtour","grand_tour__group4","2024-11-14-11-17-02","run3","99.92669135286047","99.92669135286047","99.92669135286047","99.92669135286047","valid","sr"
"open_vins_stereo","grandtour","grand_tour__group4","2024-11-14-12-01-26","run1","99.50783178587042","99.50783178587042","99.50783178587042","99.50783178587042","valid","sr"
"open_vins_stereo","grandtour","grand_tour__group4","2024-11-14-12-01-26","run2","99.39114064965764","99.39114064965764","99.39114064965764","99.39114064965764","valid","sr"
"open_vins_stereo","grandtour","grand_tour__group4","2024-11-14-12-01-26","run3","99.50783178587042","99.50783178587042","99.50783178587042","99.50783178587042","valid","sr"
"open_vins_stereo","grandtour","grand_tour__group4","2024-11-14-14-36-02","run1","99.89410013615189","99.89410013615189","99.89410013615189","99.89410013615189","valid","sr"
"open_vins_stereo","grandtour","grand_tour__group4","2024-11-14-14-36-02","run2","99.88732416128694","99.88732416128694","99.88732416128694","99.88732416128694","valid","sr"
"open_vins_stereo","grandtour","grand_tour__group4","2024-11-14-14-36-02","run3","99.89208745771366","99.89208745771366","99.89208745771366","99.89208745771366","valid","sr"
"open_vins_stereo","grandtour","grand_tour__group4","2024-11-14-15-22-43","run1","99.53835866072438","99.53835866072438","99.53835866072438","99.53835866072438","valid","sr"
"open_vins_stereo","grandtour","grand_tour__group4","2024-11-14-15-22-43","run2","99.5414805575837","99.5414805575837","99.5414805575837","99.5414805575837","valid","sr"
"open_vins_stereo","grandtour","grand_tour__group4","2024-11-14-15-22-43","run3","99.54367499630051","99.54367499630051","99.54367499630051","99.54367499630051","valid","sr"
"open_vins_stereo","grandtour","grand_tour__group4","2024-11-14-16-04-09","run1","99.91020594362902","99.91020594362902","99.91020594362902","99.91020594362902","valid","sr"
"open_vins_stereo","grandtour","grand_tour__group4","2024-11-14-16-04-09","run2","99.9081076995056","99.9081076995056","99.9081076995056","99.9081076995056","valid","sr"
"open_vins_stereo","grandtour","grand_tour__group4","2024-11-14-16-04-09","run3","99.91085058307745","99.91085058307745","99.91085058307745","99.91085058307745","valid","sr"
"orb_slam3_mono","grandtour","grand_tour__group4","2024-11-14-11-17-02","run1","98.90166264175384","98.90166264175384","98.90166264175384","98.90166264175384","valid","sr"
"orb_slam3_mono","grandtour","grand_tour__group4","2024-11-14-11-17-02","run2","98.91537878647098","98.91537878647098","98.91537878647098","98.91537878647098","valid","sr"
"orb_slam3_mono","grandtour","grand_tour__group4","2024-11-14-11-17-02","run3","88.96107867557316","88.96107867557316","88.96107867557316","88.96107867557316","valid","sr"
"orb_slam3_mono","grandtour","grand_tour__group4","2024-11-14-12-01-26","run1","63.00014724482729","63.00014724482729","63.00014724482729","63.00014724482729","valid","sr"
"orb_slam3_mono","grandtour","grand_tour__group4","2024-11-14-12-01-26","run2","15.822881249001247","15.822881249001247","15.822881249001247","15.822881249001247","valid","sr"
"orb_slam3_mono","grandtour","grand_tour__group4","2024-11-14-12-01-26","run3","28.516888140805413","28.516888140805413","28.516888140805413","28.516888140805413","valid","sr"
"orb_slam3_mono","grandtour","grand_tour__group4","2024-11-14-14-36-02","run1","45.7751078931118","45.7751078931118","45.7751078931118","45.7751078931118","valid","sr"
"orb_slam3_mono","grandtour","grand_tour__group4","2024-11-14-14-36-02","run2","69.82931582441162","69.82931582441162","69.82931582441162","69.82931582441162","valid","sr"
"orb_slam3_mono","grandtour","grand_tour__group4","2024-11-14-14-36-02","run3","31.302559286038274","31.302559286038274","31.302559286038274","31.302559286038274","valid","sr"
"orb_slam3_mono","grandtour","grand_tour__group4","2024-11-14-15-22-43","run1","73.28574111733425","73.28574111733425","73.28574111733425","73.28574111733425","valid","sr"
"orb_slam3_mono","grandtour","grand_tour__group4","2024-11-14-15-22-43","run2","70.35877316026948","70.35877316026948","70.35877316026948","70.35877316026948","valid","sr"
"orb_slam3_mono","grandtour","grand_tour__group4","2024-11-14-15-22-43","run3","74.25800855661143","74.25800855661143","74.25800855661143","74.25800855661143","valid","sr"
"orb_slam3_mono","grandtour","grand_tour__group4","2024-11-14-16-04-09","run1","99.34941326523987","99.34941326523987","99.34941326523987","99.34941326523987","valid","sr"
"orb_slam3_mono","grandtour","grand_tour__group4","2024-11-14-16-04-09","run2","99.23643875061256","99.23643875061256","99.23643875061256","99.23643875061256","valid","sr"
"orb_slam3_mono","grandtour","grand_tour__group4","2024-11-14-16-04-09","run3","96.99718734790315","96.99718734790315","96.99718734790315","96.99718734790315","valid","sr"
"orb_slam3_stereo","grandtour","grand_tour__group4","2024-11-14-11-17-02","run1","80.01008682628992","80.01008682628992","80.01008682628992","80.01008682628992","valid","sr"
"orb_slam3_stereo","grandtour","grand_tour__group4","2024-11-14-11-17-02","run2","80.12309375130252","80.12309375130252","80.12309375130252","80.12309375130252","valid","sr"
"orb_slam3_stereo","grandtour","grand_tour__group4","2024-11-14-11-17-02","run3","29.46442656806087","29.46442656806087","29.46442656806087","29.46442656806087","valid","sr"
"orb_slam3_stereo","grandtour","grand_tour__group4","2024-11-14-12-01-26","run1","79.08058225557114","79.08058225557114","79.08058225557114","79.08058225557114","valid","sr"
"orb_slam3_stereo","grandtour","grand_tour__group4","2024-11-14-12-01-26","run2","29.377802338508964","29.377802338508964","29.377802338508964","29.377802338508964","valid","sr"
"orb_slam3_stereo","grandtour","grand_tour__group4","2024-11-14-12-01-26","run3","57.34367338237926","57.34367338237926","57.34367338237926","57.34367338237926","valid","sr"
"orb_slam3_stereo","grandtour","grand_tour__group4","2024-11-14-14-36-02","run1","9.327528491031403","9.327528491031403","9.327528491031403","9.327528491031403","valid","sr"
"orb_slam3_stereo","grandtour","grand_tour__group4","2024-11-14-14-36-02","run2","7.406267638579172","7.406267638579172","7.406267638579172","7.406267638579172","valid","sr"
"orb_slam3_stereo","grandtour","grand_tour__group4","2024-11-14-14-36-02","run3","3.841154937433354","3.841154937433354","3.841154937433354","3.841154937433354","valid","sr"
"orb_slam3_stereo","grandtour","grand_tour__group4","2024-11-14-15-22-43","run1","15.644394156631053","15.644394156631053","15.644394156631053","15.644394156631053","valid","sr"
"orb_slam3_stereo","grandtour","grand_tour__group4","2024-11-14-15-22-43","run2","26.622593819426804","26.622593819426804","26.622593819426804","26.622593819426804","valid","sr"
"orb_slam3_stereo","grandtour","grand_tour__group4","2024-11-14-15-22-43","run3","7.007079471505021","7.007079471505021","7.007079471505021","7.007079471505021","valid","sr"
"orb_slam3_stereo","grandtour","grand_tour__group4","2024-11-14-16-04-09","run1","36.928285402876114","36.928285402876114","36.928285402876114","36.928285402876114","valid","sr"
"orb_slam3_stereo","grandtour","grand_tour__group4","2024-11-14-16-04-09","run2","35.432909891290194","35.432909891290194","35.432909891290194","35.432909891290194","valid","sr"
"orb_slam3_stereo","grandtour","grand_tour__group4","2024-11-14-16-04-09","run3","36.280835106451576","36.280835106451576","36.280835106451576","36.280835106451576","valid","sr"
"rovio","grandtour","grand_tour__group4","2024-11-14-11-17-02","run1","99.77961282981167","99.77961282981167","99.77961282981167","99.77961282981167","valid","sr"
"rovio","grandtour","grand_tour__group4","2024-11-14-11-17-02","run2","99.77961282981167","99.77961282981167","99.77961282981167","99.77961282981167","valid","sr"
"rovio","grandtour","grand_tour__group4","2024-11-14-11-17-02","run3","99.77961282981167","99.77961282981167","99.77961282981167","99.77961282981167","valid","sr"
"rovio","grandtour","grand_tour__group4","2024-11-14-12-01-26","run1","99.2874409540409","99.2874409540409","99.2874409540409","99.2874409540409","valid","sr"
"rovio","grandtour","grand_tour__group4","2024-11-14-12-01-26","run2","99.2874409540409","99.2874409540409","99.2874409540409","99.2874409540409","valid","sr"
"rovio","grandtour","grand_tour__group4","2024-11-14-12-01-26","run3","99.2874409540409","99.2874409540409","99.2874409540409","99.2874409540409","valid","sr"
"rovio","grandtour","grand_tour__group4","2024-11-14-14-36-02","run1","99.28654202756816","99.28654202756816","99.28654202756816","99.28654202756816","valid","sr"
"rovio","grandtour","grand_tour__group4","2024-11-14-14-36-02","run2","99.28654202756816","99.28654202756816","99.28654202756816","99.28654202756816","valid","sr"
"rovio","grandtour","grand_tour__group4","2024-11-14-14-36-02","run3","99.28654202756816","99.28654202756816","99.28654202756816","99.28654202756816","valid","sr"
"rovio","grandtour","grand_tour__group4","2024-11-14-15-22-43","run1","99.4399238681009","99.4399238681009","99.4399238681009","99.4399238681009","valid","sr"
"rovio","grandtour","grand_tour__group4","2024-11-14-15-22-43","run2","99.4399238681009","99.4399238681009","99.4399238681009","99.4399238681009","valid","sr"
"rovio","grandtour","grand_tour__group4","2024-11-14-15-22-43","run3","99.4399238681009","99.4399238681009","99.4399238681009","99.4399238681009","valid","sr"
"rovio","grandtour","grand_tour__group4","2024-11-14-16-04-09","run1","99.55203346033464","99.55203346033464","99.55203346033464","99.55203346033464","valid","sr"
"rovio","grandtour","grand_tour__group4","2024-11-14-16-04-09","run2","99.55203346033464","99.55203346033464","99.55203346033464","99.55203346033464","valid","sr"
"rovio","grandtour","grand_tour__group4","2024-11-14-16-04-09","run3","99.55203346033464","99.55203346033464","99.55203346033464","99.55203346033464","valid","sr"
"sqrtvins_mono","grandtour","grand_tour__group4","2024-11-14-11-17-02","run1","99.97599593594465","99.97599593594465","99.97599593594465","99.97599593594465","valid","sr"
"sqrtvins_mono","grandtour","grand_tour__group4","2024-11-14-11-17-02","run2","99.97599593594465","99.97599593594465","99.97599593594465","99.97599593594465","valid","sr"
"sqrtvins_mono","grandtour","grand_tour__group4","2024-11-14-11-17-02","run3","99.97599593594465","99.97599593594465","99.97599593594465","99.97599593594465","valid","sr"
"sqrtvins_mono","grandtour","grand_tour__group4","2024-11-14-12-01-26","run1","99.90933535443496","99.90933535443496","99.90933535443496","99.90933535443496","valid","sr"
"sqrtvins_mono","grandtour","grand_tour__group4","2024-11-14-12-01-26","run2","99.90933535443496","99.90933535443496","99.90933535443496","99.90933535443496","valid","sr"
"sqrtvins_mono","grandtour","grand_tour__group4","2024-11-14-12-01-26","run3","99.90933535443496","99.90933535443496","99.90933535443496","99.90933535443496","valid","sr"
"sqrtvins_mono","grandtour","grand_tour__group4","2024-11-14-14-36-02","run1","99.94964187025752","99.94964187025752","99.94964187025752","99.94964187025752","valid","sr"
"sqrtvins_mono","grandtour","grand_tour__group4","2024-11-14-14-36-02","run2","99.94964187025752","99.94964187025752","99.94964187025752","99.94964187025752","valid","sr"
"sqrtvins_mono","grandtour","grand_tour__group4","2024-11-14-14-36-02","run3","99.94964187025752","99.94964187025752","99.94964187025752","99.94964187025752","valid","sr"
"sqrtvins_mono","grandtour","grand_tour__group4","2024-11-14-15-22-43","run1","99.52308683251896","99.52308683251896","99.52308683251896","99.52308683251896","valid","sr"
"sqrtvins_mono","grandtour","grand_tour__group4","2024-11-14-15-22-43","run2","99.52308683251896","99.52308683251896","99.52308683251896","99.52308683251896","valid","sr"
"sqrtvins_mono","grandtour","grand_tour__group4","2024-11-14-15-22-43","run3","99.52308683251896","99.52308683251896","99.52308683251896","99.52308683251896","valid","sr"
"sqrtvins_mono","grandtour","grand_tour__group4","2024-11-14-16-04-09","run1","99.96783058351495","99.96783058351495","99.96783058351495","99.96783058351495","valid","sr"
"sqrtvins_mono","grandtour","grand_tour__group4","2024-11-14-16-04-09","run2","99.96783058351495","99.96783058351495","99.96783058351495","99.96783058351495","valid","sr"
"sqrtvins_mono","grandtour","grand_tour__group4","2024-11-14-16-04-09","run3","99.96783058351495","99.96783058351495","99.96783058351495","99.96783058351495","valid","sr"
"sqrtvins_stereo","grandtour","grand_tour__group4","2024-11-14-11-17-02","run1","99.97599593594465","99.97599593594465","99.97599593594465","99.97599593594465","valid","sr"
"sqrtvins_stereo","grandtour","grand_tour__group4","2024-11-14-11-17-02","run2","99.97599593594465","99.97599593594465","99.97599593594465","99.97599593594465","valid","sr"
"sqrtvins_stereo","grandtour","grand_tour__group4","2024-11-14-11-17-02","run3","99.97599593594465","99.97599593594465","99.97599593594465","99.97599593594465","valid","sr"
"sqrtvins_stereo","grandtour","grand_tour__group4","2024-11-14-12-01-26","run1","99.77661574535021","99.77661574535021","99.77661574535021","99.77661574535021","valid","sr"
"sqrtvins_stereo","grandtour","grand_tour__group4","2024-11-14-12-01-26","run2","99.77661574535021","99.77661574535021","99.77661574535021","99.77661574535021","valid","sr"
"sqrtvins_stereo","grandtour","grand_tour__group4","2024-11-14-12-01-26","run3","99.77661574535021","99.77661574535021","99.77661574535021","99.77661574535021","valid","sr"
"sqrtvins_stereo","grandtour","grand_tour__group4","2024-11-14-14-36-02","run1","99.94964187025752","99.94964187025752","99.94964187025752","99.94964187025752","valid","sr"
"sqrtvins_stereo","grandtour","grand_tour__group4","2024-11-14-14-36-02","run2","99.94964187025752","99.94964187025752","99.94964187025752","99.94964187025752","valid","sr"
"sqrtvins_stereo","grandtour","grand_tour__group4","2024-11-14-14-36-02","run3","99.94964187025752","99.94964187025752","99.94964187025752","99.94964187025752","valid","sr"
"sqrtvins_stereo","grandtour","grand_tour__group4","2024-11-14-15-22-43","run1","99.54808050896308","99.54808050896308","99.54808050896308","99.54808050896308","valid","sr"
"sqrtvins_stereo","grandtour","grand_tour__group4","2024-11-14-15-22-43","run2","99.54808050896308","99.54808050896308","99.54808050896308","99.54808050896308","valid","sr"
"sqrtvins_stereo","grandtour","grand_tour__group4","2024-11-14-15-22-43","run3","99.54808050896308","99.54808050896308","99.54808050896308","99.54808050896308","valid","sr"
"sqrtvins_stereo","grandtour","grand_tour__group4","2024-11-14-16-04-09","run1","99.89455133588616","99.89455133588616","99.89455133588616","99.89455133588616","valid","sr"
"sqrtvins_stereo","grandtour","grand_tour__group4","2024-11-14-16-04-09","run2","99.89455133588616","99.89455133588616","99.89455133588616","99.89455133588616","valid","sr"
"sqrtvins_stereo","grandtour","grand_tour__group4","2024-11-14-16-04-09","run3","99.89455133588616","99.89455133588616","99.89455133588616","99.89455133588616","valid","sr"
"svo_mono","grandtour","grand_tour__group4","2024-11-14-11-17-02","run1","99.20238427052219","99.20238427052219","99.20238427052219","99.20238427052219","valid","sr"
"svo_mono","grandtour","grand_tour__group4","2024-11-14-11-17-02","run2","97.90808039309273","97.90808039309273","97.90808039309273","97.90808039309273","valid","sr"
"svo_mono","grandtour","grand_tour__group4","2024-11-14-11-17-02","run3","99.42863381452138","99.42863381452138","99.42863381452138","99.42863381452138","valid","sr"
"svo_mono","grandtour","grand_tour__group4","2024-11-14-12-01-26","run1","98.35349968223457","98.35349968223457","98.35349968223457","98.35349968223457","valid","sr"
"svo_mono","grandtour","grand_tour__group4","2024-11-14-12-01-26","run2","97.92633578481257","97.92633578481257","97.92633578481257","97.92633578481257","valid","sr"
"svo_mono","grandtour","grand_tour__group4","2024-11-14-12-01-26","run3","2.0436783929217337","2.0436783929217337","2.0436783929217337","2.0436783929217337","valid","sr"
"svo_mono","grandtour","grand_tour__group4","2024-11-14-14-36-02","run1","99.45728614799327","99.45728614799327","99.45728614799327","99.45728614799327","valid","sr"
"svo_mono","grandtour","grand_tour__group4","2024-11-14-14-36-02","run2","99.44818774295791","99.44818774295791","99.44818774295791","99.44818774295791","valid","sr"
"svo_mono","grandtour","grand_tour__group4","2024-11-14-14-36-02","run3","99.1802591371701","99.1802591371701","99.1802591371701","99.1802591371701","valid","sr"
"svo_mono","grandtour","grand_tour__group4","2024-11-14-15-22-43","run1","98.77447521072123","98.77447521072123","98.77447521072123","98.77447521072123","valid","sr"
"svo_mono","grandtour","grand_tour__group4","2024-11-14-15-22-43","run2","98.76636674318912","98.76636674318912","98.76636674318912","98.76636674318912","valid","sr"
"svo_mono","grandtour","grand_tour__group4","2024-11-14-15-22-43","run3","92.86817728643703","92.86817728643703","92.86817728643703","92.86817728643703","valid","sr"
"svo_mono","grandtour","grand_tour__group4","2024-11-14-16-04-09","run1","99.39417494309278","99.39417494309278","99.39417494309278","99.39417494309278","valid","sr"
"svo_mono","grandtour","grand_tour__group4","2024-11-14-16-04-09","run2","99.69049425279586","99.69049425279586","99.69049425279586","99.69049425279586","valid","sr"
"svo_mono","grandtour","grand_tour__group4","2024-11-14-16-04-09","run3","96.99355865071321","96.99355865071321","96.99355865071321","96.99355865071321","valid","sr"
"svo_stereo","grandtour","grand_tour__group4","2024-11-14-11-17-02","run1","99.3316296437065","99.3316296437065","99.3316296437065","99.3316296437065","valid","sr"
"svo_stereo","grandtour","grand_tour__group4","2024-11-14-11-17-02","run2","99.45172237022244","99.45172237022244","99.45172237022244","99.45172237022244","valid","sr"
"svo_stereo","grandtour","grand_tour__group4","2024-11-14-11-17-02","run3","98.60201091640751","98.60201091640751","98.60201091640751","98.60201091640751","valid","sr"
"svo_stereo","grandtour","grand_tour__group4","2024-11-14-12-01-26","run1","99.88059487845968","99.88059487845968","99.88059487845968","99.88059487845968","valid","sr"
"svo_stereo","grandtour","grand_tour__group4","2024-11-14-12-01-26","run2","99.9970989574736","99.9970989574736","99.9970989574736","99.9970989574736","valid","sr"
"svo_stereo","grandtour","grand_tour__group4","2024-11-14-12-01-26","run3","98.9207967837355","98.9207967837355","98.9207967837355","98.9207967837355","valid","sr"
"svo_stereo","grandtour","grand_tour__group4","2024-11-14-14-36-02","run1","98.20471020019023","98.20471020019023","98.20471020019023","98.20471020019023","valid","sr"
"svo_stereo","grandtour","grand_tour__group4","2024-11-14-14-36-02","run2","96.96667035975403","96.96667035975403","96.96667035975403","96.96667035975403","valid","sr"
"svo_stereo","grandtour","grand_tour__group4","2024-11-14-14-36-02","run3","96.22624957945162","96.22624957945162","96.22624957945162","96.22624957945162","valid","sr"
"svo_stereo","grandtour","grand_tour__group4","2024-11-14-15-22-43","run1","99.40292393710916","99.40292393710916","99.40292393710916","99.40292393710916","valid","sr"
"svo_stereo","grandtour","grand_tour__group4","2024-11-14-15-22-43","run2","99.08540875675381","99.08540875675381","99.08540875675381","99.08540875675381","valid","sr"
"svo_stereo","grandtour","grand_tour__group4","2024-11-14-15-22-43","run3","97.26954203233373","97.26954203233373","97.26954203233373","97.26954203233373","valid","sr"
"svo_stereo","grandtour","grand_tour__group4","2024-11-14-16-04-09","run1","97.93152000148183","97.93152000148183","97.93152000148183","97.93152000148183","valid","sr"
"svo_stereo","grandtour","grand_tour__group4","2024-11-14-16-04-09","run2","95.4033377761322","95.4033377761322","95.4033377761322","95.4033377761322","valid","sr"
"svo_stereo","grandtour","grand_tour__group4","2024-11-14-16-04-09","run3","93.58479439626521","93.58479439626521","93.58479439626521","93.58479439626521","valid","sr"
"vins-fusion_monoimu","grandtour","grand_tour__group4","2024-11-14-11-17-02","run1","98.32701803106218","98.32701803106218","98.32701803106218","98.32701803106218","valid","sr"
"vins-fusion_monoimu","grandtour","grand_tour__group4","2024-11-14-11-17-02","run2","98.37746235546655","98.37746235546655","98.37746235546655","98.37746235546655","valid","sr"
"vins-fusion_monoimu","grandtour","grand_tour__group4","2024-11-14-11-17-02","run3","98.32701803106218","98.32701803106218","98.32701803106218","98.32701803106218","valid","sr"
"vins-fusion_monoimu","grandtour","grand_tour__group4","2024-11-14-12-01-26","run1","97.51368349026936","97.51368349026936","97.51368349026936","97.51368349026936","valid","sr"
"vins-fusion_monoimu","grandtour","grand_tour__group4","2024-11-14-12-01-26","run2","97.12615648006482","97.12615648006482","97.12615648006482","97.12615648006482","valid","sr"
"vins-fusion_monoimu","grandtour","grand_tour__group4","2024-11-14-12-01-26","run3","97.12615648006482","97.12615648006482","97.12615648006482","97.12615648006482","valid","sr"
"vins-fusion_monoimu","grandtour","grand_tour__group4","2024-11-14-14-36-02","run1","96.6120566230594","96.6120566230594","96.6120566230594","96.6120566230594","valid","sr"
"vins-fusion_monoimu","grandtour","grand_tour__group4","2024-11-14-14-36-02","run2","96.65148870003927","96.65148870003927","96.65148870003927","96.65148870003927","valid","sr"
"vins-fusion_monoimu","grandtour","grand_tour__group4","2024-11-14-14-36-02","run3","96.6120566230594","96.6120566230594","96.6120566230594","96.6120566230594","valid","sr"
"vins-fusion_monoimu","grandtour","grand_tour__group4","2024-11-14-15-22-43","run1","97.79540473757407","97.79540473757407","97.79540473757407","97.79540473757407","valid","sr"
"vins-fusion_monoimu","grandtour","grand_tour__group4","2024-11-14-15-22-43","run2","97.84082132902566","97.84082132902566","97.84082132902566","97.84082132902566","valid","sr"
"vins-fusion_monoimu","grandtour","grand_tour__group4","2024-11-14-15-22-43","run3","97.84082132902566","97.84082132902566","97.84082132902566","97.84082132902566","valid","sr"
"vins-fusion_monoimu","grandtour","grand_tour__group4","2024-11-14-16-04-09","run1","98.92446411614168","98.92446411614168","98.92446411614168","98.92446411614168","valid","sr"
"vins-fusion_monoimu","grandtour","grand_tour__group4","2024-11-14-16-04-09","run2","98.92446411614168","98.92446411614168","98.92446411614168","98.92446411614168","valid","sr"
"vins-fusion_monoimu","grandtour","grand_tour__group4","2024-11-14-16-04-09","run3","98.92446411614168","98.92446411614168","98.92446411614168","98.92446411614168","valid","sr"
"vins-fusion_stereoimu","grandtour","grand_tour__group4","2024-11-14-11-17-02","run1","98.33501023618304","98.33501023618304","98.33501023618304","98.33501023618304","valid","sr"
"vins-fusion_stereoimu","grandtour","grand_tour__group4","2024-11-14-11-17-02","run2","98.33501023618304","98.33501023618304","98.33501023618304","98.33501023618304","valid","sr"
"vins-fusion_stereoimu","grandtour","grand_tour__group4","2024-11-14-11-17-02","run3","98.40946562797451","98.40946562797451","98.40946562797451","98.40946562797451","valid","sr"
"vins-fusion_stereoimu","grandtour","grand_tour__group4","2024-11-14-12-01-26","run1","97.62720459609692","97.62720459609692","97.62720459609692","97.62720459609692","valid","sr"
"vins-fusion_stereoimu","grandtour","grand_tour__group4","2024-11-14-12-01-26","run2","97.62720459609692","97.62720459609692","97.62720459609692","97.62720459609692","valid","sr"
"vins-fusion_stereoimu","grandtour","grand_tour__group4","2024-11-14-12-01-26","run3","97.62720459609692","97.62720459609692","97.62720459609692","97.62720459609692","valid","sr"
"vins-fusion_stereoimu","grandtour","grand_tour__group4","2024-11-14-14-36-02","run1","96.64114336096624","96.64114336096624","96.64114336096624","96.64114336096624","valid","sr"
"vins-fusion_stereoimu","grandtour","grand_tour__group4","2024-11-14-14-36-02","run2","96.64114336096624","96.64114336096624","96.64114336096624","96.64114336096624","valid","sr"
"vins-fusion_stereoimu","grandtour","grand_tour__group4","2024-11-14-14-36-02","run3","96.64114336096624","96.64114336096624","96.64114336096624","96.64114336096624","valid","sr"
"vins-fusion_stereoimu","grandtour","grand_tour__group4","2024-11-14-15-22-43","run1","97.8618543968121","97.8618543968121","97.8618543968121","97.8618543968121","valid","sr"
"vins-fusion_stereoimu","grandtour","grand_tour__group4","2024-11-14-15-22-43","run2","97.90488491170952","97.90488491170952","97.90488491170952","97.90488491170952","valid","sr"
"vins-fusion_stereoimu","grandtour","grand_tour__group4","2024-11-14-15-22-43","run3","97.90488491170952","97.90488491170952","97.90488491170952","97.90488491170952","valid","sr"
"vins-fusion_stereoimu","grandtour","grand_tour__group4","2024-11-14-16-04-09","run1","99.12468185881428","99.12468185881428","99.12468185881428","99.12468185881428","valid","sr"
"vins-fusion_stereoimu","grandtour","grand_tour__group4","2024-11-14-16-04-09","run2","99.12468185881428","99.12468185881428","99.12468185881428","99.12468185881428","valid","sr"
"vins-fusion_stereoimu","grandtour","grand_tour__group4","2024-11-14-16-04-09","run3","99.11971908158326","99.11971908158326","99.11971908158326","99.11971908158326","valid","sr"
"airslam","grandtour","grand_tour__group5","2024-11-15-10-16-35","run1","96.90666221574888","96.90666221574888","96.90666221574888","96.90666221574888","valid","sr"
"airslam","grandtour","grand_tour__group5","2024-11-15-10-16-35","run2","96.90666221574888","96.90666221574888","96.90666221574888","96.90666221574888","valid","sr"
"airslam","grandtour","grand_tour__group5","2024-11-15-10-16-35","run3","96.90666221574888","96.90666221574888","96.90666221574888","96.90666221574888","valid","sr"
"airslam","grandtour","grand_tour__group5","2024-11-15-11-18-14","run1","89.66391009763967","89.66391009763967","89.66391009763967","89.66391009763967","valid","sr"
"airslam","grandtour","grand_tour__group5","2024-11-15-11-18-14","run2","89.66391009763967","89.66391009763967","89.66391009763967","89.66391009763967","valid","sr"
"airslam","grandtour","grand_tour__group5","2024-11-15-11-18-14","run3","89.66391009763967","89.66391009763967","89.66391009763967","89.66391009763967","valid","sr"
"airslam","grandtour","grand_tour__group5","2024-11-15-11-37-15","run1","90.55135869750927","90.55135869750927","90.55135869750927","90.55135869750927","valid","sr"
"airslam","grandtour","grand_tour__group5","2024-11-15-11-37-15","run2","90.55135869750927","90.55135869750927","90.55135869750927","90.55135869750927","valid","sr"
"airslam","grandtour","grand_tour__group5","2024-11-15-11-37-15","run3","90.55135869750927","90.55135869750927","90.55135869750927","90.55135869750927","valid","sr"
"airslam","grandtour","grand_tour__group5","2024-11-15-12-06-03","run1","91.39408144314541","91.39408144314541","91.39408144314541","91.39408144314541","valid","sr"
"airslam","grandtour","grand_tour__group5","2024-11-15-12-06-03","run2","91.39408144314541","91.39408144314541","91.39408144314541","91.39408144314541","valid","sr"
"airslam","grandtour","grand_tour__group5","2024-11-15-12-06-03","run3","91.39408144314541","91.39408144314541","91.39408144314541","91.39408144314541","valid","sr"
"airslam","grandtour","grand_tour__group5","2024-11-15-14-14-12","run1","78.8829081081385","78.8829081081385","78.8829081081385","78.8829081081385","valid","sr"
"airslam","grandtour","grand_tour__group5","2024-11-15-14-14-12","run2","78.8829081081385","78.8829081081385","78.8829081081385","78.8829081081385","valid","sr"
"airslam","grandtour","grand_tour__group5","2024-11-15-14-14-12","run3","78.8829081081385","78.8829081081385","78.8829081081385","78.8829081081385","valid","sr"
"basalt_stereo","grandtour","grand_tour__group5","2024-11-15-10-16-35","run1","98.95183994636389","98.95183994636389","98.95183994636389","98.95183994636389","valid","sr"
"basalt_stereo","grandtour","grand_tour__group5","2024-11-15-10-16-35","run2","98.95183994636389","98.95183994636389","98.95183994636389","98.95183994636389","valid","sr"
"basalt_stereo","grandtour","grand_tour__group5","2024-11-15-10-16-35","run3","98.95183994636389","98.95183994636389","98.95183994636389","98.95183994636389","valid","sr"
"basalt_stereo","grandtour","grand_tour__group5","2024-11-15-11-18-14","run1","99.01749732714035","99.01749732714035","99.01749732714035","99.01749732714035","valid","sr"
"basalt_stereo","grandtour","grand_tour__group5","2024-11-15-11-18-14","run2","99.01749732714035","99.01749732714035","99.01749732714035","99.01749732714035","valid","sr"
"basalt_stereo","grandtour","grand_tour__group5","2024-11-15-11-18-14","run3","99.01749732714035","99.01749732714035","99.01749732714035","99.01749732714035","valid","sr"
"basalt_stereo","grandtour","grand_tour__group5","2024-11-15-11-37-15","run1","98.53946593189593","98.53946593189593","98.53946593189593","98.53946593189593","valid","sr"
"basalt_stereo","grandtour","grand_tour__group5","2024-11-15-11-37-15","run2","98.53946593189593","98.53946593189593","98.53946593189593","98.53946593189593","valid","sr"
"basalt_stereo","grandtour","grand_tour__group5","2024-11-15-11-37-15","run3","98.53946593189593","98.53946593189593","98.53946593189593","98.53946593189593","valid","sr"
"basalt_stereo","grandtour","grand_tour__group5","2024-11-15-12-06-03","run1","99.86082755303659","99.86082755303659","99.86082755303659","99.86082755303659","valid","sr"
"basalt_stereo","grandtour","grand_tour__group5","2024-11-15-12-06-03","run2","99.86082755303659","99.86082755303659","99.86082755303659","99.86082755303659","valid","sr"
"basalt_stereo","grandtour","grand_tour__group5","2024-11-15-12-06-03","run3","99.86082755303659","99.86082755303659","99.86082755303659","99.86082755303659","valid","sr"
"basalt_stereo","grandtour","grand_tour__group5","2024-11-15-14-14-12","run1","94.94663863349912","94.94663863349912","94.94663863349912","94.94663863349912","valid","sr"
"basalt_stereo","grandtour","grand_tour__group5","2024-11-15-14-14-12","run2","94.94663863349912","94.94663863349912","94.94663863349912","94.94663863349912","valid","sr"
"basalt_stereo","grandtour","grand_tour__group5","2024-11-15-14-14-12","run3","94.94663863349912","94.94663863349912","94.94663863349912","94.94663863349912","valid","sr"
"dm_vio","grandtour","grand_tour__group5","2024-11-15-10-16-35","run1","59.213896959900005","59.213896959900005","59.213896959900005","59.213896959900005","valid","sr"
"dm_vio","grandtour","grand_tour__group5","2024-11-15-10-16-35","run2","64.20471881187953","64.20471881187953","64.20471881187953","64.20471881187953","valid","sr"
"dm_vio","grandtour","grand_tour__group5","2024-11-15-10-16-35","run3","24.531673278442984","24.531673278442984","24.531673278442984","24.531673278442984","valid","sr"
"dm_vio","grandtour","grand_tour__group5","2024-11-15-11-18-14","run1","94.16024138361372","94.16024138361372","94.16024138361372","94.16024138361372","valid","sr"
"dm_vio","grandtour","grand_tour__group5","2024-11-15-11-18-14","run2","93.94344364988365","93.94344364988365","93.94344364988365","93.94344364988365","valid","sr"
"dm_vio","grandtour","grand_tour__group5","2024-11-15-11-18-14","run3","74.42862575741526","74.42862575741526","74.42862575741526","74.42862575741526","valid","sr"
"dm_vio","grandtour","grand_tour__group5","2024-11-15-11-37-15","run1","47.44613555113445","47.44613555113445","47.44613555113445","47.44613555113445","valid","sr"
"dm_vio","grandtour","grand_tour__group5","2024-11-15-11-37-15","run2","68.53772490296292","68.53772490296292","68.53772490296292","68.53772490296292","valid","sr"
"dm_vio","grandtour","grand_tour__group5","2024-11-15-11-37-15","run3","56.18495952295501","56.18495952295501","56.18495952295501","56.18495952295501","valid","sr"
"dm_vio","grandtour","grand_tour__group5","2024-11-15-12-06-03","run1","99.14028169453933","99.14028169453933","99.14028169453933","99.14028169453933","valid","sr"
"dm_vio","grandtour","grand_tour__group5","2024-11-15-12-06-03","run2","98.36797909204401","98.36797909204401","98.36797909204401","98.36797909204401","valid","sr"
"dm_vio","grandtour","grand_tour__group5","2024-11-15-12-06-03","run3","99.51776282666862","99.51776282666862","99.51776282666862","99.51776282666862","valid","sr"
"dm_vio","grandtour","grand_tour__group5","2024-11-15-14-14-12","run1","0.7156096603573167","0.7156096603573167","0.7156096603573167","0.7156096603573167","valid","sr"
"dm_vio","grandtour","grand_tour__group5","2024-11-15-14-14-12","run2","1.5332751366019475","1.5332751366019475","1.5332751366019475","1.5332751366019475","valid","sr"
"dm_vio","grandtour","grand_tour__group5","2024-11-15-14-14-12","run3","0.2245236537067321","0.2245236537067321","0.2245236537067321","0.2245236537067321","valid","sr"
"kimera_vio_mono","grandtour","grand_tour__group5","2024-11-15-10-16-35","run1","97.29059566333531","97.29059566333531","97.29059566333531","97.29059566333531","valid","sr"
"kimera_vio_mono","grandtour","grand_tour__group5","2024-11-15-10-16-35","run2","97.29059566333531","97.29059566333531","97.29059566333531","97.29059566333531","valid","sr"
"kimera_vio_mono","grandtour","grand_tour__group5","2024-11-15-10-16-35","run3","97.29059566333531","97.29059566333531","97.29059566333531","97.29059566333531","valid","sr"
"kimera_vio_mono","grandtour","grand_tour__group5","2024-11-15-11-18-14","run1","92.4337676141568","92.4337676141568","92.4337676141568","92.4337676141568","valid","sr"
"kimera_vio_mono","grandtour","grand_tour__group5","2024-11-15-11-18-14","run2","92.4337676141568","92.4337676141568","92.4337676141568","92.4337676141568","valid","sr"
"kimera_vio_mono","grandtour","grand_tour__group5","2024-11-15-11-18-14","run3","92.4337676141568","92.4337676141568","92.4337676141568","92.4337676141568","valid","sr"
"kimera_vio_mono","grandtour","grand_tour__group5","2024-11-15-11-37-15","run1","92.08608772846367","92.08608772846367","92.08608772846367","92.08608772846367","valid","sr"
"kimera_vio_mono","grandtour","grand_tour__group5","2024-11-15-11-37-15","run2","92.08608772846367","92.08608772846367","92.08608772846367","92.08608772846367","valid","sr"
"kimera_vio_mono","grandtour","grand_tour__group5","2024-11-15-11-37-15","run3","92.08608772846367","92.08608772846367","92.08608772846367","92.08608772846367","valid","sr"
"kimera_vio_mono","grandtour","grand_tour__group5","2024-11-15-12-06-03","run1","93.25740370271366","93.25740370271366","93.25740370271366","93.25740370271366","valid","sr"
"kimera_vio_mono","grandtour","grand_tour__group5","2024-11-15-12-06-03","run2","93.25740370271366","93.25740370271366","93.25740370271366","93.25740370271366","valid","sr"
"kimera_vio_mono","grandtour","grand_tour__group5","2024-11-15-12-06-03","run3","93.25740370271366","93.25740370271366","93.25740370271366","93.25740370271366","valid","sr"
"kimera_vio_mono","grandtour","grand_tour__group5","2024-11-15-14-14-12","run1","90.1193370584545","90.1193370584545","90.1193370584545","90.1193370584545","valid","sr"
"kimera_vio_mono","grandtour","grand_tour__group5","2024-11-15-14-14-12","run2","90.1193370584545","90.1193370584545","90.1193370584545","90.1193370584545","valid","sr"
"kimera_vio_mono","grandtour","grand_tour__group5","2024-11-15-14-14-12","run3","90.1193370584545","90.1193370584545","90.1193370584545","90.1193370584545","valid","sr"
"kimera_vio_stereo","grandtour","grand_tour__group5","2024-11-15-10-16-35","run1","33.69302353394267","33.69302353394267","33.69302353394267","33.69302353394267","valid","sr"
"kimera_vio_stereo","grandtour","grand_tour__group5","2024-11-15-10-16-35","run2","33.69302353394267","33.69302353394267","33.69302353394267","33.69302353394267","valid","sr"
"kimera_vio_stereo","grandtour","grand_tour__group5","2024-11-15-10-16-35","run3","33.69302353394267","33.69302353394267","33.69302353394267","33.69302353394267","valid","sr"
"kimera_vio_stereo","grandtour","grand_tour__group5","2024-11-15-11-18-14","run1","90.73983510470723","90.73983510470723","90.73983510470723","90.73983510470723","valid","sr"
"kimera_vio_stereo","grandtour","grand_tour__group5","2024-11-15-11-18-14","run2","90.73983510470723","90.73983510470723","90.73983510470723","90.73983510470723","valid","sr"
"kimera_vio_stereo","grandtour","grand_tour__group5","2024-11-15-11-18-14","run3","90.73983510470723","90.73983510470723","90.73983510470723","90.73983510470723","valid","sr"
"kimera_vio_stereo","grandtour","grand_tour__group5","2024-11-15-11-37-15","run1","20.296275007587724","20.296275007587724","20.296275007587724","20.296275007587724","valid","sr"
"kimera_vio_stereo","grandtour","grand_tour__group5","2024-11-15-11-37-15","run2","20.296275007587724","20.296275007587724","20.296275007587724","20.296275007587724","valid","sr"
"kimera_vio_stereo","grandtour","grand_tour__group5","2024-11-15-11-37-15","run3","20.296275007587724","20.296275007587724","20.296275007587724","20.296275007587724","valid","sr"
"kimera_vio_stereo","grandtour","grand_tour__group5","2024-11-15-12-06-03","run1","93.48079091092491","93.48079091092491","93.48079091092491","93.48079091092491","valid","sr"
"kimera_vio_stereo","grandtour","grand_tour__group5","2024-11-15-12-06-03","run2","93.48079091092491","93.48079091092491","93.48079091092491","93.48079091092491","valid","sr"
"kimera_vio_stereo","grandtour","grand_tour__group5","2024-11-15-12-06-03","run3","93.48079091092491","93.48079091092491","93.48079091092491","93.48079091092491","valid","sr"
"kimera_vio_stereo","grandtour","grand_tour__group5","2024-11-15-14-14-12","run1","72.13577430958004","72.13577430958004","72.13577430958004","72.13577430958004","valid","sr"
"kimera_vio_stereo","grandtour","grand_tour__group5","2024-11-15-14-14-12","run2","72.13577430958004","72.13577430958004","72.13577430958004","72.13577430958004","valid","sr"
"kimera_vio_stereo","grandtour","grand_tour__group5","2024-11-15-14-14-12","run3","72.13577430958004","72.13577430958004","72.13577430958004","72.13577430958004","valid","sr"
"okvis2x_mono","grandtour","grand_tour__group5","2024-11-15-10-16-35","run1","98.36731790791289","98.36731790791289","98.36731790791289","98.36731790791289","valid","sr"
"okvis2x_mono","grandtour","grand_tour__group5","2024-11-15-10-16-35","run2","98.64674255599284","98.64674255599284","98.64674255599284","98.64674255599284","valid","sr"
"okvis2x_mono","grandtour","grand_tour__group5","2024-11-15-10-16-35","run3","98.85002134118774","98.85002134118774","98.85002134118774","98.85002134118774","valid","sr"
"okvis2x_mono","grandtour","grand_tour__group5","2024-11-15-11-18-14","run1","97.09277064567614","97.09277064567614","97.09277064567614","97.09277064567614","valid","sr"
"okvis2x_mono","grandtour","grand_tour__group5","2024-11-15-11-18-14","run2","97.66310736317733","97.66310736317733","97.66310736317733","97.66310736317733","valid","sr"
"okvis2x_mono","grandtour","grand_tour__group5","2024-11-15-11-18-14","run3","97.45700261566066","97.45700261566066","97.45700261566066","97.45700261566066","valid","sr"
"okvis2x_mono","grandtour","grand_tour__group5","2024-11-15-11-37-15","run1","45.36659303764863","45.36659303764863","45.36659303764863","45.36659303764863","valid","sr"
"okvis2x_mono","grandtour","grand_tour__group5","2024-11-15-11-37-15","run2","83.29384335764394","83.29384335764394","83.29384335764394","83.29384335764394","valid","sr"
"okvis2x_mono","grandtour","grand_tour__group5","2024-11-15-11-37-15","run3","87.24248957666971","87.24248957666971","87.24248957666971","87.24248957666971","valid","sr"
"okvis2x_mono","grandtour","grand_tour__group5","2024-11-15-12-06-03","run1","96.08571452397989","96.08571452397989","96.08571452397989","96.08571452397989","valid","sr"
"okvis2x_mono","grandtour","grand_tour__group5","2024-11-15-12-06-03","run2","94.8596516903532","94.8596516903532","94.8596516903532","94.8596516903532","valid","sr"
"okvis2x_mono","grandtour","grand_tour__group5","2024-11-15-12-06-03","run3","94.4478467353614","94.4478467353614","94.4478467353614","94.4478467353614","valid","sr"
"okvis2x_mono","grandtour","grand_tour__group5","2024-11-15-14-14-12","run1","93.84155302369112","93.84155302369112","93.84155302369112","93.84155302369112","valid","sr"
"okvis2x_mono","grandtour","grand_tour__group5","2024-11-15-14-14-12","run2","94.31432093185205","94.31432093185205","94.31432093185205","94.31432093185205","valid","sr"
"okvis2x_mono","grandtour","grand_tour__group5","2024-11-15-14-14-12","run3","94.8588033521252","94.8588033521252","94.8588033521252","94.8588033521252","valid","sr"
"okvis2x_stereo","grandtour","grand_tour__group5","2024-11-15-10-16-35","run1","99.9942482119622","99.9942482119622","99.9942482119622","99.9942482119622","valid","sr"
"okvis2x_stereo","grandtour","grand_tour__group5","2024-11-15-10-16-35","run2","99.9942482119622","99.9942482119622","99.9942482119622","99.9942482119622","valid","sr"
"okvis2x_stereo","grandtour","grand_tour__group5","2024-11-15-10-16-35","run3","99.9942482119622","99.9942482119622","99.9942482119622","99.9942482119622","valid","sr"
"okvis2x_stereo","grandtour","grand_tour__group5","2024-11-15-11-18-14","run1","99.0165402904548","99.0165402904548","99.0165402904548","99.0165402904548","valid","sr"
"okvis2x_stereo","grandtour","grand_tour__group5","2024-11-15-11-18-14","run2","99.0165402904548","99.0165402904548","99.0165402904548","99.0165402904548","valid","sr"
"okvis2x_stereo","grandtour","grand_tour__group5","2024-11-15-11-18-14","run3","99.0165402904548","99.0165402904548","99.0165402904548","99.0165402904548","valid","sr"
"okvis2x_stereo","grandtour","grand_tour__group5","2024-11-15-11-37-15","run1","99.8203867325848","99.8203867325848","99.8203867325848","99.8203867325848","valid","sr"
"okvis2x_stereo","grandtour","grand_tour__group5","2024-11-15-11-37-15","run2","99.8203867325848","99.8203867325848","99.8203867325848","99.8203867325848","valid","sr"
"okvis2x_stereo","grandtour","grand_tour__group5","2024-11-15-11-37-15","run3","99.8203867325848","99.8203867325848","99.8203867325848","99.8203867325848","valid","sr"
"okvis2x_stereo","grandtour","grand_tour__group5","2024-11-15-12-06-03","run1","99.85250029412565","99.85250029412565","99.85250029412565","99.85250029412565","valid","sr"
"okvis2x_stereo","grandtour","grand_tour__group5","2024-11-15-12-06-03","run2","99.85250029412565","99.85250029412565","99.85250029412565","99.85250029412565","valid","sr"
"okvis2x_stereo","grandtour","grand_tour__group5","2024-11-15-12-06-03","run3","99.85250029412565","99.85250029412565","99.85250029412565","99.85250029412565","valid","sr"
"okvis2x_stereo","grandtour","grand_tour__group5","2024-11-15-14-14-12","run1","95.70073028212612","95.70073028212612","95.70073028212612","95.70073028212612","valid","sr"
"okvis2x_stereo","grandtour","grand_tour__group5","2024-11-15-14-14-12","run2","95.70073028212612","95.70073028212612","95.70073028212612","95.70073028212612","valid","sr"
"okvis2x_stereo","grandtour","grand_tour__group5","2024-11-15-14-14-12","run3","95.70073028212612","95.70073028212612","95.70073028212612","95.70073028212612","valid","sr"
"open_vins_mono","grandtour","grand_tour__group5","2024-11-15-10-16-35","run1","99.87081072237778","99.87081072237778","99.87081072237778","99.87081072237778","valid","sr"
"open_vins_mono","grandtour","grand_tour__group5","2024-11-15-10-16-35","run2","99.86749579650458","99.86749579650458","99.86749579650458","99.86749579650458","valid","sr"
"open_vins_mono","grandtour","grand_tour__group5","2024-11-15-10-16-35","run3","99.8688238203806","99.8688238203806","99.8688238203806","99.8688238203806","valid","sr"
"open_vins_mono","grandtour","grand_tour__group5","2024-11-15-11-18-14","run1","98.86107977186256","98.86107977186256","98.86107977186256","98.86107977186256","valid","sr"
"open_vins_mono","grandtour","grand_tour__group5","2024-11-15-11-18-14","run2","98.86107977186256","98.86107977186256","98.86107977186256","98.86107977186256","valid","sr"
"open_vins_mono","grandtour","grand_tour__group5","2024-11-15-11-18-14","run3","98.86107977186256","98.86107977186256","98.86107977186256","98.86107977186256","valid","sr"
"open_vins_mono","grandtour","grand_tour__group5","2024-11-15-11-37-15","run1","99.7770689303363","99.7770689303363","99.7770689303363","99.7770689303363","valid","sr"
"open_vins_mono","grandtour","grand_tour__group5","2024-11-15-11-37-15","run2","99.7770689303363","99.7770689303363","99.7770689303363","99.7770689303363","valid","sr"
"open_vins_mono","grandtour","grand_tour__group5","2024-11-15-11-37-15","run3","99.7770689303363","99.7770689303363","99.7770689303363","99.7770689303363","valid","sr"
"open_vins_mono","grandtour","grand_tour__group5","2024-11-15-12-06-03","run1","99.5871133007746","99.5871133007746","99.5871133007746","99.5871133007746","valid","sr"
"open_vins_mono","grandtour","grand_tour__group5","2024-11-15-12-06-03","run2","99.5871133007746","99.5871133007746","99.5871133007746","99.5871133007746","valid","sr"
"open_vins_mono","grandtour","grand_tour__group5","2024-11-15-12-06-03","run3","99.5871133007746","99.5871133007746","99.5871133007746","99.5871133007746","valid","sr"
"open_vins_mono","grandtour","grand_tour__group5","2024-11-15-14-14-12","run1","95.47524009936427","95.47524009936427","95.47524009936427","95.47524009936427","valid","sr"
"open_vins_mono","grandtour","grand_tour__group5","2024-11-15-14-14-12","run2","95.6298818281823","95.6298818281823","95.6298818281823","95.6298818281823","valid","sr"
"open_vins_mono","grandtour","grand_tour__group5","2024-11-15-14-14-12","run3","95.47524009936427","95.47524009936427","95.47524009936427","95.47524009936427","valid","sr"
"open_vins_stereo","grandtour","grand_tour__group5","2024-11-15-10-16-35","run1","99.85488727077228","99.85488727077228","99.85488727077228","99.85488727077228","valid","sr"
"open_vins_stereo","grandtour","grand_tour__group5","2024-11-15-10-16-35","run2","99.85202649532516","99.85202649532516","99.85202649532516","99.85202649532516","valid","sr"
"open_vins_stereo","grandtour","grand_tour__group5","2024-11-15-10-16-35","run3","99.86340879612912","99.86340879612912","99.86340879612912","99.86340879612912","valid","sr"
"open_vins_stereo","grandtour","grand_tour__group5","2024-11-15-11-18-14","run1","98.85997022702051","98.85997022702051","98.85997022702051","98.85997022702051","valid","sr"
"open_vins_stereo","grandtour","grand_tour__group5","2024-11-15-11-18-14","run2","98.86107977186256","98.86107977186256","98.86107977186256","98.86107977186256","valid","sr"
"open_vins_stereo","grandtour","grand_tour__group5","2024-11-15-11-18-14","run3","98.86107977186256","98.86107977186256","98.86107977186256","98.86107977186256","valid","sr"
"open_vins_stereo","grandtour","grand_tour__group5","2024-11-15-11-37-15","run1","99.73883926868497","99.73883926868497","99.73883926868497","99.73883926868497","valid","sr"
"open_vins_stereo","grandtour","grand_tour__group5","2024-11-15-11-37-15","run2","99.65122511775726","99.65122511775726","99.65122511775726","99.65122511775726","valid","sr"
"open_vins_stereo","grandtour","grand_tour__group5","2024-11-15-11-37-15","run3","99.65267722553867","99.65267722553867","99.65267722553867","99.65267722553867","valid","sr"
"open_vins_stereo","grandtour","grand_tour__group5","2024-11-15-12-06-03","run1","99.59888306146378","99.59888306146378","99.59888306146378","99.59888306146378","valid","sr"
"open_vins_stereo","grandtour","grand_tour__group5","2024-11-15-12-06-03","run2","99.59888306146378","99.59888306146378","99.59888306146378","99.59888306146378","valid","sr"
"open_vins_stereo","grandtour","grand_tour__group5","2024-11-15-12-06-03","run3","99.59888306146378","99.59888306146378","99.59888306146378","99.59888306146378","valid","sr"
"open_vins_stereo","grandtour","grand_tour__group5","2024-11-15-14-14-12","run1","95.62502837000132","95.62502837000132","95.62502837000132","95.62502837000132","valid","sr"
"open_vins_stereo","grandtour","grand_tour__group5","2024-11-15-14-14-12","run2","95.45836301058394","95.45836301058394","95.45836301058394","95.45836301058394","valid","sr"
"open_vins_stereo","grandtour","grand_tour__group5","2024-11-15-14-14-12","run3","95.62325246039926","95.62325246039926","95.62325246039926","95.62325246039926","valid","sr"
"orb_slam3_mono","grandtour","grand_tour__group5","2024-11-15-10-16-35","run1","85.02943655706949","85.02943655706949","85.02943655706949","85.02943655706949","valid","sr"
"orb_slam3_mono","grandtour","grand_tour__group5","2024-11-15-10-16-35","run2","85.69153237365032","85.69153237365032","85.69153237365032","85.69153237365032","valid","sr"
"orb_slam3_mono","grandtour","grand_tour__group5","2024-11-15-10-16-35","run3","36.59108939342432","36.59108939342432","36.59108939342432","36.59108939342432","valid","sr"
"orb_slam3_mono","grandtour","grand_tour__group5","2024-11-15-11-18-14","run1","95.50969848118717","95.50969848118717","95.50969848118717","95.50969848118717","valid","sr"
"orb_slam3_mono","grandtour","grand_tour__group5","2024-11-15-11-18-14","run2","61.35530318227011","61.35530318227011","61.35530318227011","61.35530318227011","valid","sr"
"orb_slam3_mono","grandtour","grand_tour__group5","2024-11-15-11-18-14","run3","46.0890405563161","46.0890405563161","46.0890405563161","46.0890405563161","valid","sr"
"orb_slam3_mono","grandtour","grand_tour__group5","2024-11-15-11-37-15","run1","45.03281577782058","45.03281577782058","45.03281577782058","45.03281577782058","valid","sr"
"orb_slam3_mono","grandtour","grand_tour__group5","2024-11-15-11-37-15","run2","42.09585182192939","42.09585182192939","42.09585182192939","42.09585182192939","valid","sr"
"orb_slam3_mono","grandtour","grand_tour__group5","2024-11-15-11-37-15","run3","57.659199904464174","57.659199904464174","57.659199904464174","57.659199904464174","valid","sr"
"orb_slam3_mono","grandtour","grand_tour__group5","2024-11-15-12-06-03","run1","12.308787913267286","12.308787913267286","12.308787913267286","12.308787913267286","valid","sr"
"orb_slam3_mono","grandtour","grand_tour__group5","2024-11-15-12-06-03","run2","99.02417890210754","99.02417890210754","99.02417890210754","99.02417890210754","valid","sr"
"orb_slam3_mono","grandtour","grand_tour__group5","2024-11-15-12-06-03","run3","98.7117833935232","98.7117833935232","98.7117833935232","98.7117833935232","valid","sr"
"orb_slam3_mono","grandtour","grand_tour__group5","2024-11-15-14-14-12","run1","27.791514879651814","27.791514879651814","27.791514879651814","27.791514879651814","valid","sr"
"orb_slam3_mono","grandtour","grand_tour__group5","2024-11-15-14-14-12","run2","17.013568547004475","17.013568547004475","17.013568547004475","17.013568547004475","valid","sr"
"orb_slam3_mono","grandtour","grand_tour__group5","2024-11-15-14-14-12","run3","36.86981033909495","36.86981033909495","36.86981033909495","36.86981033909495","valid","sr"
"orb_slam3_stereo","grandtour","grand_tour__group5","2024-11-15-10-16-35","run1","35.576686255519796","35.576686255519796","35.576686255519796","35.576686255519796","valid","sr"
"orb_slam3_stereo","grandtour","grand_tour__group5","2024-11-15-10-16-35","run2","35.78198345948523","35.78198345948523","35.78198345948523","35.78198345948523","valid","sr"
"orb_slam3_stereo","grandtour","grand_tour__group5","2024-11-15-10-16-35","run3","35.77216096698711","35.77216096698711","35.77216096698711","35.77216096698711","valid","sr"
"orb_slam3_stereo","grandtour","grand_tour__group5","2024-11-15-11-18-14","run1","69.25675846040976","69.25675846040976","69.25675846040976","69.25675846040976","valid","sr"
"orb_slam3_stereo","grandtour","grand_tour__group5","2024-11-15-11-18-14","run2","12.337893308598852","12.337893308598852","12.337893308598852","12.337893308598852","valid","sr"
"orb_slam3_stereo","grandtour","grand_tour__group5","2024-11-15-11-18-14","run3","26.25930190571634","26.25930190571634","26.25930190571634","26.25930190571634","valid","sr"
"orb_slam3_stereo","grandtour","grand_tour__group5","2024-11-15-11-37-15","run1","22.661427689604146","22.661427689604146","22.661427689604146","22.661427689604146","valid","sr"
"orb_slam3_stereo","grandtour","grand_tour__group5","2024-11-15-11-37-15","run2","45.502141951697666","45.502141951697666","45.502141951697666","45.502141951697666","valid","sr"
"orb_slam3_stereo","grandtour","grand_tour__group5","2024-11-15-11-37-15","run3","45.769293330664276","45.769293330664276","45.769293330664276","45.769293330664276","valid","sr"
"orb_slam3_stereo","grandtour","grand_tour__group5","2024-11-15-12-06-03","run1","97.04278646591604","97.04278646591604","97.04278646591604","97.04278646591604","valid","sr"
"orb_slam3_stereo","grandtour","grand_tour__group5","2024-11-15-12-06-03","run2","97.2038571464484","97.2038571464484","97.2038571464484","97.2038571464484","valid","sr"
"orb_slam3_stereo","grandtour","grand_tour__group5","2024-11-15-12-06-03","run3","20.263450591270598","20.263450591270598","20.263450591270598","20.263450591270598","valid","sr"
"orb_slam3_stereo","grandtour","grand_tour__group5","2024-11-15-14-14-12","run1","27.45575534754576","27.45575534754576","27.45575534754576","27.45575534754576","valid","sr"
"orb_slam3_stereo","grandtour","grand_tour__group5","2024-11-15-14-14-12","run2","8.239443483554254","8.239443483554254","8.239443483554254","8.239443483554254","valid","sr"
"orb_slam3_stereo","grandtour","grand_tour__group5","2024-11-15-14-14-12","run3","27.450495426637882","27.450495426637882","27.450495426637882","27.450495426637882","valid","sr"
"rovio","grandtour","grand_tour__group5","2024-11-15-10-16-35","run1","99.53185751858229","99.53185751858229","99.53185751858229","99.53185751858229","valid","sr"
"rovio","grandtour","grand_tour__group5","2024-11-15-10-16-35","run2","99.53185751858229","99.53185751858229","99.53185751858229","99.53185751858229","valid","sr"
"rovio","grandtour","grand_tour__group5","2024-11-15-10-16-35","run3","99.27323301988046","99.27323301988046","99.27323301988046","99.27323301988046","valid","sr"
"rovio","grandtour","grand_tour__group5","2024-11-15-11-18-14","run1","90.00743118764298","90.00743118764298","90.00743118764298","90.00743118764298","valid","sr"
"rovio","grandtour","grand_tour__group5","2024-11-15-11-18-14","run2","90.00743118764298","90.00743118764298","90.00743118764298","90.00743118764298","valid","sr"
"rovio","grandtour","grand_tour__group5","2024-11-15-11-18-14","run3","90.00743118764298","90.00743118764298","90.00743118764298","90.00743118764298","valid","sr"
"rovio","grandtour","grand_tour__group5","2024-11-15-11-37-15","run1","98.77458461105188","98.77458461105188","98.77458461105188","98.77458461105188","valid","sr"
"rovio","grandtour","grand_tour__group5","2024-11-15-11-37-15","run2","98.77458461105188","98.77458461105188","98.77458461105188","98.77458461105188","valid","sr"
"rovio","grandtour","grand_tour__group5","2024-11-15-11-37-15","run3","98.77458461105188","98.77458461105188","98.77458461105188","98.77458461105188","valid","sr"
"rovio","grandtour","grand_tour__group5","2024-11-15-12-06-03","run1","99.8608036540464","99.8608036540464","99.8608036540464","99.8608036540464","valid","sr"
"rovio","grandtour","grand_tour__group5","2024-11-15-12-06-03","run2","99.8608036540464","99.8608036540464","99.8608036540464","99.8608036540464","valid","sr"
"rovio","grandtour","grand_tour__group5","2024-11-15-12-06-03","run3","99.8608036540464","99.8608036540464","99.8608036540464","99.8608036540464","valid","sr"
"rovio","grandtour","grand_tour__group5","2024-11-15-14-14-12","run1","16.411901267182742","16.411901267182742","16.411901267182742","16.411901267182742","valid","sr"
"rovio","grandtour","grand_tour__group5","2024-11-15-14-14-12","run2","16.411901267182742","16.411901267182742","16.411901267182742","16.411901267182742","valid","sr"
"rovio","grandtour","grand_tour__group5","2024-11-15-14-14-12","run3","16.411901267182742","16.411901267182742","16.411901267182742","16.411901267182742","valid","sr"
"sqrtvins_mono","grandtour","grand_tour__group5","2024-11-15-10-16-35","run1","99.96533531038916","99.96533531038916","99.96533531038916","99.96533531038916","valid","sr"
"sqrtvins_mono","grandtour","grand_tour__group5","2024-11-15-10-16-35","run2","99.96533531038916","99.96533531038916","99.96533531038916","99.96533531038916","valid","sr"
"sqrtvins_mono","grandtour","grand_tour__group5","2024-11-15-10-16-35","run3","99.96533531038916","99.96533531038916","99.96533531038916","99.96533531038916","valid","sr"
"sqrtvins_mono","grandtour","grand_tour__group5","2024-11-15-11-18-14","run1","98.8799822059916","98.8799822059916","98.8799822059916","98.8799822059916","valid","sr"
"sqrtvins_mono","grandtour","grand_tour__group5","2024-11-15-11-18-14","run2","98.8799822059916","98.8799822059916","98.8799822059916","98.8799822059916","valid","sr"
"sqrtvins_mono","grandtour","grand_tour__group5","2024-11-15-11-18-14","run3","98.8799822059916","98.8799822059916","98.8799822059916","98.8799822059916","valid","sr"
"sqrtvins_mono","grandtour","grand_tour__group5","2024-11-15-11-37-15","run1","99.6885111020808","99.6885111020808","99.6885111020808","99.6885111020808","valid","sr"
"sqrtvins_mono","grandtour","grand_tour__group5","2024-11-15-11-37-15","run2","99.6885111020808","99.6885111020808","99.6885111020808","99.6885111020808","valid","sr"
"sqrtvins_mono","grandtour","grand_tour__group5","2024-11-15-11-37-15","run3","99.6885111020808","99.6885111020808","99.6885111020808","99.6885111020808","valid","sr"
"sqrtvins_mono","grandtour","grand_tour__group5","2024-11-15-12-06-03","run1","99.6966580411426","99.6966580411426","99.6966580411426","99.6966580411426","valid","sr"
"sqrtvins_mono","grandtour","grand_tour__group5","2024-11-15-12-06-03","run2","99.6966580411426","99.6966580411426","99.6966580411426","99.6966580411426","valid","sr"
"sqrtvins_mono","grandtour","grand_tour__group5","2024-11-15-12-06-03","run3","99.6966580411426","99.6966580411426","99.6966580411426","99.6966580411426","valid","sr"
"sqrtvins_mono","grandtour","grand_tour__group5","2024-11-15-14-14-12","run1","95.64338397043977","95.64338397043977","95.64338397043977","95.64338397043977","valid","sr"
"sqrtvins_mono","grandtour","grand_tour__group5","2024-11-15-14-14-12","run2","95.64338397043977","95.64338397043977","95.64338397043977","95.64338397043977","valid","sr"
"sqrtvins_mono","grandtour","grand_tour__group5","2024-11-15-14-14-12","run3","95.64338397043977","95.64338397043977","95.64338397043977","95.64338397043977","valid","sr"
"sqrtvins_stereo","grandtour","grand_tour__group5","2024-11-15-10-16-35","run1","99.95004748434737","99.95004748434737","99.95004748434737","99.95004748434737","valid","sr"
"sqrtvins_stereo","grandtour","grand_tour__group5","2024-11-15-10-16-35","run2","99.95004748434737","99.95004748434737","99.95004748434737","99.95004748434737","valid","sr"
"sqrtvins_stereo","grandtour","grand_tour__group5","2024-11-15-10-16-35","run3","99.95004748434737","99.95004748434737","99.95004748434737","99.95004748434737","valid","sr"
"sqrtvins_stereo","grandtour","grand_tour__group5","2024-11-15-11-18-14","run1","98.91984420627843","98.91984420627843","98.91984420627843","98.91984420627843","valid","sr"
"sqrtvins_stereo","grandtour","grand_tour__group5","2024-11-15-11-18-14","run2","98.91984420627843","98.91984420627843","98.91984420627843","98.91984420627843","valid","sr"
"sqrtvins_stereo","grandtour","grand_tour__group5","2024-11-15-11-18-14","run3","98.91984420627843","98.91984420627843","98.91984420627843","98.91984420627843","valid","sr"
"sqrtvins_stereo","grandtour","grand_tour__group5","2024-11-15-11-37-15","run1","99.6885111020808","99.6885111020808","99.6885111020808","99.6885111020808","valid","sr"
"sqrtvins_stereo","grandtour","grand_tour__group5","2024-11-15-11-37-15","run2","99.6885111020808","99.6885111020808","99.6885111020808","99.6885111020808","valid","sr"
"sqrtvins_stereo","grandtour","grand_tour__group5","2024-11-15-11-37-15","run3","99.6885111020808","99.6885111020808","99.6885111020808","99.6885111020808","valid","sr"
"sqrtvins_stereo","grandtour","grand_tour__group5","2024-11-15-12-06-03","run1","99.6966580411426","99.6966580411426","99.6966580411426","99.6966580411426","valid","sr"
"sqrtvins_stereo","grandtour","grand_tour__group5","2024-11-15-12-06-03","run2","99.6966580411426","99.6966580411426","99.6966580411426","99.6966580411426","valid","sr"
"sqrtvins_stereo","grandtour","grand_tour__group5","2024-11-15-12-06-03","run3","99.6966580411426","99.6966580411426","99.6966580411426","99.6966580411426","valid","sr"
"sqrtvins_stereo","grandtour","grand_tour__group5","2024-11-15-14-14-12","run1","95.4299178059348","95.4299178059348","95.4299178059348","95.4299178059348","valid","sr"
"sqrtvins_stereo","grandtour","grand_tour__group5","2024-11-15-14-14-12","run2","95.4299178059348","95.4299178059348","95.4299178059348","95.4299178059348","valid","sr"
"sqrtvins_stereo","grandtour","grand_tour__group5","2024-11-15-14-14-12","run3","95.4299178059348","95.4299178059348","95.4299178059348","95.4299178059348","valid","sr"
"svo_mono","grandtour","grand_tour__group5","2024-11-15-10-16-35","run1","99.66673331000622","99.66673331000622","99.66673331000622","99.66673331000622","valid","sr"
"svo_mono","grandtour","grand_tour__group5","2024-11-15-10-16-35","run2","99.40198335310842","99.40198335310842","99.40198335310842","99.40198335310842","valid","sr"
"svo_mono","grandtour","grand_tour__group5","2024-11-15-10-16-35","run3","99.48149728370325","99.48149728370325","99.48149728370325","99.48149728370325","valid","sr"
"svo_mono","grandtour","grand_tour__group5","2024-11-15-11-18-14","run1","0.4512494768284647","0.4512494768284647","0.4512494768284647","0.4512494768284647","valid","sr"
"svo_mono","grandtour","grand_tour__group5","2024-11-15-11-18-14","run2","98.8346584628233","98.8346584628233","98.8346584628233","98.8346584628233","valid","sr"
"svo_mono","grandtour","grand_tour__group5","2024-11-15-11-18-14","run3","97.72830991366551","97.72830991366551","97.72830991366551","97.72830991366551","valid","sr"
"svo_mono","grandtour","grand_tour__group5","2024-11-15-11-37-15","run1","99.01708113399404","99.01708113399404","99.01708113399404","99.01708113399404","valid","sr"
"svo_mono","grandtour","grand_tour__group5","2024-11-15-11-37-15","run2","99.12311129712191","99.12311129712191","99.12311129712191","99.12311129712191","valid","sr"
"svo_mono","grandtour","grand_tour__group5","2024-11-15-11-37-15","run3","99.62311884973161","99.62311884973161","99.62311884973161","99.62311884973161","valid","sr"
"svo_mono","grandtour","grand_tour__group5","2024-11-15-12-06-03","run1","97.71398511872428","97.71398511872428","97.71398511872428","97.71398511872428","valid","sr"
"svo_mono","grandtour","grand_tour__group5","2024-11-15-12-06-03","run2","91.00728317708854","91.00728317708854","91.00728317708854","91.00728317708854","valid","sr"
"svo_mono","grandtour","grand_tour__group5","2024-11-15-12-06-03","run3","98.61190061073441","98.61190061073441","98.61190061073441","98.61190061073441","valid","sr"
"svo_mono","grandtour","grand_tour__group5","2024-11-15-14-14-12","run1","93.80448961414295","93.80448961414295","93.80448961414295","93.80448961414295","valid","sr"
"svo_mono","grandtour","grand_tour__group5","2024-11-15-14-14-12","run2","95.16497618181445","95.16497618181445","95.16497618181445","95.16497618181445","valid","sr"
"svo_mono","grandtour","grand_tour__group5","2024-11-15-14-14-12","run3","95.41820085731885","95.41820085731885","95.41820085731885","95.41820085731885","valid","sr"
"svo_stereo","grandtour","grand_tour__group5","2024-11-15-10-16-35","run1","98.51349006378511","98.51349006378511","98.51349006378511","98.51349006378511","valid","sr"
"svo_stereo","grandtour","grand_tour__group5","2024-11-15-10-16-35","run2","95.82066562651778","95.82066562651778","95.82066562651778","95.82066562651778","valid","sr"
"svo_stereo","grandtour","grand_tour__group5","2024-11-15-10-16-35","run3","98.0857301936993","98.0857301936993","98.0857301936993","98.0857301936993","valid","sr"
"svo_stereo","grandtour","grand_tour__group5","2024-11-15-11-18-14","run1","99.0165402904548","99.0165402904548","99.0165402904548","99.0165402904548","valid","sr"
"svo_stereo","grandtour","grand_tour__group5","2024-11-15-11-18-14","run2","99.0165402904548","99.0165402904548","99.0165402904548","99.0165402904548","valid","sr"
"svo_stereo","grandtour","grand_tour__group5","2024-11-15-11-18-14","run3","99.0165402904548","99.0165402904548","99.0165402904548","99.0165402904548","valid","sr"
"svo_stereo","grandtour","grand_tour__group5","2024-11-15-11-37-15","run1","98.5695966786726","98.5695966786726","98.5695966786726","98.5695966786726","valid","sr"
"svo_stereo","grandtour","grand_tour__group5","2024-11-15-11-37-15","run2","81.65533319959331","81.65533319959331","81.65533319959331","81.65533319959331","valid","sr"
"svo_stereo","grandtour","grand_tour__group5","2024-11-15-11-37-15","run3","80.6143383715057","80.6143383715057","80.6143383715057","80.6143383715057","valid","sr"
"svo_stereo","grandtour","grand_tour__group5","2024-11-15-12-06-03","run1","99.85250029412565","99.85250029412565","99.85250029412565","99.85250029412565","valid","sr"
"svo_stereo","grandtour","grand_tour__group5","2024-11-15-12-06-03","run2","99.85250029412565","99.85250029412565","99.85250029412565","99.85250029412565","valid","sr"
"svo_stereo","grandtour","grand_tour__group5","2024-11-15-12-06-03","run3","97.16554414615179","97.16554414615179","97.16554414615179","97.16554414615179","valid","sr"
"svo_stereo","grandtour","grand_tour__group5","2024-11-15-14-14-12","run1","84.32318901914232","84.32318901914232","84.32318901914232","84.32318901914232","valid","sr"
"svo_stereo","grandtour","grand_tour__group5","2024-11-15-14-14-12","run2","73.66551667876803","73.66551667876803","73.66551667876803","73.66551667876803","valid","sr"
"svo_stereo","grandtour","grand_tour__group5","2024-11-15-14-14-12","run3","34.06598692997376","34.06598692997376","34.06598692997376","34.06598692997376","valid","sr"
"vins-fusion_monoimu","grandtour","grand_tour__group5","2024-11-15-10-16-35","run1","98.34075405035455","98.34075405035455","98.34075405035455","98.34075405035455","valid","sr"
"vins-fusion_monoimu","grandtour","grand_tour__group5","2024-11-15-10-16-35","run2","98.34075405035455","98.34075405035455","98.34075405035455","98.34075405035455","valid","sr"
"vins-fusion_monoimu","grandtour","grand_tour__group5","2024-11-15-10-16-35","run3","98.34075405035455","98.34075405035455","98.34075405035455","98.34075405035455","valid","sr"
"vins-fusion_monoimu","grandtour","grand_tour__group5","2024-11-15-11-18-14","run1","94.86149694007257","94.86149694007257","94.86149694007257","94.86149694007257","valid","sr"
"vins-fusion_monoimu","grandtour","grand_tour__group5","2024-11-15-11-18-14","run2","94.7981645657285","94.7981645657285","94.7981645657285","94.7981645657285","valid","sr"
"vins-fusion_monoimu","grandtour","grand_tour__group5","2024-11-15-11-18-14","run3","94.86149694007257","94.86149694007257","94.86149694007257","94.86149694007257","valid","sr"
"vins-fusion_monoimu","grandtour","grand_tour__group5","2024-11-15-11-37-15","run1","95.87209085487707","95.87209085487707","95.87209085487707","95.87209085487707","valid","sr"
"vins-fusion_monoimu","grandtour","grand_tour__group5","2024-11-15-11-37-15","run2","95.87209085487707","95.87209085487707","95.87209085487707","95.87209085487707","valid","sr"
"vins-fusion_monoimu","grandtour","grand_tour__group5","2024-11-15-11-37-15","run3","95.84457288285594","95.84457288285594","95.84457288285594","95.84457288285594","valid","sr"
"vins-fusion_monoimu","grandtour","grand_tour__group5","2024-11-15-12-06-03","run1","95.72097446977365","95.72097446977365","95.72097446977365","95.72097446977365","valid","sr"
"vins-fusion_monoimu","grandtour","grand_tour__group5","2024-11-15-12-06-03","run2","95.72097446977365","95.72097446977365","95.72097446977365","95.72097446977365","valid","sr"
"vins-fusion_monoimu","grandtour","grand_tour__group5","2024-11-15-12-06-03","run3","95.72097446977365","95.72097446977365","95.72097446977365","95.72097446977365","valid","sr"
"vins-fusion_monoimu","grandtour","grand_tour__group5","2024-11-15-14-14-12","run1","90.51014222999176","90.51014222999176","90.51014222999176","90.51014222999176","valid","sr"
"vins-fusion_monoimu","grandtour","grand_tour__group5","2024-11-15-14-14-12","run2","90.58035249853619","90.58035249853619","90.58035249853619","90.58035249853619","valid","sr"
"vins-fusion_monoimu","grandtour","grand_tour__group5","2024-11-15-14-14-12","run3","90.58035249853619","90.58035249853619","90.58035249853619","90.58035249853619","valid","sr"
"vins-fusion_stereoimu","grandtour","grand_tour__group5","2024-11-15-10-16-35","run1","98.4331470043738","98.4331470043738","98.4331470043738","98.4331470043738","valid","sr"
"vins-fusion_stereoimu","grandtour","grand_tour__group5","2024-11-15-10-16-35","run2","98.4331470043738","98.4331470043738","98.4331470043738","98.4331470043738","valid","sr"
"vins-fusion_stereoimu","grandtour","grand_tour__group5","2024-11-15-10-16-35","run3","98.41782072666683","98.41782072666683","98.41782072666683","98.41782072666683","valid","sr"
"vins-fusion_stereoimu","grandtour","grand_tour__group5","2024-11-15-11-18-14","run1","95.21438060979241","95.21438060979241","95.21438060979241","95.21438060979241","valid","sr"
"vins-fusion_stereoimu","grandtour","grand_tour__group5","2024-11-15-11-18-14","run2","95.24261458339826","95.24261458339826","95.24261458339826","95.24261458339826","valid","sr"
"vins-fusion_stereoimu","grandtour","grand_tour__group5","2024-11-15-11-18-14","run3","95.21438060979241","95.21438060979241","95.21438060979241","95.21438060979241","valid","sr"
"vins-fusion_stereoimu","grandtour","grand_tour__group5","2024-11-15-11-37-15","run1","95.88649486737857","95.88649486737857","95.88649486737857","95.88649486737857","valid","sr"
"vins-fusion_stereoimu","grandtour","grand_tour__group5","2024-11-15-11-37-15","run2","95.88649486737857","95.88649486737857","95.88649486737857","95.88649486737857","valid","sr"
"vins-fusion_stereoimu","grandtour","grand_tour__group5","2024-11-15-11-37-15","run3","78.9623293264597","78.9623293264597","78.9623293264597","78.9623293264597","valid","sr"
"vins-fusion_stereoimu","grandtour","grand_tour__group5","2024-11-15-12-06-03","run1","95.94719048482565","95.94719048482565","95.94719048482565","95.94719048482565","valid","sr"
"vins-fusion_stereoimu","grandtour","grand_tour__group5","2024-11-15-12-06-03","run2","95.85404433600434","95.85404433600434","95.85404433600434","95.85404433600434","valid","sr"
"vins-fusion_stereoimu","grandtour","grand_tour__group5","2024-11-15-12-06-03","run3","95.87568375304052","95.87568375304052","95.87568375304052","95.87568375304052","valid","sr"
"vins-fusion_stereoimu","grandtour","grand_tour__group5","2024-11-15-14-14-12","run1","91.49517694678948","91.49517694678948","91.49517694678948","91.49517694678948","valid","sr"
"vins-fusion_stereoimu","grandtour","grand_tour__group5","2024-11-15-14-14-12","run2","91.2704467934427","91.2704467934427","91.2704467934427","91.2704467934427","valid","sr"
"vins-fusion_stereoimu","grandtour","grand_tour__group5","2024-11-15-14-14-12","run3","91.2704467934427","91.2704467934427","91.2704467934427","91.2704467934427","valid","sr"
"airslam","grandtour","grand_tour__group6","2024-11-15-14-43-52","run1","91.10526636179718","91.10526636179718","91.10526636179718","91.10526636179718","valid","sr"
"airslam","grandtour","grand_tour__group6","2024-11-15-14-43-52","run2","90.91954045516646","90.91954045516646","90.91954045516646","90.91954045516646","valid","sr"
"airslam","grandtour","grand_tour__group6","2024-11-15-14-43-52","run3","91.10526636179718","91.10526636179718","91.10526636179718","91.10526636179718","valid","sr"
"airslam","grandtour","grand_tour__group6","2024-11-15-16-41-14","run1","95.22642875012465","95.22642875012465","95.22642875012465","95.22642875012465","valid","sr"
"airslam","grandtour","grand_tour__group6","2024-11-15-16-41-14","run2","95.21772049294671","95.21772049294671","95.21772049294671","95.21772049294671","valid","sr"
"airslam","grandtour","grand_tour__group6","2024-11-15-16-41-14","run3","95.22245467459788","95.22245467459788","95.22245467459788","95.22245467459788","valid","sr"
"airslam","grandtour","grand_tour__group6","2024-11-18-12-05-01","run1","25.56892797840779","25.56892797840779","25.56892797840779","25.56892797840779","valid","sr"
"airslam","grandtour","grand_tour__group6","2024-11-18-12-05-01","run2","38.17729156456001","38.17729156456001","38.17729156456001","38.17729156456001","valid","sr"
"airslam","grandtour","grand_tour__group6","2024-11-18-12-05-01","run3","9.43577298972002","9.43577298972002","9.43577298972002","9.43577298972002","valid","sr"
"airslam","grandtour","grand_tour__group6","2024-11-18-15-46-05","run1","15.7529285203063","15.7529285203063","15.7529285203063","15.7529285203063","valid","sr"
"airslam","grandtour","grand_tour__group6","2024-11-18-15-46-05","run2","19.514821491307263","19.514821491307263","19.514821491307263","19.514821491307263","valid","sr"
"airslam","grandtour","grand_tour__group6","2024-11-18-15-46-05","run3","10.52247335153558","10.52247335153558","10.52247335153558","10.52247335153558","valid","sr"
"airslam","grandtour","grand_tour__group6","2024-11-18-16-59-23","run1","2.659462167944521","2.659462167944521","2.659462167944521","2.659462167944521","valid","sr"
"airslam","grandtour","grand_tour__group6","2024-11-18-16-59-23","run2","2.80713065959667","2.80713065959667","2.80713065959667","2.80713065959667","valid","sr"
"airslam","grandtour","grand_tour__group6","2024-11-18-16-59-23","run3","2.224996257118246","2.224996257118246","2.224996257118246","2.224996257118246","valid","sr"
"basalt_stereo","grandtour","grand_tour__group6","2024-11-15-14-43-52","run1","99.02064892388825","99.02064892388825","99.02064892388825","99.02064892388825","valid","sr"
"basalt_stereo","grandtour","grand_tour__group6","2024-11-15-14-43-52","run2","99.02064892388825","99.02064892388825","99.02064892388825","99.02064892388825","valid","sr"
"basalt_stereo","grandtour","grand_tour__group6","2024-11-15-14-43-52","run3","99.02064892388825","99.02064892388825","99.02064892388825","99.02064892388825","valid","sr"
"basalt_stereo","grandtour","grand_tour__group6","2024-11-15-16-41-14","run1",,"","0","0.0","missing","sr"
"basalt_stereo","grandtour","grand_tour__group6","2024-11-15-16-41-14","run2",,"","0","0.0","missing","sr"
"basalt_stereo","grandtour","grand_tour__group6","2024-11-15-16-41-14","run3",,"","0","0.0","missing","sr"
"basalt_stereo","grandtour","grand_tour__group6","2024-11-18-12-05-01","run1",,"","0","0.0","missing","sr"
"basalt_stereo","grandtour","grand_tour__group6","2024-11-18-12-05-01","run2",,"","0","0.0","missing","sr"
"basalt_stereo","grandtour","grand_tour__group6","2024-11-18-12-05-01","run3",,"","0","0.0","missing","sr"
"basalt_stereo","grandtour","grand_tour__group6","2024-11-18-15-46-05","run1",,"","0","0.0","missing","sr"
"basalt_stereo","grandtour","grand_tour__group6","2024-11-18-15-46-05","run2",,"","0","0.0","missing","sr"
"basalt_stereo","grandtour","grand_tour__group6","2024-11-18-15-46-05","run3",,"","0","0.0","missing","sr"
"basalt_stereo","grandtour","grand_tour__group6","2024-11-18-16-59-23","run1",,"","0","0.0","missing","sr"
"basalt_stereo","grandtour","grand_tour__group6","2024-11-18-16-59-23","run2",,"","0","0.0","missing","sr"
"basalt_stereo","grandtour","grand_tour__group6","2024-11-18-16-59-23","run3",,"","0","0.0","missing","sr"
"dm_vio","grandtour","grand_tour__group6","2024-11-15-14-43-52","run1","99.6729881401976","99.6729881401976","99.6729881401976","99.6729881401976","valid","sr"
"dm_vio","grandtour","grand_tour__group6","2024-11-15-14-43-52","run2","99.6729881401976","99.6729881401976","99.6729881401976","99.6729881401976","valid","sr"
"dm_vio","grandtour","grand_tour__group6","2024-11-15-14-43-52","run3","83.76901380938274","83.76901380938274","83.76901380938274","83.76901380938274","valid","sr"
"dm_vio","grandtour","grand_tour__group6","2024-11-15-16-41-14","run1","86.40528382694492","86.40528382694492","86.40528382694492","86.40528382694492","valid","sr"
"dm_vio","grandtour","grand_tour__group6","2024-11-15-16-41-14","run2","79.9264221286109","79.9264221286109","79.9264221286109","79.9264221286109","valid","sr"
"dm_vio","grandtour","grand_tour__group6","2024-11-15-16-41-14","run3","1.7907591703427643","1.7907591703427643","1.7907591703427643","1.7907591703427643","valid","sr"
"dm_vio","grandtour","grand_tour__group6","2024-11-18-12-05-01","run1","34.84225098307391","34.84225098307391","34.84225098307391","34.84225098307391","valid","sr"
"dm_vio","grandtour","grand_tour__group6","2024-11-18-12-05-01","run2","24.715551924134544","24.715551924134544","24.715551924134544","24.715551924134544","valid","sr"
"dm_vio","grandtour","grand_tour__group6","2024-11-18-12-05-01","run3","5.336145725290462","5.336145725290462","5.336145725290462","5.336145725290462","valid","sr"
"dm_vio","grandtour","grand_tour__group6","2024-11-18-15-46-05","run1","6.2824069488433425","6.2824069488433425","6.2824069488433425","6.2824069488433425","valid","sr"
"dm_vio","grandtour","grand_tour__group6","2024-11-18-15-46-05","run2","7.452084392298761","7.452084392298761","7.452084392298761","7.452084392298761","valid","sr"
"dm_vio","grandtour","grand_tour__group6","2024-11-18-15-46-05","run3","12.33995232134019","12.33995232134019","12.33995232134019","12.33995232134019","valid","sr"
"dm_vio","grandtour","grand_tour__group6","2024-11-18-16-59-23","run1","1.2244113452464784","1.2244113452464784","1.2244113452464784","1.2244113452464784","valid","sr"
"dm_vio","grandtour","grand_tour__group6","2024-11-18-16-59-23","run2","10.322978066995827","10.322978066995827","10.322978066995827","10.322978066995827","valid","sr"
"dm_vio","grandtour","grand_tour__group6","2024-11-18-16-59-23","run3","8.338322246003345","8.338322246003345","8.338322246003345","8.338322246003345","valid","sr"
"kimera_vio_mono","grandtour","grand_tour__group6","2024-11-15-14-43-52","run1","92.30319475478626","92.30319475478626","92.30319475478626","92.30319475478626","valid","sr"
"kimera_vio_mono","grandtour","grand_tour__group6","2024-11-15-14-43-52","run2","92.30319475478626","92.30319475478626","92.30319475478626","92.30319475478626","valid","sr"
"kimera_vio_mono","grandtour","grand_tour__group6","2024-11-15-14-43-52","run3","92.30319475478626","92.30319475478626","92.30319475478626","92.30319475478626","valid","sr"
"kimera_vio_mono","grandtour","grand_tour__group6","2024-11-15-16-41-14","run1","58.80164199576971","58.80164199576971","58.80164199576971","58.80164199576971","valid","sr"
"kimera_vio_mono","grandtour","grand_tour__group6","2024-11-15-16-41-14","run2","58.80164199576971","58.80164199576971","58.80164199576971","58.80164199576971","valid","sr"
"kimera_vio_mono","grandtour","grand_tour__group6","2024-11-15-16-41-14","run3","58.80164199576971","58.80164199576971","58.80164199576971","58.80164199576971","valid","sr"
"kimera_vio_mono","grandtour","grand_tour__group6","2024-11-18-12-05-01","run1","18.25074041967773","18.25074041967773","18.25074041967773","18.25074041967773","valid","sr"
"kimera_vio_mono","grandtour","grand_tour__group6","2024-11-18-12-05-01","run2","18.25074041967773","18.25074041967773","18.25074041967773","18.25074041967773","valid","sr"
"kimera_vio_mono","grandtour","grand_tour__group6","2024-11-18-12-05-01","run3","18.25074041967773","18.25074041967773","18.25074041967773","18.25074041967773","valid","sr"
"kimera_vio_mono","grandtour","grand_tour__group6","2024-11-18-15-46-05","run1","93.28592629914563","93.28592629914563","93.28592629914563","93.28592629914563","valid","sr"
"kimera_vio_mono","grandtour","grand_tour__group6","2024-11-18-15-46-05","run2","93.28592629914563","93.28592629914563","93.28592629914563","93.28592629914563","valid","sr"
"kimera_vio_mono","grandtour","grand_tour__group6","2024-11-18-15-46-05","run3","93.28592629914563","93.28592629914563","93.28592629914563","93.28592629914563","valid","sr"
"kimera_vio_mono","grandtour","grand_tour__group6","2024-11-18-16-59-23","run1","0","0.0","0","0.0","valid","sr"
"kimera_vio_mono","grandtour","grand_tour__group6","2024-11-18-16-59-23","run2","0","0.0","0","0.0","valid","sr"
"kimera_vio_mono","grandtour","grand_tour__group6","2024-11-18-16-59-23","run3","0","0.0","0","0.0","valid","sr"
"kimera_vio_stereo","grandtour","grand_tour__group6","2024-11-15-14-43-52","run1","92.58912645696593","92.58912645696593","92.58912645696593","92.58912645696593","valid","sr"
"kimera_vio_stereo","grandtour","grand_tour__group6","2024-11-15-14-43-52","run2","92.58912645696593","92.58912645696593","92.58912645696593","92.58912645696593","valid","sr"
"kimera_vio_stereo","grandtour","grand_tour__group6","2024-11-15-14-43-52","run3","92.58912645696593","92.58912645696593","92.58912645696593","92.58912645696593","valid","sr"
"kimera_vio_stereo","grandtour","grand_tour__group6","2024-11-15-16-41-14","run1","18.5391089650458","18.5391089650458","18.5391089650458","18.5391089650458","valid","sr"
"kimera_vio_stereo","grandtour","grand_tour__group6","2024-11-15-16-41-14","run2","18.5391089650458","18.5391089650458","18.5391089650458","18.5391089650458","valid","sr"
"kimera_vio_stereo","grandtour","grand_tour__group6","2024-11-15-16-41-14","run3","18.5391089650458","18.5391089650458","18.5391089650458","18.5391089650458","valid","sr"
"kimera_vio_stereo","grandtour","grand_tour__group6","2024-11-18-12-05-01","run1","17.823395241387356","17.823395241387356","17.823395241387356","17.823395241387356","valid","sr"
"kimera_vio_stereo","grandtour","grand_tour__group6","2024-11-18-12-05-01","run2","17.823395241387356","17.823395241387356","17.823395241387356","17.823395241387356","valid","sr"
"kimera_vio_stereo","grandtour","grand_tour__group6","2024-11-18-12-05-01","run3","17.823395241387356","17.823395241387356","17.823395241387356","17.823395241387356","valid","sr"
"kimera_vio_stereo","grandtour","grand_tour__group6","2024-11-18-15-46-05","run1","0.8702322572335666","0.8702322572335666","0.8702322572335666","0.8702322572335666","valid","sr"
"kimera_vio_stereo","grandtour","grand_tour__group6","2024-11-18-15-46-05","run2","0.8702322572335666","0.8702322572335666","0.8702322572335666","0.8702322572335666","valid","sr"
"kimera_vio_stereo","grandtour","grand_tour__group6","2024-11-18-15-46-05","run3","0.8702322572335666","0.8702322572335666","0.8702322572335666","0.8702322572335666","valid","sr"
"kimera_vio_stereo","grandtour","grand_tour__group6","2024-11-18-16-59-23","run1","0","0.0","0","0.0","valid","sr"
"kimera_vio_stereo","grandtour","grand_tour__group6","2024-11-18-16-59-23","run2","0","0.0","0","0.0","valid","sr"
"kimera_vio_stereo","grandtour","grand_tour__group6","2024-11-18-16-59-23","run3","0","0.0","0","0.0","valid","sr"
"okvis2x_mono","grandtour","grand_tour__group6","2024-11-15-14-43-52","run1","98.64587281007843","98.64587281007843","98.64587281007843","98.64587281007843","valid","sr"
"okvis2x_mono","grandtour","grand_tour__group6","2024-11-15-14-43-52","run2","98.65557159373786","98.65557159373786","98.65557159373786","98.65557159373786","valid","sr"
"okvis2x_mono","grandtour","grand_tour__group6","2024-11-15-14-43-52","run3","98.37158142915985","98.37158142915985","98.37158142915985","98.37158142915985","valid","sr"
"okvis2x_mono","grandtour","grand_tour__group6","2024-11-15-16-41-14","run1","97.16300211180673","97.16300211180673","97.16300211180673","97.16300211180673","valid","sr"
"okvis2x_mono","grandtour","grand_tour__group6","2024-11-15-16-41-14","run2","97.0728114525399","97.0728114525399","97.0728114525399","97.0728114525399","valid","sr"
"okvis2x_mono","grandtour","grand_tour__group6","2024-11-15-16-41-14","run3","97.25391625890416","97.25391625890416","97.25391625890416","97.25391625890416","valid","sr"
"okvis2x_mono","grandtour","grand_tour__group6","2024-11-18-12-05-01","run1","96.77935012440798","96.77935012440798","96.77935012440798","96.77935012440798","valid","sr"
"okvis2x_mono","grandtour","grand_tour__group6","2024-11-18-12-05-01","run2","96.80956589086635","96.80956589086635","96.80956589086635","96.80956589086635","valid","sr"
"okvis2x_mono","grandtour","grand_tour__group6","2024-11-18-12-05-01","run3","97.47000823938407","97.47000823938407","97.47000823938407","97.47000823938407","valid","sr"
"okvis2x_mono","grandtour","grand_tour__group6","2024-11-18-15-46-05","run1","97.10834065631435","97.10834065631435","97.10834065631435","97.10834065631435","valid","sr"
"okvis2x_mono","grandtour","grand_tour__group6","2024-11-18-15-46-05","run2","95.0339514328846","95.0339514328846","95.0339514328846","95.0339514328846","valid","sr"
"okvis2x_mono","grandtour","grand_tour__group6","2024-11-18-15-46-05","run3","94.5001855418224","94.5001855418224","94.5001855418224","94.5001855418224","valid","sr"
"okvis2x_mono","grandtour","grand_tour__group6","2024-11-18-16-59-23","run1","2.40390873743042","2.40390873743042","2.40390873743042","2.40390873743042","valid","sr"
"okvis2x_mono","grandtour","grand_tour__group6","2024-11-18-16-59-23","run2","22.149415058972796","22.149415058972796","22.149415058972796","22.149415058972796","valid","sr"
"okvis2x_mono","grandtour","grand_tour__group6","2024-11-18-16-59-23","run3","34.74252709843182","34.74252709843182","34.74252709843182","34.74252709843182","valid","sr"
"okvis2x_stereo","grandtour","grand_tour__group6","2024-11-15-14-43-52","run1","99.89755704155817","99.89755704155817","99.89755704155817","99.89755704155817","valid","sr"
"okvis2x_stereo","grandtour","grand_tour__group6","2024-11-15-14-43-52","run2","99.89755704155817","99.89755704155817","99.89755704155817","99.89755704155817","valid","sr"
"okvis2x_stereo","grandtour","grand_tour__group6","2024-11-15-14-43-52","run3","99.58679390792244","99.58679390792244","99.58679390792244","99.58679390792244","valid","sr"
"okvis2x_stereo","grandtour","grand_tour__group6","2024-11-15-16-41-14","run1","98.93757334346293","98.93757334346293","98.93757334346293","98.93757334346293","valid","sr"
"okvis2x_stereo","grandtour","grand_tour__group6","2024-11-15-16-41-14","run2","98.93757334346293","98.93757334346293","98.93757334346293","98.93757334346293","valid","sr"
"okvis2x_stereo","grandtour","grand_tour__group6","2024-11-15-16-41-14","run3","98.93757334346293","98.93757334346293","98.93757334346293","98.93757334346293","valid","sr"
"okvis2x_stereo","grandtour","grand_tour__group6","2024-11-18-12-05-01","run1","99.99916307348106","99.99916307348106","99.99916307348106","99.99916307348106","valid","sr"
"okvis2x_stereo","grandtour","grand_tour__group6","2024-11-18-12-05-01","run2","99.99916307348106","99.99916307348106","99.99916307348106","99.99916307348106","valid","sr"
"okvis2x_stereo","grandtour","grand_tour__group6","2024-11-18-12-05-01","run3","99.99916307348106","99.99916307348106","99.99916307348106","99.99916307348106","valid","sr"
"okvis2x_stereo","grandtour","grand_tour__group6","2024-11-18-15-46-05","run1","99.99417392427054","99.99417392427054","99.99417392427054","99.99417392427054","valid","sr"
"okvis2x_stereo","grandtour","grand_tour__group6","2024-11-18-15-46-05","run2","99.99417392427054","99.99417392427054","99.99417392427054","99.99417392427054","valid","sr"
"okvis2x_stereo","grandtour","grand_tour__group6","2024-11-18-15-46-05","run3","99.99417392427054","99.99417392427054","99.99417392427054","99.99417392427054","valid","sr"
"okvis2x_stereo","grandtour","grand_tour__group6","2024-11-18-16-59-23","run1","99.7950388521451","99.7950388521451","99.7950388521451","99.7950388521451","valid","sr"
"okvis2x_stereo","grandtour","grand_tour__group6","2024-11-18-16-59-23","run2","99.7950388521451","99.7950388521451","99.7950388521451","99.7950388521451","valid","sr"
"okvis2x_stereo","grandtour","grand_tour__group6","2024-11-18-16-59-23","run3","99.79620510922835","99.79620510922835","99.79620510922835","99.79620510922835","valid","sr"
"open_vins_mono","grandtour","grand_tour__group6","2024-11-15-14-43-52","run1","99.6864794116223","99.6864794116223","99.6864794116223","99.6864794116223","valid","sr"
"open_vins_mono","grandtour","grand_tour__group6","2024-11-15-14-43-52","run2","99.6864794116223","99.6864794116223","99.6864794116223","99.6864794116223","valid","sr"
"open_vins_mono","grandtour","grand_tour__group6","2024-11-15-14-43-52","run3","99.6864794116223","99.6864794116223","99.6864794116223","99.6864794116223","valid","sr"
"open_vins_mono","grandtour","grand_tour__group6","2024-11-15-16-41-14","run1","24.85685728844468","24.85685728844468","24.85685728844468","24.85685728844468","valid","sr"
"open_vins_mono","grandtour","grand_tour__group6","2024-11-15-16-41-14","run2","25.13129917944698","25.13129917944698","25.13129917944698","25.13129917944698","valid","sr"
"open_vins_mono","grandtour","grand_tour__group6","2024-11-15-16-41-14","run3","25.235626952249667","25.235626952249667","25.235626952249667","25.235626952249667","valid","sr"
"open_vins_mono","grandtour","grand_tour__group6","2024-11-18-12-05-01","run1","49.795822498546876","49.795822498546876","49.795822498546876","49.795822498546876","valid","sr"
"open_vins_mono","grandtour","grand_tour__group6","2024-11-18-12-05-01","run2","49.85126381872251","49.85126381872251","49.85126381872251","49.85126381872251","valid","sr"
"open_vins_mono","grandtour","grand_tour__group6","2024-11-18-12-05-01","run3","18.75608229852899","18.75608229852899","18.75608229852899","18.75608229852899","valid","sr"
"open_vins_mono","grandtour","grand_tour__group6","2024-11-18-15-46-05","run1","99.78123801977455","99.78123801977455","99.78123801977455","99.78123801977455","valid","sr"
"open_vins_mono","grandtour","grand_tour__group6","2024-11-18-15-46-05","run2","99.86894233624612","99.86894233624612","99.86894233624612","99.86894233624612","valid","sr"
"open_vins_mono","grandtour","grand_tour__group6","2024-11-18-15-46-05","run3","99.85646863252649","99.85646863252649","99.85646863252649","99.85646863252649","valid","sr"
"open_vins_mono","grandtour","grand_tour__group6","2024-11-18-16-59-23","run1","99.6969736925577","99.6969736925577","99.6969736925577","99.6969736925577","valid","sr"
"open_vins_mono","grandtour","grand_tour__group6","2024-11-18-16-59-23","run2","99.54828391841536","99.54828391841536","99.54828391841536","99.54828391841536","valid","sr"
"open_vins_mono","grandtour","grand_tour__group6","2024-11-18-16-59-23","run3","99.6969736925577","99.6969736925577","99.6969736925577","99.6969736925577","valid","sr"
"open_vins_stereo","grandtour","grand_tour__group6","2024-11-15-14-43-52","run1","99.62986979127948","99.62986979127948","99.62986979127948","99.62986979127948","valid","sr"
"open_vins_stereo","grandtour","grand_tour__group6","2024-11-15-14-43-52","run2","99.63585076441316","99.63585076441316","99.63585076441316","99.63585076441316","valid","sr"
"open_vins_stereo","grandtour","grand_tour__group6","2024-11-15-14-43-52","run3","99.63585076441316","99.63585076441316","99.63585076441316","99.63585076441316","valid","sr"
"open_vins_stereo","grandtour","grand_tour__group6","2024-11-15-16-41-14","run1","26.054942722442743","26.054942722442743","26.054942722442743","26.054942722442743","valid","sr"
"open_vins_stereo","grandtour","grand_tour__group6","2024-11-15-16-41-14","run2","25.923233513326004","25.923233513326004","25.923233513326004","25.923233513326004","valid","sr"
"open_vins_stereo","grandtour","grand_tour__group6","2024-11-15-16-41-14","run3","25.923233513326004","25.923233513326004","25.923233513326004","25.923233513326004","valid","sr"
"open_vins_stereo","grandtour","grand_tour__group6","2024-11-18-12-05-01","run1","20.494055694981647","20.494055694981647","20.494055694981647","20.494055694981647","valid","sr"
"open_vins_stereo","grandtour","grand_tour__group6","2024-11-18-12-05-01","run2","99.29234735465468","99.29234735465468","99.29234735465468","99.29234735465468","valid","sr"
"open_vins_stereo","grandtour","grand_tour__group6","2024-11-18-12-05-01","run3","98.88242395126551","98.88242395126551","98.88242395126551","98.88242395126551","valid","sr"
"open_vins_stereo","grandtour","grand_tour__group6","2024-11-18-15-46-05","run1","99.87263077495766","99.87263077495766","99.87263077495766","99.87263077495766","valid","sr"
"open_vins_stereo","grandtour","grand_tour__group6","2024-11-18-15-46-05","run2","99.87263077495766","99.87263077495766","99.87263077495766","99.87263077495766","valid","sr"
"open_vins_stereo","grandtour","grand_tour__group6","2024-11-18-15-46-05","run3","99.87022512619308","99.87022512619308","99.87022512619308","99.87022512619308","valid","sr"
"open_vins_stereo","grandtour","grand_tour__group6","2024-11-18-16-59-23","run1","0.2864573505331257","0.2864573505331257","0.2864573505331257","0.2864573505331257","valid","sr"
"open_vins_stereo","grandtour","grand_tour__group6","2024-11-18-16-59-23","run2","0.2864573505331257","0.2864573505331257","0.2864573505331257","0.2864573505331257","valid","sr"
"open_vins_stereo","grandtour","grand_tour__group6","2024-11-18-16-59-23","run3","0.2864573505331257","0.2864573505331257","0.2864573505331257","0.2864573505331257","valid","sr"
"orb_slam3_mono","grandtour","grand_tour__group6","2024-11-15-14-43-52","run1","96.74749576260042","96.74749576260042","96.74749576260042","96.74749576260042","valid","sr"
"orb_slam3_mono","grandtour","grand_tour__group6","2024-11-15-14-43-52","run2","96.38281515503706","96.38281515503706","96.38281515503706","96.38281515503706","valid","sr"
"orb_slam3_mono","grandtour","grand_tour__group6","2024-11-15-14-43-52","run3","88.38133027389902","88.38133027389902","88.38133027389902","88.38133027389902","valid","sr"
"orb_slam3_mono","grandtour","grand_tour__group6","2024-11-15-16-41-14","run1","42.95543491792853","42.95543491792853","42.95543491792853","42.95543491792853","valid","sr"
"orb_slam3_mono","grandtour","grand_tour__group6","2024-11-15-16-41-14","run2","59.909279533220825","59.909279533220825","59.909279533220825","59.909279533220825","valid","sr"
"orb_slam3_mono","grandtour","grand_tour__group6","2024-11-15-16-41-14","run3","8.55078778526516","8.55078778526516","8.55078778526516","8.55078778526516","valid","sr"
"orb_slam3_mono","grandtour","grand_tour__group6","2024-11-18-12-05-01","run1","24.93186928808084","24.93186928808084","24.93186928808084","24.93186928808084","valid","sr"
"orb_slam3_mono","grandtour","grand_tour__group6","2024-11-18-12-05-01","run2","16.649440836398774","16.649440836398774","16.649440836398774","16.649440836398774","valid","sr"
"orb_slam3_mono","grandtour","grand_tour__group6","2024-11-18-12-05-01","run3","18.711602246946818","18.711602246946818","18.711602246946818","18.711602246946818","valid","sr"
"orb_slam3_mono","grandtour","grand_tour__group6","2024-11-18-15-46-05","run1","27.377779523266106","27.377779523266106","27.377779523266106","27.377779523266106","valid","sr"
"orb_slam3_mono","grandtour","grand_tour__group6","2024-11-18-15-46-05","run2","26.133306413660673","26.133306413660673","26.133306413660673","26.133306413660673","valid","sr"
"orb_slam3_mono","grandtour","grand_tour__group6","2024-11-18-15-46-05","run3","26.834271991692347","26.834271991692347","26.834271991692347","26.834271991692347","valid","sr"
"orb_slam3_mono","grandtour","grand_tour__group6","2024-11-18-16-59-23","run1",,"","0","0.0","missing","sr"
"orb_slam3_mono","grandtour","grand_tour__group6","2024-11-18-16-59-23","run2",,"","0","0.0","missing","sr"
"orb_slam3_mono","grandtour","grand_tour__group6","2024-11-18-16-59-23","run3",,"","0","0.0","missing","sr"
"orb_slam3_stereo","grandtour","grand_tour__group6","2024-11-15-14-43-52","run1","96.61094272059209","96.61094272059209","96.61094272059209","96.61094272059209","valid","sr"
"orb_slam3_stereo","grandtour","grand_tour__group6","2024-11-15-14-43-52","run2","27.092517494791863","27.092517494791863","27.092517494791863","27.092517494791863","valid","sr"
"orb_slam3_stereo","grandtour","grand_tour__group6","2024-11-15-14-43-52","run3","79.99792388811962","79.99792388811962","79.99792388811962","79.99792388811962","valid","sr"
"orb_slam3_stereo","grandtour","grand_tour__group6","2024-11-15-16-41-14","run1","62.24652599016084","62.24652599016084","62.24652599016084","62.24652599016084","valid","sr"
"orb_slam3_stereo","grandtour","grand_tour__group6","2024-11-15-16-41-14","run2","41.153958958261725","41.153958958261725","41.153958958261725","41.153958958261725","valid","sr"
"orb_slam3_stereo","grandtour","grand_tour__group6","2024-11-15-16-41-14","run3","42.203816907364875","42.203816907364875","42.203816907364875","42.203816907364875","valid","sr"
"orb_slam3_stereo","grandtour","grand_tour__group6","2024-11-18-12-05-01","run1","4.091067780177322","4.091067780177322","4.091067780177322","4.091067780177322","valid","sr"
"orb_slam3_stereo","grandtour","grand_tour__group6","2024-11-18-12-05-01","run2","4.171095933816149","4.171095933816149","4.171095933816149","4.171095933816149","valid","sr"
"orb_slam3_stereo","grandtour","grand_tour__group6","2024-11-18-12-05-01","run3","17.193683786642886","17.193683786642886","17.193683786642886","17.193683786642886","valid","sr"
"orb_slam3_stereo","grandtour","grand_tour__group6","2024-11-18-15-46-05","run1","25.410545288825322","25.410545288825322","25.410545288825322","25.410545288825322","valid","sr"
"orb_slam3_stereo","grandtour","grand_tour__group6","2024-11-18-15-46-05","run2","24.865899135161772","24.865899135161772","24.865899135161772","24.865899135161772","valid","sr"
"orb_slam3_stereo","grandtour","grand_tour__group6","2024-11-18-15-46-05","run3","26.929106713059635","26.929106713059635","26.929106713059635","26.929106713059635","valid","sr"
"orb_slam3_stereo","grandtour","grand_tour__group6","2024-11-18-16-59-23","run1","9.925790063613329","9.925790063613329","9.925790063613329","9.925790063613329","valid","sr"
"orb_slam3_stereo","grandtour","grand_tour__group6","2024-11-18-16-59-23","run2","4.504307801169599","4.504307801169599","4.504307801169599","4.504307801169599","valid","sr"
"orb_slam3_stereo","grandtour","grand_tour__group6","2024-11-18-16-59-23","run3","9.908311748286321","9.908311748286321","9.908311748286321","9.908311748286321","valid","sr"
"rovio","grandtour","grand_tour__group6","2024-11-15-14-43-52","run1","99.18971878596817","99.18971878596817","99.18971878596817","99.18971878596817","valid","sr"
"rovio","grandtour","grand_tour__group6","2024-11-15-14-43-52","run2","99.18971878596817","99.18971878596817","99.18971878596817","99.18971878596817","valid","sr"
"rovio","grandtour","grand_tour__group6","2024-11-15-14-43-52","run3","99.18971878596817","99.18971878596817","99.18971878596817","99.18971878596817","valid","sr"
"rovio","grandtour","grand_tour__group6","2024-11-15-16-41-14","run1","98.12176875355642","98.12176875355642","98.12176875355642","98.12176875355642","valid","sr"
"rovio","grandtour","grand_tour__group6","2024-11-15-16-41-14","run2","98.12176875355642","98.12176875355642","98.12176875355642","98.12176875355642","valid","sr"
"rovio","grandtour","grand_tour__group6","2024-11-15-16-41-14","run3","98.12176875355642","98.12176875355642","98.12176875355642","98.12176875355642","valid","sr"
"rovio","grandtour","grand_tour__group6","2024-11-18-12-05-01","run1","96.49019558963961","96.49019558963961","96.49019558963961","96.49019558963961","valid","sr"
"rovio","grandtour","grand_tour__group6","2024-11-18-12-05-01","run2","96.49019558963961","96.49019558963961","96.49019558963961","96.49019558963961","valid","sr"
"rovio","grandtour","grand_tour__group6","2024-11-18-12-05-01","run3","96.49019558963961","96.49019558963961","96.49019558963961","96.49019558963961","valid","sr"
"rovio","grandtour","grand_tour__group6","2024-11-18-15-46-05","run1","99.0213479378028","99.0213479378028","99.0213479378028","99.0213479378028","valid","sr"
"rovio","grandtour","grand_tour__group6","2024-11-18-15-46-05","run2","98.5840712858157","98.5840712858157","98.5840712858157","98.5840712858157","valid","sr"
"rovio","grandtour","grand_tour__group6","2024-11-18-15-46-05","run3","98.5840712858157","98.5840712858157","98.5840712858157","98.5840712858157","valid","sr"
"rovio","grandtour","grand_tour__group6","2024-11-18-16-59-23","run1","99.47642649627745","99.47642649627745","99.47642649627745","99.47642649627745","valid","sr"
"rovio","grandtour","grand_tour__group6","2024-11-18-16-59-23","run2","99.47642649627745","99.47642649627745","99.47642649627745","99.47642649627745","valid","sr"
"rovio","grandtour","grand_tour__group6","2024-11-18-16-59-23","run3","99.47642649627745","99.47642649627745","99.47642649627745","99.47642649627745","valid","sr"
"sqrtvins_mono","grandtour","grand_tour__group6","2024-11-15-14-43-52","run1","99.72599978858544","99.72599978858544","99.72599978858544","99.72599978858544","valid","sr"
"sqrtvins_mono","grandtour","grand_tour__group6","2024-11-15-14-43-52","run2","99.72599978858544","99.72599978858544","99.72599978858544","99.72599978858544","valid","sr"
"sqrtvins_mono","grandtour","grand_tour__group6","2024-11-15-14-43-52","run3","99.72599978858544","99.72599978858544","99.72599978858544","99.72599978858544","valid","sr"
"sqrtvins_mono","grandtour","grand_tour__group6","2024-11-15-16-41-14","run1","95.82857486470932","95.82857486470932","95.82857486470932","95.82857486470932","valid","sr"
"sqrtvins_mono","grandtour","grand_tour__group6","2024-11-15-16-41-14","run2","95.82857486470932","95.82857486470932","95.82857486470932","95.82857486470932","valid","sr"
"sqrtvins_mono","grandtour","grand_tour__group6","2024-11-15-16-41-14","run3","95.82857486470932","95.82857486470932","95.82857486470932","95.82857486470932","valid","sr"
"sqrtvins_mono","grandtour","grand_tour__group6","2024-11-18-12-05-01","run1","98.50582143918261","98.50582143918261","98.50582143918261","98.50582143918261","valid","sr"
"sqrtvins_mono","grandtour","grand_tour__group6","2024-11-18-12-05-01","run2","98.50582143918261","98.50582143918261","98.50582143918261","98.50582143918261","valid","sr"
"sqrtvins_mono","grandtour","grand_tour__group6","2024-11-18-12-05-01","run3","98.50582143918261","98.50582143918261","98.50582143918261","98.50582143918261","valid","sr"
"sqrtvins_mono","grandtour","grand_tour__group6","2024-11-18-15-46-05","run1","99.91302513083679","99.91302513083679","99.91302513083679","99.91302513083679","valid","sr"
"sqrtvins_mono","grandtour","grand_tour__group6","2024-11-18-15-46-05","run2","99.91302513083679","99.91302513083679","99.91302513083679","99.91302513083679","valid","sr"
"sqrtvins_mono","grandtour","grand_tour__group6","2024-11-18-15-46-05","run3","99.91302513083679","99.91302513083679","99.91302513083679","99.91302513083679","valid","sr"
"sqrtvins_mono","grandtour","grand_tour__group6","2024-11-18-16-59-23","run1","99.76637316642744","99.76637316642744","99.76637316642744","99.76637316642744","valid","sr"
"sqrtvins_mono","grandtour","grand_tour__group6","2024-11-18-16-59-23","run2","99.76637316642744","99.76637316642744","99.76637316642744","99.76637316642744","valid","sr"
"sqrtvins_mono","grandtour","grand_tour__group6","2024-11-18-16-59-23","run3","99.76637316642744","99.76637316642744","99.76637316642744","99.76637316642744","valid","sr"
"sqrtvins_stereo","grandtour","grand_tour__group6","2024-11-15-14-43-52","run1","99.76768049538522","99.76768049538522","99.76768049538522","99.76768049538522","valid","sr"
"sqrtvins_stereo","grandtour","grand_tour__group6","2024-11-15-14-43-52","run2","99.76768049538522","99.76768049538522","99.76768049538522","99.76768049538522","valid","sr"
"sqrtvins_stereo","grandtour","grand_tour__group6","2024-11-15-14-43-52","run3","99.76768049538522","99.76768049538522","99.76768049538522","99.76768049538522","valid","sr"
"sqrtvins_stereo","grandtour","grand_tour__group6","2024-11-15-16-41-14","run1","96.15261370448263","96.15261370448263","96.15261370448263","96.15261370448263","valid","sr"
"sqrtvins_stereo","grandtour","grand_tour__group6","2024-11-15-16-41-14","run2","96.15261370448263","96.15261370448263","96.15261370448263","96.15261370448263","valid","sr"
"sqrtvins_stereo","grandtour","grand_tour__group6","2024-11-15-16-41-14","run3","96.15261370448263","96.15261370448263","96.15261370448263","96.15261370448263","valid","sr"
"sqrtvins_stereo","grandtour","grand_tour__group6","2024-11-18-12-05-01","run1","99.71499215598068","99.71499215598068","99.71499215598068","99.71499215598068","valid","sr"
"sqrtvins_stereo","grandtour","grand_tour__group6","2024-11-18-12-05-01","run2","99.71499215598068","99.71499215598068","99.71499215598068","99.71499215598068","valid","sr"
"sqrtvins_stereo","grandtour","grand_tour__group6","2024-11-18-12-05-01","run3","99.71499215598068","99.71499215598068","99.71499215598068","99.71499215598068","valid","sr"
"sqrtvins_stereo","grandtour","grand_tour__group6","2024-11-18-15-46-05","run1","99.91302513083679","99.91302513083679","99.91302513083679","99.91302513083679","valid","sr"
"sqrtvins_stereo","grandtour","grand_tour__group6","2024-11-18-15-46-05","run2","99.91302513083679","99.91302513083679","99.91302513083679","99.91302513083679","valid","sr"
"sqrtvins_stereo","grandtour","grand_tour__group6","2024-11-18-15-46-05","run3","99.91302513083679","99.91302513083679","99.91302513083679","99.91302513083679","valid","sr"
"sqrtvins_stereo","grandtour","grand_tour__group6","2024-11-18-16-59-23","run1","99.76510095876772","99.76510095876772","99.76510095876772","99.76510095876772","valid","sr"
"sqrtvins_stereo","grandtour","grand_tour__group6","2024-11-18-16-59-23","run2","99.76510095876772","99.76510095876772","99.76510095876772","99.76510095876772","valid","sr"
"sqrtvins_stereo","grandtour","grand_tour__group6","2024-11-18-16-59-23","run3","99.76510095876772","99.76510095876772","99.76510095876772","99.76510095876772","valid","sr"
"svo_mono","grandtour","grand_tour__group6","2024-11-15-14-43-52","run1","99.06280729763273","99.06280729763273","99.06280729763273","99.06280729763273","valid","sr"
"svo_mono","grandtour","grand_tour__group6","2024-11-15-14-43-52","run2","99.3263414961937","99.3263414961937","99.3263414961937","99.3263414961937","valid","sr"
"svo_mono","grandtour","grand_tour__group6","2024-11-15-14-43-52","run3","99.37713622969164","99.37713622969164","99.37713622969164","99.37713622969164","valid","sr"
"svo_mono","grandtour","grand_tour__group6","2024-11-15-16-41-14","run1","95.38710043724629","95.38710043724629","95.38710043724629","95.38710043724629","valid","sr"
"svo_mono","grandtour","grand_tour__group6","2024-11-15-16-41-14","run2","97.58188084501023","97.58188084501023","97.58188084501023","97.58188084501023","valid","sr"
"svo_mono","grandtour","grand_tour__group6","2024-11-15-16-41-14","run3","96.52606719755774","96.52606719755774","96.52606719755774","96.52606719755774","valid","sr"
"svo_mono","grandtour","grand_tour__group6","2024-11-18-12-05-01","run1","0","0.0","0","0.0","valid","sr"
"svo_mono","grandtour","grand_tour__group6","2024-11-18-12-05-01","run2","0","0.0","0","0.0","valid","sr"
"svo_mono","grandtour","grand_tour__group6","2024-11-18-12-05-01","run3","0","0.0","0","0.0","valid","sr"
"svo_mono","grandtour","grand_tour__group6","2024-11-18-15-46-05","run1","96.87879609319013","96.87879609319013","96.87879609319013","96.87879609319013","valid","sr"
"svo_mono","grandtour","grand_tour__group6","2024-11-18-15-46-05","run2","97.98795840636606","97.98795840636606","97.98795840636606","97.98795840636606","valid","sr"
"svo_mono","grandtour","grand_tour__group6","2024-11-18-15-46-05","run3","61.36555394598493","61.36555394598493","61.36555394598493","61.36555394598493","valid","sr"
"svo_mono","grandtour","grand_tour__group6","2024-11-18-16-59-23","run1","0.02655013418711362","0.02655013418711362","0.02655013418711362","0.02655013418711362","valid","sr"
"svo_mono","grandtour","grand_tour__group6","2024-11-18-16-59-23","run2","0","0.0","0","0.0","valid","sr"
"svo_mono","grandtour","grand_tour__group6","2024-11-18-16-59-23","run3","0","0.0","0","0.0","valid","sr"
"svo_stereo","grandtour","grand_tour__group6","2024-11-15-14-43-52","run1","99.54469861910799","99.54469861910799","99.54469861910799","99.54469861910799","valid","sr"
"svo_stereo","grandtour","grand_tour__group6","2024-11-15-14-43-52","run2","99.57828975016889","99.57828975016889","99.57828975016889","99.57828975016889","valid","sr"
"svo_stereo","grandtour","grand_tour__group6","2024-11-15-14-43-52","run3","99.89755704155817","99.89755704155817","99.89755704155817","99.89755704155817","valid","sr"
"svo_stereo","grandtour","grand_tour__group6","2024-11-15-16-41-14","run1","90.47730537863828","90.47730537863828","90.47730537863828","90.47730537863828","valid","sr"
"svo_stereo","grandtour","grand_tour__group6","2024-11-15-16-41-14","run2","92.47415401568072","92.47415401568072","92.47415401568072","92.47415401568072","valid","sr"
"svo_stereo","grandtour","grand_tour__group6","2024-11-15-16-41-14","run3","91.94828015920329","91.94828015920329","91.94828015920329","91.94828015920329","valid","sr"
"svo_stereo","grandtour","grand_tour__group6","2024-11-18-12-05-01","run1","89.13491797172472","89.13491797172472","89.13491797172472","89.13491797172472","valid","sr"
"svo_stereo","grandtour","grand_tour__group6","2024-11-18-12-05-01","run2","88.04334300451447","88.04334300451447","88.04334300451447","88.04334300451447","valid","sr"
"svo_stereo","grandtour","grand_tour__group6","2024-11-18-12-05-01","run3","92.88540143968298","92.88540143968298","92.88540143968298","92.88540143968298","valid","sr"
"svo_stereo","grandtour","grand_tour__group6","2024-11-18-15-46-05","run1","93.85772570571386","93.85772570571386","93.85772570571386","93.85772570571386","valid","sr"
"svo_stereo","grandtour","grand_tour__group6","2024-11-18-15-46-05","run2","94.962880140004","94.962880140004","94.962880140004","94.962880140004","valid","sr"
"svo_stereo","grandtour","grand_tour__group6","2024-11-18-15-46-05","run3","92.8609068014181","92.8609068014181","92.8609068014181","92.8609068014181","valid","sr"
"svo_stereo","grandtour","grand_tour__group6","2024-11-18-16-59-23","run1","93.4294869707375","93.4294869707375","93.4294869707375","93.4294869707375","valid","sr"
"svo_stereo","grandtour","grand_tour__group6","2024-11-18-16-59-23","run2","92.57089344285396","92.57089344285396","92.57089344285396","92.57089344285396","valid","sr"
"svo_stereo","grandtour","grand_tour__group6","2024-11-18-16-59-23","run3","94.54261796646963","94.54261796646963","94.54261796646963","94.54261796646963","valid","sr"
"vins-fusion_monoimu","grandtour","grand_tour__group6","2024-11-15-14-43-52","run1","94.82120307450296","94.82120307450296","94.82120307450296","94.82120307450296","valid","sr"
"vins-fusion_monoimu","grandtour","grand_tour__group6","2024-11-15-14-43-52","run2","94.51469803007605","94.51469803007605","94.51469803007605","94.51469803007605","valid","sr"
"vins-fusion_monoimu","grandtour","grand_tour__group6","2024-11-15-14-43-52","run3","94.51469803007605","94.51469803007605","94.51469803007605","94.51469803007605","valid","sr"
"vins-fusion_monoimu","grandtour","grand_tour__group6","2024-11-15-16-41-14","run1","66.34001211121895","66.34001211121895","66.34001211121895","66.34001211121895","valid","sr"
"vins-fusion_monoimu","grandtour","grand_tour__group6","2024-11-15-16-41-14","run2","61.133617135879405","61.133617135879405","61.133617135879405","61.133617135879405","valid","sr"
"vins-fusion_monoimu","grandtour","grand_tour__group6","2024-11-15-16-41-14","run3","61.10278716851043","61.10278716851043","61.10278716851043","61.10278716851043","valid","sr"
"vins-fusion_monoimu","grandtour","grand_tour__group6","2024-11-18-12-05-01","run1","30.841658674598264","30.841658674598264","30.841658674598264","30.841658674598264","valid","sr"
"vins-fusion_monoimu","grandtour","grand_tour__group6","2024-11-18-12-05-01","run2","27.393344274253128","27.393344274253128","27.393344274253128","27.393344274253128","valid","sr"
"vins-fusion_monoimu","grandtour","grand_tour__group6","2024-11-18-12-05-01","run3","30.841658674598264","30.841658674598264","30.841658674598264","30.841658674598264","valid","sr"
"vins-fusion_monoimu","grandtour","grand_tour__group6","2024-11-18-15-46-05","run1","97.02642346135258","97.02642346135258","97.02642346135258","97.02642346135258","valid","sr"
"vins-fusion_monoimu","grandtour","grand_tour__group6","2024-11-18-15-46-05","run2","97.02559278008619","97.02559278008619","97.02559278008619","97.02559278008619","valid","sr"
"vins-fusion_monoimu","grandtour","grand_tour__group6","2024-11-18-15-46-05","run3","97.02559278008619","97.02559278008619","97.02559278008619","97.02559278008619","valid","sr"
"vins-fusion_monoimu","grandtour","grand_tour__group6","2024-11-18-16-59-23","run1","98.07033631055641","98.07033631055641","98.07033631055641","98.07033631055641","valid","sr"
"vins-fusion_monoimu","grandtour","grand_tour__group6","2024-11-18-16-59-23","run2","98.07033631055641","98.07033631055641","98.07033631055641","98.07033631055641","valid","sr"
"vins-fusion_monoimu","grandtour","grand_tour__group6","2024-11-18-16-59-23","run3","97.60656580857354","97.60656580857354","97.60656580857354","97.60656580857354","valid","sr"
"vins-fusion_stereoimu","grandtour","grand_tour__group6","2024-11-15-14-43-52","run1","95.16879707419112","95.16879707419112","95.16879707419112","95.16879707419112","valid","sr"
"vins-fusion_stereoimu","grandtour","grand_tour__group6","2024-11-15-14-43-52","run2","95.32031407786312","95.32031407786312","95.32031407786312","95.32031407786312","valid","sr"
"vins-fusion_stereoimu","grandtour","grand_tour__group6","2024-11-15-14-43-52","run3","95.16879707419112","95.16879707419112","95.16879707419112","95.16879707419112","valid","sr"
"vins-fusion_stereoimu","grandtour","grand_tour__group6","2024-11-15-16-41-14","run1","94.42082669565852","94.42082669565852","94.42082669565852","94.42082669565852","valid","sr"
"vins-fusion_stereoimu","grandtour","grand_tour__group6","2024-11-15-16-41-14","run2","93.84440125732854","93.84440125732854","93.84440125732854","93.84440125732854","valid","sr"
"vins-fusion_stereoimu","grandtour","grand_tour__group6","2024-11-15-16-41-14","run3","94.42082669565852","94.42082669565852","94.42082669565852","94.42082669565852","valid","sr"
"vins-fusion_stereoimu","grandtour","grand_tour__group6","2024-11-18-12-05-01","run1","47.02161144642889","47.02161144642889","47.02161144642889","47.02161144642889","valid","sr"
"vins-fusion_stereoimu","grandtour","grand_tour__group6","2024-11-18-12-05-01","run2","47.02161144642889","47.02161144642889","47.02161144642889","47.02161144642889","valid","sr"
"vins-fusion_stereoimu","grandtour","grand_tour__group6","2024-11-18-12-05-01","run3","47.02161144642889","47.02161144642889","47.02161144642889","47.02161144642889","valid","sr"
"vins-fusion_stereoimu","grandtour","grand_tour__group6","2024-11-18-15-46-05","run1","68.5786972000077","68.5786972000077","68.5786972000077","68.5786972000077","valid","sr"
"vins-fusion_stereoimu","grandtour","grand_tour__group6","2024-11-18-15-46-05","run2","68.5786972000077","68.5786972000077","68.5786972000077","68.5786972000077","valid","sr"
"vins-fusion_stereoimu","grandtour","grand_tour__group6","2024-11-18-15-46-05","run3","57.45231926697932","57.45231926697932","57.45231926697932","57.45231926697932","valid","sr"
"vins-fusion_stereoimu","grandtour","grand_tour__group6","2024-11-18-16-59-23","run1","98.07862402379382","98.07862402379382","98.07862402379382","98.07862402379382","valid","sr"
"vins-fusion_stereoimu","grandtour","grand_tour__group6","2024-11-18-16-59-23","run2","98.07862402379382","98.07862402379382","98.07862402379382","98.07862402379382","valid","sr"
"vins-fusion_stereoimu","grandtour","grand_tour__group6","2024-11-18-16-59-23","run3","98.08220056436568","98.08220056436568","98.08220056436568","98.08220056436568","valid","sr"
"airslam","grandtour","grand_tour__group7","2024-11-25-14-57-08","run1","95.71506382532831","95.71506382532831","95.71506382532831","95.71506382532831","valid","sr"
"airslam","grandtour","grand_tour__group7","2024-11-25-14-57-08","run2","93.09689347545653","93.09689347545653","93.09689347545653","93.09689347545653","valid","sr"
"airslam","grandtour","grand_tour__group7","2024-11-25-14-57-08","run3","86.91331594708338","86.91331594708338","86.91331594708338","86.91331594708338","valid","sr"
"airslam","grandtour","grand_tour__group7","2024-11-25-16-36-19","run1","96.5382810976505","96.5382810976505","96.5382810976505","96.5382810976505","valid","sr"
"airslam","grandtour","grand_tour__group7","2024-11-25-16-36-19","run2","96.5381033607769","96.5381033607769","96.5381033607769","96.5381033607769","valid","sr"
"airslam","grandtour","grand_tour__group7","2024-11-25-16-36-19","run3","96.5381033607769","96.5381033607769","96.5381033607769","96.5381033607769","valid","sr"
"airslam","grandtour","grand_tour__group7","2024-12-03-13-15-38","run1","97.99246984758419","97.99246984758419","97.99246984758419","97.99246984758419","valid","sr"
"airslam","grandtour","grand_tour__group7","2024-12-03-13-15-38","run2","97.99246984758419","97.99246984758419","97.99246984758419","97.99246984758419","valid","sr"
"airslam","grandtour","grand_tour__group7","2024-12-03-13-15-38","run3","97.99246984758419","97.99246984758419","97.99246984758419","97.99246984758419","valid","sr"
"airslam","grandtour","grand_tour__group7","2024-12-03-13-26-40","run1","95.70477499536948","95.70477499536948","95.70477499536948","95.70477499536948","valid","sr"
"airslam","grandtour","grand_tour__group7","2024-12-03-13-26-40","run2","95.70265849613632","95.70265849613632","95.70265849613632","95.70265849613632","valid","sr"
"airslam","grandtour","grand_tour__group7","2024-12-03-13-26-40","run3","95.70477499536948","95.70477499536948","95.70477499536948","95.70477499536948","valid","sr"
"basalt_stereo","grandtour","grand_tour__group7","2024-11-25-14-57-08","run1",,"","0","0.0","missing","sr"
"basalt_stereo","grandtour","grand_tour__group7","2024-11-25-14-57-08","run2",,"","0","0.0","missing","sr"
"basalt_stereo","grandtour","grand_tour__group7","2024-11-25-14-57-08","run3",,"","0","0.0","missing","sr"
"basalt_stereo","grandtour","grand_tour__group7","2024-11-25-16-36-19","run1","98.60929664526323","98.60929664526323","98.60929664526323","98.60929664526323","valid","sr"
"basalt_stereo","grandtour","grand_tour__group7","2024-11-25-16-36-19","run2","98.60929664526323","98.60929664526323","98.60929664526323","98.60929664526323","valid","sr"
"basalt_stereo","grandtour","grand_tour__group7","2024-11-25-16-36-19","run3","98.60929664526323","98.60929664526323","98.60929664526323","98.60929664526323","valid","sr"
"basalt_stereo","grandtour","grand_tour__group7","2024-12-03-13-15-38","run1","98.9793638853205","98.9793638853205","98.9793638853205","98.9793638853205","valid","sr"
"basalt_stereo","grandtour","grand_tour__group7","2024-12-03-13-15-38","run2","98.9793638853205","98.9793638853205","98.9793638853205","98.9793638853205","valid","sr"
"basalt_stereo","grandtour","grand_tour__group7","2024-12-03-13-15-38","run3","98.9793638853205","98.9793638853205","98.9793638853205","98.9793638853205","valid","sr"
"basalt_stereo","grandtour","grand_tour__group7","2024-12-03-13-26-40","run1","59.23528339107938","59.23528339107938","59.23528339107938","59.23528339107938","valid","sr"
"basalt_stereo","grandtour","grand_tour__group7","2024-12-03-13-26-40","run2","60.9431943185021","60.9431943185021","60.9431943185021","60.9431943185021","valid","sr"
"basalt_stereo","grandtour","grand_tour__group7","2024-12-03-13-26-40","run3","60.96002410713638","60.96002410713638","60.96002410713638","60.96002410713638","valid","sr"
"dm_vio","grandtour","grand_tour__group7","2024-11-25-14-57-08","run1","70.85654685598718","70.85654685598718","70.85654685598718","70.85654685598718","valid","sr"
"dm_vio","grandtour","grand_tour__group7","2024-11-25-14-57-08","run2","0.017305961051590105","0.017305961051590105","0.017305961051590105","0.017305961051590105","valid","sr"
"dm_vio","grandtour","grand_tour__group7","2024-11-25-14-57-08","run3",,"","0","0.0","missing","sr"
"dm_vio","grandtour","grand_tour__group7","2024-11-25-16-36-19","run1","42.543090988284135","42.543090988284135","42.543090988284135","42.543090988284135","valid","sr"
"dm_vio","grandtour","grand_tour__group7","2024-11-25-16-36-19","run2","41.778218230092634","41.778218230092634","41.778218230092634","41.778218230092634","valid","sr"
"dm_vio","grandtour","grand_tour__group7","2024-11-25-16-36-19","run3","53.08846356637208","53.08846356637208","53.08846356637208","53.08846356637208","valid","sr"
"dm_vio","grandtour","grand_tour__group7","2024-12-03-13-15-38","run1","68.60989657336147","68.60989657336147","68.60989657336147","68.60989657336147","valid","sr"
"dm_vio","grandtour","grand_tour__group7","2024-12-03-13-15-38","run2","77.70086096037869","77.70086096037869","77.70086096037869","77.70086096037869","valid","sr"
"dm_vio","grandtour","grand_tour__group7","2024-12-03-13-15-38","run3","18.41520946875839","18.41520946875839","18.41520946875839","18.41520946875839","valid","sr"
"dm_vio","grandtour","grand_tour__group7","2024-12-03-13-26-40","run1","89.56792858005069","89.56792858005069","89.56792858005069","89.56792858005069","valid","sr"
"dm_vio","grandtour","grand_tour__group7","2024-12-03-13-26-40","run2","51.43932676498416","51.43932676498416","51.43932676498416","51.43932676498416","valid","sr"
"dm_vio","grandtour","grand_tour__group7","2024-12-03-13-26-40","run3","46.92091873398921","46.92091873398921","46.92091873398921","46.92091873398921","valid","sr"
"kimera_vio_mono","grandtour","grand_tour__group7","2024-11-25-14-57-08","run1","97.07743378209656","97.07743378209656","97.07743378209656","97.07743378209656","valid","sr"
"kimera_vio_mono","grandtour","grand_tour__group7","2024-11-25-14-57-08","run2","97.07743378209656","97.07743378209656","97.07743378209656","97.07743378209656","valid","sr"
"kimera_vio_mono","grandtour","grand_tour__group7","2024-11-25-14-57-08","run3","97.07743378209656","97.07743378209656","97.07743378209656","97.07743378209656","valid","sr"
"kimera_vio_mono","grandtour","grand_tour__group7","2024-11-25-16-36-19","run1","74.98374985376886","74.98374985376886","74.98374985376886","74.98374985376886","valid","sr"
"kimera_vio_mono","grandtour","grand_tour__group7","2024-11-25-16-36-19","run2","74.98374985376886","74.98374985376886","74.98374985376886","74.98374985376886","valid","sr"
"kimera_vio_mono","grandtour","grand_tour__group7","2024-11-25-16-36-19","run3","74.98374985376886","74.98374985376886","74.98374985376886","74.98374985376886","valid","sr"
"kimera_vio_mono","grandtour","grand_tour__group7","2024-12-03-13-15-38","run1","98.22932825444603","98.22932825444603","98.22932825444603","98.22932825444603","valid","sr"
"kimera_vio_mono","grandtour","grand_tour__group7","2024-12-03-13-15-38","run2","98.22932825444603","98.22932825444603","98.22932825444603","98.22932825444603","valid","sr"
"kimera_vio_mono","grandtour","grand_tour__group7","2024-12-03-13-15-38","run3","98.22932825444603","98.22932825444603","98.22932825444603","98.22932825444603","valid","sr"
"kimera_vio_mono","grandtour","grand_tour__group7","2024-12-03-13-26-40","run1","96.42448511242732","96.42448511242732","96.42448511242732","96.42448511242732","valid","sr"
"kimera_vio_mono","grandtour","grand_tour__group7","2024-12-03-13-26-40","run2","96.42448511242732","96.42448511242732","96.42448511242732","96.42448511242732","valid","sr"
"kimera_vio_mono","grandtour","grand_tour__group7","2024-12-03-13-26-40","run3","96.42448511242732","96.42448511242732","96.42448511242732","96.42448511242732","valid","sr"
"kimera_vio_stereo","grandtour","grand_tour__group7","2024-11-25-14-57-08","run1","75.23633247132796","75.23633247132796","75.23633247132796","75.23633247132796","valid","sr"
"kimera_vio_stereo","grandtour","grand_tour__group7","2024-11-25-14-57-08","run2","75.23633247132796","75.23633247132796","75.23633247132796","75.23633247132796","valid","sr"
"kimera_vio_stereo","grandtour","grand_tour__group7","2024-11-25-14-57-08","run3","75.23633247132796","75.23633247132796","75.23633247132796","75.23633247132796","valid","sr"
"kimera_vio_stereo","grandtour","grand_tour__group7","2024-11-25-16-36-19","run1","96.78285197405167","96.78285197405167","96.78285197405167","96.78285197405167","valid","sr"
"kimera_vio_stereo","grandtour","grand_tour__group7","2024-11-25-16-36-19","run2","96.78285197405167","96.78285197405167","96.78285197405167","96.78285197405167","valid","sr"
"kimera_vio_stereo","grandtour","grand_tour__group7","2024-11-25-16-36-19","run3","96.78285197405167","96.78285197405167","96.78285197405167","96.78285197405167","valid","sr"
"kimera_vio_stereo","grandtour","grand_tour__group7","2024-12-03-13-15-38","run1","28.88898641538441","28.88898641538441","28.88898641538441","28.88898641538441","valid","sr"
"kimera_vio_stereo","grandtour","grand_tour__group7","2024-12-03-13-15-38","run2","28.88898641538441","28.88898641538441","28.88898641538441","28.88898641538441","valid","sr"
"kimera_vio_stereo","grandtour","grand_tour__group7","2024-12-03-13-15-38","run3","28.88898641538441","28.88898641538441","28.88898641538441","28.88898641538441","valid","sr"
"kimera_vio_stereo","grandtour","grand_tour__group7","2024-12-03-13-26-40","run1","96.1476162296912","96.1476162296912","96.1476162296912","96.1476162296912","valid","sr"
"kimera_vio_stereo","grandtour","grand_tour__group7","2024-12-03-13-26-40","run2","96.25028449034933","96.25028449034933","96.25028449034933","96.25028449034933","valid","sr"
"kimera_vio_stereo","grandtour","grand_tour__group7","2024-12-03-13-26-40","run3","96.25028449034933","96.25028449034933","96.25028449034933","96.25028449034933","valid","sr"
"okvis2x_mono","grandtour","grand_tour__group7","2024-11-25-14-57-08","run1","97.6091681260785","97.6091681260785","97.6091681260785","97.6091681260785","valid","sr"
"okvis2x_mono","grandtour","grand_tour__group7","2024-11-25-14-57-08","run2","97.38643609942595","97.38643609942595","97.38643609942595","97.38643609942595","valid","sr"
"okvis2x_mono","grandtour","grand_tour__group7","2024-11-25-14-57-08","run3","96.33132862672052","96.33132862672052","96.33132862672052","96.33132862672052","valid","sr"
"okvis2x_mono","grandtour","grand_tour__group7","2024-11-25-16-36-19","run1","92.37707711645986","92.37707711645986","92.37707711645986","92.37707711645986","valid","sr"
"okvis2x_mono","grandtour","grand_tour__group7","2024-11-25-16-36-19","run2","95.7533359042878","95.7533359042878","95.7533359042878","95.7533359042878","valid","sr"
"okvis2x_mono","grandtour","grand_tour__group7","2024-11-25-16-36-19","run3","38.38543933226076","38.38543933226076","38.38543933226076","38.38543933226076","valid","sr"
"okvis2x_mono","grandtour","grand_tour__group7","2024-12-03-13-15-38","run1","92.68620821250646","92.68620821250646","92.68620821250646","92.68620821250646","valid","sr"
"okvis2x_mono","grandtour","grand_tour__group7","2024-12-03-13-15-38","run2","95.43932471556185","95.43932471556185","95.43932471556185","95.43932471556185","valid","sr"
"okvis2x_mono","grandtour","grand_tour__group7","2024-12-03-13-15-38","run3","93.71540690824625","93.71540690824625","93.71540690824625","93.71540690824625","valid","sr"
"okvis2x_mono","grandtour","grand_tour__group7","2024-12-03-13-26-40","run1","92.21003762483073","92.21003762483073","92.21003762483073","92.21003762483073","valid","sr"
"okvis2x_mono","grandtour","grand_tour__group7","2024-12-03-13-26-40","run2","90.27747637879634","90.27747637879634","90.27747637879634","90.27747637879634","valid","sr"
"okvis2x_mono","grandtour","grand_tour__group7","2024-12-03-13-26-40","run3","89.99861093006623","89.99861093006623","89.99861093006623","89.99861093006623","valid","sr"
"okvis2x_stereo","grandtour","grand_tour__group7","2024-11-25-14-57-08","run1","99.98411862149035","99.98411862149035","99.98411862149035","99.98411862149035","valid","sr"
"okvis2x_stereo","grandtour","grand_tour__group7","2024-11-25-14-57-08","run2","99.98411862149035","99.98411862149035","99.98411862149035","99.98411862149035","valid","sr"
"okvis2x_stereo","grandtour","grand_tour__group7","2024-11-25-14-57-08","run3","99.98411862149035","99.98411862149035","99.98411862149035","99.98411862149035","valid","sr"
"okvis2x_stereo","grandtour","grand_tour__group7","2024-11-25-16-36-19","run1","99.90734449817286","99.90734449817286","99.90734449817286","99.90734449817286","valid","sr"
"okvis2x_stereo","grandtour","grand_tour__group7","2024-11-25-16-36-19","run2","99.90734449817286","99.90734449817286","99.90734449817286","99.90734449817286","valid","sr"
"okvis2x_stereo","grandtour","grand_tour__group7","2024-11-25-16-36-19","run3","99.90734449817286","99.90734449817286","99.90734449817286","99.90734449817286","valid","sr"
"okvis2x_stereo","grandtour","grand_tour__group7","2024-12-03-13-15-38","run1","99.99220952010589","99.99220952010589","99.99220952010589","99.99220952010589","valid","sr"
"okvis2x_stereo","grandtour","grand_tour__group7","2024-12-03-13-15-38","run2","99.99220952010589","99.99220952010589","99.99220952010589","99.99220952010589","valid","sr"
"okvis2x_stereo","grandtour","grand_tour__group7","2024-12-03-13-15-38","run3","99.99220952010589","99.99220952010589","99.99220952010589","99.99220952010589","valid","sr"
"okvis2x_stereo","grandtour","grand_tour__group7","2024-12-03-13-26-40","run1","99.97247189358085","99.97247189358085","99.97247189358085","99.97247189358085","valid","sr"
"okvis2x_stereo","grandtour","grand_tour__group7","2024-12-03-13-26-40","run2","99.97247189358085","99.97247189358085","99.97247189358085","99.97247189358085","valid","sr"
"okvis2x_stereo","grandtour","grand_tour__group7","2024-12-03-13-26-40","run3","99.97247189358085","99.97247189358085","99.97247189358085","99.97247189358085","valid","sr"
"open_vins_mono","grandtour","grand_tour__group7","2024-11-25-14-57-08","run1","99.87162317116507","99.87162317116507","99.87162317116507","99.87162317116507","valid","sr"
"open_vins_mono","grandtour","grand_tour__group7","2024-11-25-14-57-08","run2","99.87072495595626","99.87072495595626","99.87072495595626","99.87072495595626","valid","sr"
"open_vins_mono","grandtour","grand_tour__group7","2024-11-25-14-57-08","run3","99.87162317116507","99.87162317116507","99.87162317116507","99.87162317116507","valid","sr"
"open_vins_mono","grandtour","grand_tour__group7","2024-11-25-16-36-19","run1","99.828257134983","99.828257134983","99.828257134983","99.828257134983","valid","sr"
"open_vins_mono","grandtour","grand_tour__group7","2024-11-25-16-36-19","run2","99.828257134983","99.828257134983","99.828257134983","99.828257134983","valid","sr"
"open_vins_mono","grandtour","grand_tour__group7","2024-11-25-16-36-19","run3","99.828257134983","99.828257134983","99.828257134983","99.828257134983","valid","sr"
"open_vins_mono","grandtour","grand_tour__group7","2024-12-03-13-15-38","run1","99.9522153647501","99.9522153647501","99.9522153647501","99.9522153647501","valid","sr"
"open_vins_mono","grandtour","grand_tour__group7","2024-12-03-13-15-38","run2","99.9522153647501","99.9522153647501","99.9522153647501","99.9522153647501","valid","sr"
"open_vins_mono","grandtour","grand_tour__group7","2024-12-03-13-15-38","run3","99.9522153647501","99.9522153647501","99.9522153647501","99.9522153647501","valid","sr"
"open_vins_mono","grandtour","grand_tour__group7","2024-12-03-13-26-40","run1","98.67300851901953","98.67300851901953","98.67300851901953","98.67300851901953","valid","sr"
"open_vins_mono","grandtour","grand_tour__group7","2024-12-03-13-26-40","run2","98.32148053755705","98.32148053755705","98.32148053755705","98.32148053755705","valid","sr"
"open_vins_mono","grandtour","grand_tour__group7","2024-12-03-13-26-40","run3","98.67300851901953","98.67300851901953","98.67300851901953","98.67300851901953","valid","sr"
"open_vins_stereo","grandtour","grand_tour__group7","2024-11-25-14-57-08","run1","99.87072495595626","99.87072495595626","99.87072495595626","99.87072495595626","valid","sr"
"open_vins_stereo","grandtour","grand_tour__group7","2024-11-25-14-57-08","run2","99.87061640193417","99.87061640193417","99.87061640193417","99.87061640193417","valid","sr"
"open_vins_stereo","grandtour","grand_tour__group7","2024-11-25-14-57-08","run3","99.86651837561651","99.86651837561651","99.86651837561651","99.86651837561651","valid","sr"
"open_vins_stereo","grandtour","grand_tour__group7","2024-11-25-16-36-19","run1","99.83692502840215","99.83692502840215","99.83692502840215","99.83692502840215","valid","sr"
"open_vins_stereo","grandtour","grand_tour__group7","2024-11-25-16-36-19","run2","99.83378974813827","99.83378974813827","99.83378974813827","99.83378974813827","valid","sr"
"open_vins_stereo","grandtour","grand_tour__group7","2024-11-25-16-36-19","run3","99.8369402276607","99.8369402276607","99.8369402276607","99.8369402276607","valid","sr"
"open_vins_stereo","grandtour","grand_tour__group7","2024-12-03-13-15-38","run1","99.9522153647501","99.9522153647501","99.9522153647501","99.9522153647501","valid","sr"
"open_vins_stereo","grandtour","grand_tour__group7","2024-12-03-13-15-38","run2","99.76088133973133","99.76088133973133","99.76088133973133","99.76088133973133","valid","sr"
"open_vins_stereo","grandtour","grand_tour__group7","2024-12-03-13-15-38","run3","99.70016301382124","99.70016301382124","99.70016301382124","99.70016301382124","valid","sr"
"open_vins_stereo","grandtour","grand_tour__group7","2024-12-03-13-26-40","run1","98.61244244345855","98.61244244345855","98.61244244345855","98.61244244345855","valid","sr"
"open_vins_stereo","grandtour","grand_tour__group7","2024-12-03-13-26-40","run2","98.66753637732198","98.66753637732198","98.66753637732198","98.66753637732198","valid","sr"
"open_vins_stereo","grandtour","grand_tour__group7","2024-12-03-13-26-40","run3","98.65239898429058","98.65239898429058","98.65239898429058","98.65239898429058","valid","sr"
"orb_slam3_mono","grandtour","grand_tour__group7","2024-11-25-14-57-08","run1","54.373026166407435","54.373026166407435","54.373026166407435","54.373026166407435","valid","sr"
"orb_slam3_mono","grandtour","grand_tour__group7","2024-11-25-14-57-08","run2","41.3561064218737","41.3561064218737","41.3561064218737","41.3561064218737","valid","sr"
"orb_slam3_mono","grandtour","grand_tour__group7","2024-11-25-14-57-08","run3","62.61622411911437","62.61622411911437","62.61622411911437","62.61622411911437","valid","sr"
"orb_slam3_mono","grandtour","grand_tour__group7","2024-11-25-16-36-19","run1","14.648231672157209","14.648231672157209","14.648231672157209","14.648231672157209","valid","sr"
"orb_slam3_mono","grandtour","grand_tour__group7","2024-11-25-16-36-19","run2","13.37014875668919","13.37014875668919","13.37014875668919","13.37014875668919","valid","sr"
"orb_slam3_mono","grandtour","grand_tour__group7","2024-11-25-16-36-19","run3","38.15862084013176","38.15862084013176","38.15862084013176","38.15862084013176","valid","sr"
"orb_slam3_mono","grandtour","grand_tour__group7","2024-12-03-13-15-38","run1","23.09756698148795","23.09756698148795","23.09756698148795","23.09756698148795","valid","sr"
"orb_slam3_mono","grandtour","grand_tour__group7","2024-12-03-13-15-38","run2","23.258892869709353","23.258892869709353","23.258892869709353","23.258892869709353","valid","sr"
"orb_slam3_mono","grandtour","grand_tour__group7","2024-12-03-13-15-38","run3","23.21069940073068","23.21069940073068","23.21069940073068","23.21069940073068","valid","sr"
"orb_slam3_mono","grandtour","grand_tour__group7","2024-12-03-13-26-40","run1","11.235104149461058","11.235104149461058","11.235104149461058","11.235104149461058","valid","sr"
"orb_slam3_mono","grandtour","grand_tour__group7","2024-12-03-13-26-40","run2","11.482695005668822","11.482695005668822","11.482695005668822","11.482695005668822","valid","sr"
"orb_slam3_mono","grandtour","grand_tour__group7","2024-12-03-13-26-40","run3","3.696207629992513","3.696207629992513","3.696207629992513","3.696207629992513","valid","sr"
"orb_slam3_stereo","grandtour","grand_tour__group7","2024-11-25-14-57-08","run1","20.185851478224244","20.185851478224244","20.185851478224244","20.185851478224244","valid","sr"
"orb_slam3_stereo","grandtour","grand_tour__group7","2024-11-25-14-57-08","run2","20.312671044116414","20.312671044116414","20.312671044116414","20.312671044116414","valid","sr"
"orb_slam3_stereo","grandtour","grand_tour__group7","2024-11-25-14-57-08","run3","18.450002762117258","18.450002762117258","18.450002762117258","18.450002762117258","valid","sr"
"orb_slam3_stereo","grandtour","grand_tour__group7","2024-11-25-16-36-19","run1","8.341336082842265","8.341336082842265","8.341336082842265","8.341336082842265","valid","sr"
"orb_slam3_stereo","grandtour","grand_tour__group7","2024-11-25-16-36-19","run2","7.780394553061338","7.780394553061338","7.780394553061338","7.780394553061338","valid","sr"
"orb_slam3_stereo","grandtour","grand_tour__group7","2024-11-25-16-36-19","run3","8.134980425333243","8.134980425333243","8.134980425333243","8.134980425333243","valid","sr"
"orb_slam3_stereo","grandtour","grand_tour__group7","2024-12-03-13-15-38","run1","25.913347279574623","25.913347279574623","25.913347279574623","25.913347279574623","valid","sr"
"orb_slam3_stereo","grandtour","grand_tour__group7","2024-12-03-13-15-38","run2","13.872006506270909","13.872006506270909","13.872006506270909","13.872006506270909","valid","sr"
"orb_slam3_stereo","grandtour","grand_tour__group7","2024-12-03-13-15-38","run3","32.94395333609597","32.94395333609597","32.94395333609597","32.94395333609597","valid","sr"
"orb_slam3_stereo","grandtour","grand_tour__group7","2024-12-03-13-26-40","run1","7.658207979805597","7.658207979805597","7.658207979805597","7.658207979805597","valid","sr"
"orb_slam3_stereo","grandtour","grand_tour__group7","2024-12-03-13-26-40","run2","11.569963333258613","11.569963333258613","11.569963333258613","11.569963333258613","valid","sr"
"orb_slam3_stereo","grandtour","grand_tour__group7","2024-12-03-13-26-40","run3","8.467439508820235","8.467439508820235","8.467439508820235","8.467439508820235","valid","sr"
"rovio","grandtour","grand_tour__group7","2024-11-25-14-57-08","run1","99.31417607469064","99.31417607469064","99.31417607469064","99.31417607469064","valid","sr"
"rovio","grandtour","grand_tour__group7","2024-11-25-14-57-08","run2","99.31417607469064","99.31417607469064","99.31417607469064","99.31417607469064","valid","sr"
"rovio","grandtour","grand_tour__group7","2024-11-25-14-57-08","run3","99.31417607469064","99.31417607469064","99.31417607469064","99.31417607469064","valid","sr"
"rovio","grandtour","grand_tour__group7","2024-11-25-16-36-19","run1","99.23261012011358","99.23261012011358","99.23261012011358","99.23261012011358","valid","sr"
"rovio","grandtour","grand_tour__group7","2024-11-25-16-36-19","run2","99.23261012011358","99.23261012011358","99.23261012011358","99.23261012011358","valid","sr"
"rovio","grandtour","grand_tour__group7","2024-11-25-16-36-19","run3","99.23261012011358","99.23261012011358","99.23261012011358","99.23261012011358","valid","sr"
"rovio","grandtour","grand_tour__group7","2024-12-03-13-15-38","run1","99.72758127945576","99.72758127945576","99.72758127945576","99.72758127945576","valid","sr"
"rovio","grandtour","grand_tour__group7","2024-12-03-13-15-38","run2","99.72758127945576","99.72758127945576","99.72758127945576","99.72758127945576","valid","sr"
"rovio","grandtour","grand_tour__group7","2024-12-03-13-15-38","run3","99.72758127945576","99.72758127945576","99.72758127945576","99.72758127945576","valid","sr"
"rovio","grandtour","grand_tour__group7","2024-12-03-13-26-40","run1","98.46221828086269","98.46221828086269","98.46221828086269","98.46221828086269","valid","sr"
"rovio","grandtour","grand_tour__group7","2024-12-03-13-26-40","run2","98.46221828086269","98.46221828086269","98.46221828086269","98.46221828086269","valid","sr"
"rovio","grandtour","grand_tour__group7","2024-12-03-13-26-40","run3","98.46221828086269","98.46221828086269","98.46221828086269","98.46221828086269","valid","sr"
"sqrtvins_mono","grandtour","grand_tour__group7","2024-11-25-14-57-08","run1","99.9292552556569","99.9292552556569","99.9292552556569","99.9292552556569","valid","sr"
"sqrtvins_mono","grandtour","grand_tour__group7","2024-11-25-14-57-08","run2","99.9292552556569","99.9292552556569","99.9292552556569","99.9292552556569","valid","sr"
"sqrtvins_mono","grandtour","grand_tour__group7","2024-11-25-14-57-08","run3","99.9292552556569","99.9292552556569","99.9292552556569","99.9292552556569","valid","sr"
"sqrtvins_mono","grandtour","grand_tour__group7","2024-11-25-16-36-19","run1","99.87308639989647","99.87308639989647","99.87308639989647","99.87308639989647","valid","sr"
"sqrtvins_mono","grandtour","grand_tour__group7","2024-11-25-16-36-19","run2","99.87308639989647","99.87308639989647","99.87308639989647","99.87308639989647","valid","sr"
"sqrtvins_mono","grandtour","grand_tour__group7","2024-11-25-16-36-19","run3","99.87308639989647","99.87308639989647","99.87308639989647","99.87308639989647","valid","sr"
"sqrtvins_mono","grandtour","grand_tour__group7","2024-12-03-13-15-38","run1","99.97406764228917","99.97406764228917","99.97406764228917","99.97406764228917","valid","sr"
"sqrtvins_mono","grandtour","grand_tour__group7","2024-12-03-13-15-38","run2","99.97406764228917","99.97406764228917","99.97406764228917","99.97406764228917","valid","sr"
"sqrtvins_mono","grandtour","grand_tour__group7","2024-12-03-13-15-38","run3","99.97406764228917","99.97406764228917","99.97406764228917","99.97406764228917","valid","sr"
"sqrtvins_mono","grandtour","grand_tour__group7","2024-12-03-13-26-40","run1","98.17083814713372","98.17083814713372","98.17083814713372","98.17083814713372","valid","sr"
"sqrtvins_mono","grandtour","grand_tour__group7","2024-12-03-13-26-40","run2","98.17083814713372","98.17083814713372","98.17083814713372","98.17083814713372","valid","sr"
"sqrtvins_mono","grandtour","grand_tour__group7","2024-12-03-13-26-40","run3","98.17083814713372","98.17083814713372","98.17083814713372","98.17083814713372","valid","sr"
"sqrtvins_stereo","grandtour","grand_tour__group7","2024-11-25-14-57-08","run1","99.9292552556569","99.9292552556569","99.9292552556569","99.9292552556569","valid","sr"
"sqrtvins_stereo","grandtour","grand_tour__group7","2024-11-25-14-57-08","run2","99.9292552556569","99.9292552556569","99.9292552556569","99.9292552556569","valid","sr"
"sqrtvins_stereo","grandtour","grand_tour__group7","2024-11-25-14-57-08","run3","99.9292552556569","99.9292552556569","99.9292552556569","99.9292552556569","valid","sr"
"sqrtvins_stereo","grandtour","grand_tour__group7","2024-11-25-16-36-19","run1","99.87308639989647","99.87308639989647","99.87308639989647","99.87308639989647","valid","sr"
"sqrtvins_stereo","grandtour","grand_tour__group7","2024-11-25-16-36-19","run2","99.87308639989647","99.87308639989647","99.87308639989647","99.87308639989647","valid","sr"
"sqrtvins_stereo","grandtour","grand_tour__group7","2024-11-25-16-36-19","run3","99.87308639989647","99.87308639989647","99.87308639989647","99.87308639989647","valid","sr"
"sqrtvins_stereo","grandtour","grand_tour__group7","2024-12-03-13-15-38","run1","99.97406764228917","99.97406764228917","99.97406764228917","99.97406764228917","valid","sr"
"sqrtvins_stereo","grandtour","grand_tour__group7","2024-12-03-13-15-38","run2","99.97406764228917","99.97406764228917","99.97406764228917","99.97406764228917","valid","sr"
"sqrtvins_stereo","grandtour","grand_tour__group7","2024-12-03-13-15-38","run3","99.97406764228917","99.97406764228917","99.97406764228917","99.97406764228917","valid","sr"
"sqrtvins_stereo","grandtour","grand_tour__group7","2024-12-03-13-26-40","run1","98.34894406605108","98.34894406605108","98.34894406605108","98.34894406605108","valid","sr"
"sqrtvins_stereo","grandtour","grand_tour__group7","2024-12-03-13-26-40","run2","98.34894406605108","98.34894406605108","98.34894406605108","98.34894406605108","valid","sr"
"sqrtvins_stereo","grandtour","grand_tour__group7","2024-12-03-13-26-40","run3","98.34894406605108","98.34894406605108","98.34894406605108","98.34894406605108","valid","sr"
"svo_mono","grandtour","grand_tour__group7","2024-11-25-14-57-08","run1","97.4268929438768","97.4268929438768","97.4268929438768","97.4268929438768","valid","sr"
"svo_mono","grandtour","grand_tour__group7","2024-11-25-14-57-08","run2","0.629533969181511","0.629533969181511","0.629533969181511","0.629533969181511","valid","sr"
"svo_mono","grandtour","grand_tour__group7","2024-11-25-14-57-08","run3","0.6188809455062063","0.6188809455062063","0.6188809455062063","0.6188809455062063","valid","sr"
"svo_mono","grandtour","grand_tour__group7","2024-11-25-16-36-19","run1","0","0.0","0","0.0","valid","sr"
"svo_mono","grandtour","grand_tour__group7","2024-11-25-16-36-19","run2","0","0.0","0","0.0","valid","sr"
"svo_mono","grandtour","grand_tour__group7","2024-11-25-16-36-19","run3","0","0.0","0","0.0","valid","sr"
"svo_mono","grandtour","grand_tour__group7","2024-12-03-13-15-38","run1","99.57877742377735","99.57877742377735","99.57877742377735","99.57877742377735","valid","sr"
"svo_mono","grandtour","grand_tour__group7","2024-12-03-13-15-38","run2","98.83323486279929","98.83323486279929","98.83323486279929","98.83323486279929","valid","sr"
"svo_mono","grandtour","grand_tour__group7","2024-12-03-13-15-38","run3","99.61436359120982","99.61436359120982","99.61436359120982","99.61436359120982","valid","sr"
"svo_mono","grandtour","grand_tour__group7","2024-12-03-13-26-40","run1","98.16693560998584","98.16693560998584","98.16693560998584","98.16693560998584","valid","sr"
"svo_mono","grandtour","grand_tour__group7","2024-12-03-13-26-40","run2","97.92299741984505","97.92299741984505","97.92299741984505","97.92299741984505","valid","sr"
"svo_mono","grandtour","grand_tour__group7","2024-12-03-13-26-40","run3","97.9834901347161","97.9834901347161","97.9834901347161","97.9834901347161","valid","sr"
"svo_stereo","grandtour","grand_tour__group7","2024-11-25-14-57-08","run1","98.65016411291644","98.65016411291644","98.65016411291644","98.65016411291644","valid","sr"
"svo_stereo","grandtour","grand_tour__group7","2024-11-25-14-57-08","run2","98.99045614728117","98.99045614728117","98.99045614728117","98.99045614728117","valid","sr"
"svo_stereo","grandtour","grand_tour__group7","2024-11-25-14-57-08","run3","99.60354320427082","99.60354320427082","99.60354320427082","99.60354320427082","valid","sr"
"svo_stereo","grandtour","grand_tour__group7","2024-11-25-16-36-19","run1","97.53806223193747","97.53806223193747","97.53806223193747","97.53806223193747","valid","sr"
"svo_stereo","grandtour","grand_tour__group7","2024-11-25-16-36-19","run2","95.73291467425423","95.73291467425423","95.73291467425423","95.73291467425423","valid","sr"
"svo_stereo","grandtour","grand_tour__group7","2024-11-25-16-36-19","run3","92.97390909056392","92.97390909056392","92.97390909056392","92.97390909056392","valid","sr"
"svo_stereo","grandtour","grand_tour__group7","2024-12-03-13-15-38","run1","99.12754099805969","99.12754099805969","99.12754099805969","99.12754099805969","valid","sr"
"svo_stereo","grandtour","grand_tour__group7","2024-12-03-13-15-38","run2","97.56508763373199","97.56508763373199","97.56508763373199","97.56508763373199","valid","sr"
"svo_stereo","grandtour","grand_tour__group7","2024-12-03-13-15-38","run3","98.07538306053985","98.07538306053985","98.07538306053985","98.07538306053985","valid","sr"
"svo_stereo","grandtour","grand_tour__group7","2024-12-03-13-26-40","run1","95.71218047897064","95.71218047897064","95.71218047897064","95.71218047897064","valid","sr"
"svo_stereo","grandtour","grand_tour__group7","2024-12-03-13-26-40","run2","99.25342695510435","99.25342695510435","99.25342695510435","99.25342695510435","valid","sr"
"svo_stereo","grandtour","grand_tour__group7","2024-12-03-13-26-40","run3","99.38518290832175","99.38518290832175","99.38518290832175","99.38518290832175","valid","sr"
"vins-fusion_monoimu","grandtour","grand_tour__group7","2024-11-25-14-57-08","run1","98.79692449930278","98.79692449930278","98.79692449930278","98.79692449930278","valid","sr"
"vins-fusion_monoimu","grandtour","grand_tour__group7","2024-11-25-14-57-08","run2","98.79692449930278","98.79692449930278","98.79692449930278","98.79692449930278","valid","sr"
"vins-fusion_monoimu","grandtour","grand_tour__group7","2024-11-25-14-57-08","run3","98.7797043854001","98.7797043854001","98.7797043854001","98.7797043854001","valid","sr"
"vins-fusion_monoimu","grandtour","grand_tour__group7","2024-11-25-16-36-19","run1","97.66635981678864","97.66635981678864","97.66635981678864","97.66635981678864","valid","sr"
"vins-fusion_monoimu","grandtour","grand_tour__group7","2024-11-25-16-36-19","run2","97.73398821834145","97.73398821834145","97.73398821834145","97.73398821834145","valid","sr"
"vins-fusion_monoimu","grandtour","grand_tour__group7","2024-11-25-16-36-19","run3","97.73398821834145","97.73398821834145","97.73398821834145","97.73398821834145","valid","sr"
"vins-fusion_monoimu","grandtour","grand_tour__group7","2024-12-03-13-15-38","run1","97.3758356956924","97.3758356956924","97.3758356956924","97.3758356956924","valid","sr"
"vins-fusion_monoimu","grandtour","grand_tour__group7","2024-12-03-13-15-38","run2","97.89455612869041","97.89455612869041","97.89455612869041","97.89455612869041","valid","sr"
"vins-fusion_monoimu","grandtour","grand_tour__group7","2024-12-03-13-15-38","run3","97.3758356956924","97.3758356956924","97.3758356956924","97.3758356956924","valid","sr"
"vins-fusion_monoimu","grandtour","grand_tour__group7","2024-12-03-13-26-40","run1","58.833186048348075","58.833186048348075","58.833186048348075","58.833186048348075","valid","sr"
"vins-fusion_monoimu","grandtour","grand_tour__group7","2024-12-03-13-26-40","run2","58.51600865960502","58.51600865960502","58.51600865960502","58.51600865960502","valid","sr"
"vins-fusion_monoimu","grandtour","grand_tour__group7","2024-12-03-13-26-40","run3","59.02162733846191","59.02162733846191","59.02162733846191","59.02162733846191","valid","sr"
"vins-fusion_stereoimu","grandtour","grand_tour__group7","2024-11-25-14-57-08","run1","98.80153183936673","98.80153183936673","98.80153183936673","98.80153183936673","valid","sr"
"vins-fusion_stereoimu","grandtour","grand_tour__group7","2024-11-25-14-57-08","run2","98.80216392337783","98.80216392337783","98.80216392337783","98.80216392337783","valid","sr"
"vins-fusion_stereoimu","grandtour","grand_tour__group7","2024-11-25-14-57-08","run3","98.82883301118466","98.82883301118466","98.82883301118466","98.82883301118466","valid","sr"
"vins-fusion_stereoimu","grandtour","grand_tour__group7","2024-11-25-16-36-19","run1","97.78928955348609","97.78928955348609","97.78928955348609","97.78928955348609","valid","sr"
"vins-fusion_stereoimu","grandtour","grand_tour__group7","2024-11-25-16-36-19","run2","97.73080951083669","97.73080951083669","97.73080951083669","97.73080951083669","valid","sr"
"vins-fusion_stereoimu","grandtour","grand_tour__group7","2024-11-25-16-36-19","run3","97.78749215141401","97.78749215141401","97.78749215141401","97.78749215141401","valid","sr"
"vins-fusion_stereoimu","grandtour","grand_tour__group7","2024-12-03-13-15-38","run1","98.62233907901762","98.62233907901762","98.62233907901762","98.62233907901762","valid","sr"
"vins-fusion_stereoimu","grandtour","grand_tour__group7","2024-12-03-13-15-38","run2","98.62233907901762","98.62233907901762","98.62233907901762","98.62233907901762","valid","sr"
"vins-fusion_stereoimu","grandtour","grand_tour__group7","2024-12-03-13-15-38","run3","98.62233907901762","98.62233907901762","98.62233907901762","98.62233907901762","valid","sr"
"vins-fusion_stereoimu","grandtour","grand_tour__group7","2024-12-03-13-26-40","run1","51.997142378210846","51.997142378210846","51.997142378210846","51.997142378210846","valid","sr"
"vins-fusion_stereoimu","grandtour","grand_tour__group7","2024-12-03-13-26-40","run2","35.19012345021742","35.19012345021742","35.19012345021742","35.19012345021742","valid","sr"
"vins-fusion_stereoimu","grandtour","grand_tour__group7","2024-12-03-13-26-40","run3","52.04037919353721","52.04037919353721","52.04037919353721","52.04037919353721","valid","sr"
"dm_vio","lamaria","lamaria__easy","R_01_easy","run1","1.525439506865134","1.525439506865134","1.525439506865134","1.525439506865134","valid","sr"
"dm_vio","lamaria","lamaria__easy","R_01_easy","run2","2.862190131275608","2.862190131275608","2.862190131275608","2.862190131275608","valid","sr"
"dm_vio","lamaria","lamaria__easy","R_01_easy","run3","2.2187116325434526","2.2187116325434526","2.2187116325434526","2.2187116325434526","valid","sr"
"dm_vio","lamaria","lamaria__easy","R_02_easy","run1","30.47634385964666","30.47634385964666","30.47634385964666","30.47634385964666","valid","sr"
"dm_vio","lamaria","lamaria__easy","R_02_easy","run2","19.742717869451397","19.742717869451397","19.742717869451397","19.742717869451397","valid","sr"
"dm_vio","lamaria","lamaria__easy","R_02_easy","run3","9.432207154199645","9.432207154199645","9.432207154199645","9.432207154199645","valid","sr"
"dm_vio","lamaria","lamaria__easy","R_03_easy","run1","3.424840281239531","3.424840281239531","3.424840281239531","3.424840281239531","valid","sr"
"dm_vio","lamaria","lamaria__easy","R_03_easy","run2","3.0894265846568265","3.0894265846568265","3.0894265846568265","3.0894265846568265","valid","sr"
"dm_vio","lamaria","lamaria__easy","R_03_easy","run3","0.2097325168470328","0.2097325168470328","0.2097325168470328","0.2097325168470328","valid","sr"
"kimera_vio_mono","lamaria","lamaria__easy","R_01_easy","run1","99.98970367394962","99.98970367394962","99.98970367394962","99.98970367394962","valid","sr"
"kimera_vio_mono","lamaria","lamaria__easy","R_01_easy","run2","99.98970367394962","99.98970367394962","99.98970367394962","99.98970367394962","valid","sr"
"kimera_vio_mono","lamaria","lamaria__easy","R_01_easy","run3","99.98970367394962","99.98970367394962","99.98970367394962","99.98970367394962","valid","sr"
"kimera_vio_mono","lamaria","lamaria__easy","R_02_easy","run1","99.54550166497347","99.54550166497347","99.54550166497347","99.54550166497347","valid","sr"
"kimera_vio_mono","lamaria","lamaria__easy","R_02_easy","run2","99.54550166497347","99.54550166497347","99.54550166497347","99.54550166497347","valid","sr"
"kimera_vio_mono","lamaria","lamaria__easy","R_02_easy","run3","99.54550166497347","99.54550166497347","99.54550166497347","99.54550166497347","valid","sr"
"kimera_vio_mono","lamaria","lamaria__easy","R_03_easy","run1","99.99148705021196","99.99148705021196","99.99148705021196","99.99148705021196","valid","sr"
"kimera_vio_mono","lamaria","lamaria__easy","R_03_easy","run2","99.99148705021196","99.99148705021196","99.99148705021196","99.99148705021196","valid","sr"
"kimera_vio_mono","lamaria","lamaria__easy","R_03_easy","run3","99.99148705021196","99.99148705021196","99.99148705021196","99.99148705021196","valid","sr"
"okvis2x_mono","lamaria","lamaria__easy","R_01_easy","run1","99.85465035184447","99.85465035184447","99.85465035184447","99.85465035184447","valid","sr"
"okvis2x_mono","lamaria","lamaria__easy","R_01_easy","run2","99.83936747386136","99.83936747386136","99.83936747386136","99.83936747386136","valid","sr"
"okvis2x_mono","lamaria","lamaria__easy","R_01_easy","run3","99.37569193979402","99.37569193979402","99.37569193979402","99.37569193979402","valid","sr"
"okvis2x_mono","lamaria","lamaria__easy","R_02_easy","run1","95.50795809756818","95.50795809756818","95.50795809756818","95.50795809756818","valid","sr"
"okvis2x_mono","lamaria","lamaria__easy","R_02_easy","run2","95.7641416476473","95.7641416476473","95.7641416476473","95.7641416476473","valid","sr"
"okvis2x_mono","lamaria","lamaria__easy","R_02_easy","run3","92.31055760990927","92.31055760990927","92.31055760990927","92.31055760990927","valid","sr"
"okvis2x_mono","lamaria","lamaria__easy","R_03_easy","run1","99.99745003471942","99.99745003471942","99.99745003471942","99.99745003471942","valid","sr"
"okvis2x_mono","lamaria","lamaria__easy","R_03_easy","run2","99.99745003471942","99.99745003471942","99.99745003471942","99.99745003471942","valid","sr"
"okvis2x_mono","lamaria","lamaria__easy","R_03_easy","run3","99.99745003471942","99.99745003471942","99.99745003471942","99.99745003471942","valid","sr"
"open_vins_mono","lamaria","lamaria__easy","R_01_easy","run1","0.07917356208425205","0.07917356208425205","0.07917356208425205","0.07917356208425205","valid","sr"
"open_vins_mono","lamaria","lamaria__easy","R_01_easy","run2","99.74308187124876","99.74308187124876","99.74308187124876","99.74308187124876","valid","sr"
"open_vins_mono","lamaria","lamaria__easy","R_01_easy","run3","99.74308187124876","99.74308187124876","99.74308187124876","99.74308187124876","valid","sr"
"open_vins_mono","lamaria","lamaria__easy","R_02_easy","run1","98.74926007555206","98.74926007555206","98.74926007555206","98.74926007555206","valid","sr"
"open_vins_mono","lamaria","lamaria__easy","R_02_easy","run2","98.71012207929084","98.71012207929084","98.71012207929084","98.71012207929084","valid","sr"
"open_vins_mono","lamaria","lamaria__easy","R_02_easy","run3","98.73128685410444","98.73128685410444","98.73128685410444","98.73128685410444","valid","sr"
"open_vins_mono","lamaria","lamaria__easy","R_03_easy","run1","99.68415759019716","99.68415759019716","99.68415759019716","99.68415759019716","valid","sr"
"open_vins_mono","lamaria","lamaria__easy","R_03_easy","run2","99.54699718415826","99.54699718415826","99.54699718415826","99.54699718415826","valid","sr"
"open_vins_mono","lamaria","lamaria__easy","R_03_easy","run3","99.53199940461576","99.53199940461576","99.53199940461576","99.53199940461576","valid","sr"
"orb_slam3_mono","lamaria","lamaria__easy","R_01_easy","run1","99.1680772976908","99.1680772976908","99.1680772976908","99.1680772976908","valid","sr"
"orb_slam3_mono","lamaria","lamaria__easy","R_01_easy","run2","99.06807797187189","99.06807797187189","99.06807797187189","99.06807797187189","valid","sr"
"orb_slam3_mono","lamaria","lamaria__easy","R_01_easy","run3","91.11426727235032","91.11426727235032","91.11426727235032","91.11426727235032","valid","sr"
"orb_slam3_mono","lamaria","lamaria__easy","R_02_easy","run1","96.07576195652643","96.07576195652643","96.07576195652643","96.07576195652643","valid","sr"
"orb_slam3_mono","lamaria","lamaria__easy","R_02_easy","run2","96.85115675556295","96.85115675556295","96.85115675556295","96.85115675556295","valid","sr"
"orb_slam3_mono","lamaria","lamaria__easy","R_02_easy","run3","96.51221478237106","96.51221478237106","96.51221478237106","96.51221478237106","valid","sr"
"orb_slam3_mono","lamaria","lamaria__easy","R_03_easy","run1","99.40616430695509","99.40616430695509","99.40616430695509","99.40616430695509","valid","sr"
"orb_slam3_mono","lamaria","lamaria__easy","R_03_easy","run2","99.41710328008396","99.41710328008396","99.41710328008396","99.41710328008396","valid","sr"
"orb_slam3_mono","lamaria","lamaria__easy","R_03_easy","run3","99.40616430695509","99.40616430695509","99.40616430695509","99.40616430695509","valid","sr"
"rovio","lamaria","lamaria__easy","R_01_easy","run1","99.9792262364167","99.9792262364167","99.9792262364167","99.9792262364167","valid","sr"
"rovio","lamaria","lamaria__easy","R_01_easy","run2","99.9792262364167","99.9792262364167","99.9792262364167","99.9792262364167","valid","sr"
"rovio","lamaria","lamaria__easy","R_01_easy","run3","99.9792262364167","99.9792262364167","99.9792262364167","99.9792262364167","valid","sr"
"rovio","lamaria","lamaria__easy","R_02_easy","run1","99.97580308814145","99.97580308814145","99.97580308814145","99.97580308814145","valid","sr"
"rovio","lamaria","lamaria__easy","R_02_easy","run2","99.97580308814145","99.97580308814145","99.97580308814145","99.97580308814145","valid","sr"
"rovio","lamaria","lamaria__easy","R_02_easy","run3","99.97580308814145","99.97580308814145","99.97580308814145","99.97580308814145","valid","sr"
"rovio","lamaria","lamaria__easy","R_03_easy","run1","99.99341099690497","99.99341099690497","99.99341099690497","99.99341099690497","valid","sr"
"rovio","lamaria","lamaria__easy","R_03_easy","run2","99.99341099690497","99.99341099690497","99.99341099690497","99.99341099690497","valid","sr"
"rovio","lamaria","lamaria__easy","R_03_easy","run3","99.99341099690497","99.99341099690497","99.99341099690497","99.99341099690497","valid","sr"
"sqrtvins_mono","lamaria","lamaria__easy","R_01_easy","run1","99.82601180727671","99.82601180727671","99.82601180727671","99.82601180727671","valid","sr"
"sqrtvins_mono","lamaria","lamaria__easy","R_01_easy","run2","99.82601180727671","99.82601180727671","99.82601180727671","99.82601180727671","valid","sr"
"sqrtvins_mono","lamaria","lamaria__easy","R_01_easy","run3","99.82601180727671","99.82601180727671","99.82601180727671","99.82601180727671","valid","sr"
"sqrtvins_mono","lamaria","lamaria__easy","R_02_easy","run1","99.92799294282644","99.92799294282644","99.92799294282644","99.92799294282644","valid","sr"
"sqrtvins_mono","lamaria","lamaria__easy","R_02_easy","run2","99.92799294282644","99.92799294282644","99.92799294282644","99.92799294282644","valid","sr"
"sqrtvins_mono","lamaria","lamaria__easy","R_02_easy","run3","99.92799294282644","99.92799294282644","99.92799294282644","99.92799294282644","valid","sr"
"sqrtvins_mono","lamaria","lamaria__easy","R_03_easy","run1","99.95261594716249","99.95261594716249","99.95261594716249","99.95261594716249","valid","sr"
"sqrtvins_mono","lamaria","lamaria__easy","R_03_easy","run2","99.95261594716249","99.95261594716249","99.95261594716249","99.95261594716249","valid","sr"
"sqrtvins_mono","lamaria","lamaria__easy","R_03_easy","run3","99.95261594716249","99.95261594716249","99.95261594716249","99.95261594716249","valid","sr"
"svo_mono","lamaria","lamaria__easy","R_01_easy","run1","98.58390862485389","98.58390862485389","98.58390862485389","98.58390862485389","valid","sr"
"svo_mono","lamaria","lamaria__easy","R_01_easy","run2","98.39447495289295","98.39447495289295","98.39447495289295","98.39447495289295","valid","sr"
"svo_mono","lamaria","lamaria__easy","R_01_easy","run3","99.9303765075792","99.9303765075792","99.9303765075792","99.9303765075792","valid","sr"
"svo_mono","lamaria","lamaria__easy","R_02_easy","run1","99.99727392324273","99.99727392324273","99.99727392324273","99.99727392324273","valid","sr"
"svo_mono","lamaria","lamaria__easy","R_02_easy","run2","99.99727392324273","99.99727392324273","99.99727392324273","99.99727392324273","valid","sr"
"svo_mono","lamaria","lamaria__easy","R_02_easy","run3","99.99727392324273","99.99727392324273","99.99727392324273","99.99727392324273","valid","sr"
"svo_mono","lamaria","lamaria__easy","R_03_easy","run1","97.91993299617468","97.91993299617468","97.91993299617468","97.91993299617468","valid","sr"
"svo_mono","lamaria","lamaria__easy","R_03_easy","run2","98.02438842397747","98.02438842397747","98.02438842397747","98.02438842397747","valid","sr"
"svo_mono","lamaria","lamaria__easy","R_03_easy","run3","96.91547173788926","96.91547173788926","96.91547173788926","96.91547173788926","valid","sr"
"vins-fusion_monoimu","lamaria","lamaria__easy","R_01_easy","run1","99.93770602471888","99.93770602471888","99.93770602471888","99.93770602471888","valid","sr"
"vins-fusion_monoimu","lamaria","lamaria__easy","R_01_easy","run2","99.93770602471888","99.93770602471888","99.93770602471888","99.93770602471888","valid","sr"
"vins-fusion_monoimu","lamaria","lamaria__easy","R_01_easy","run3","2.4719593953620254","2.4719593953620254","2.4719593953620254","2.4719593953620254","valid","sr"
"vins-fusion_monoimu","lamaria","lamaria__easy","R_02_easy","run1","99.90088414910282","99.90088414910282","99.90088414910282","99.90088414910282","valid","sr"
"vins-fusion_monoimu","lamaria","lamaria__easy","R_02_easy","run2","99.71860782604853","99.71860782604853","99.71860782604853","99.71860782604853","valid","sr"
"vins-fusion_monoimu","lamaria","lamaria__easy","R_02_easy","run3","99.5661097759636","99.5661097759636","99.5661097759636","99.5661097759636","valid","sr"
"vins-fusion_monoimu","lamaria","lamaria__easy","R_03_easy","run1","2.6145986562375887","2.6145986562375887","2.6145986562375887","2.6145986562375887","valid","sr"
"vins-fusion_monoimu","lamaria","lamaria__easy","R_03_easy","run2","2.6145986562375887","2.6145986562375887","2.6145986562375887","2.6145986562375887","valid","sr"
"vins-fusion_monoimu","lamaria","lamaria__easy","R_03_easy","run3","2.6145986562375887","2.6145986562375887","2.6145986562375887","2.6145986562375887","valid","sr"
"dm_vio","lamaria","lamaria__medium","R_04_medium","run1","0.928596811557292","0.928596811557292","0.928596811557292","0.928596811557292","valid","sr"
"dm_vio","lamaria","lamaria__medium","R_04_medium","run2","1.3800571617566624","1.3800571617566624","1.3800571617566624","1.3800571617566624","valid","sr"
"dm_vio","lamaria","lamaria__medium","R_04_medium","run3","1.2709355455151878","1.2709355455151878","1.2709355455151878","1.2709355455151878","valid","sr"
"dm_vio","lamaria","lamaria__medium","R_05_medium","run1","3.0461671075929666","3.0461671075929666","3.0461671075929666","3.0461671075929666","valid","sr"
"dm_vio","lamaria","lamaria__medium","R_05_medium","run2","3.450012148380784","3.450012148380784","3.450012148380784","3.450012148380784","valid","sr"
"dm_vio","lamaria","lamaria__medium","R_05_medium","run3","2.428081946924417","2.428081946924417","2.428081946924417","2.428081946924417","valid","sr"
"dm_vio","lamaria","lamaria__medium","R_06_medium","run1",,"","0","0.0","missing","sr"
"dm_vio","lamaria","lamaria__medium","R_06_medium","run2",,"","0","0.0","missing","sr"
"dm_vio","lamaria","lamaria__medium","R_06_medium","run3",,"","0","0.0","missing","sr"
"dm_vio","lamaria","lamaria__medium","R_07_medium","run1",,"","0","0.0","missing","sr"
"dm_vio","lamaria","lamaria__medium","R_07_medium","run2",,"","0","0.0","missing","sr"
"dm_vio","lamaria","lamaria__medium","R_07_medium","run3",,"","0","0.0","missing","sr"
"kimera_vio_mono","lamaria","lamaria__medium","R_04_medium","run1","100","100.0","100","100.0","valid","sr"
"kimera_vio_mono","lamaria","lamaria__medium","R_04_medium","run2","100","100.0","100","100.0","valid","sr"
"kimera_vio_mono","lamaria","lamaria__medium","R_04_medium","run3","100","100.0","100","100.0","valid","sr"
"kimera_vio_mono","lamaria","lamaria__medium","R_05_medium","run1","100","100.0","100","100.0","valid","sr"
"kimera_vio_mono","lamaria","lamaria__medium","R_05_medium","run2","100","100.0","100","100.0","valid","sr"
"kimera_vio_mono","lamaria","lamaria__medium","R_05_medium","run3","100","100.0","100","100.0","valid","sr"
"kimera_vio_mono","lamaria","lamaria__medium","R_06_medium","run1","99.7436725043689","99.7436725043689","99.7436725043689","99.7436725043689","valid","sr"
"kimera_vio_mono","lamaria","lamaria__medium","R_06_medium","run2","99.7436725043689","99.7436725043689","99.7436725043689","99.7436725043689","valid","sr"
"kimera_vio_mono","lamaria","lamaria__medium","R_06_medium","run3","99.7436725043689","99.7436725043689","99.7436725043689","99.7436725043689","valid","sr"
"kimera_vio_mono","lamaria","lamaria__medium","R_07_medium","run1","99.98560731103865","99.98560731103865","99.98560731103865","99.98560731103865","valid","sr"
"kimera_vio_mono","lamaria","lamaria__medium","R_07_medium","run2","99.98560731103865","99.98560731103865","99.98560731103865","99.98560731103865","valid","sr"
"kimera_vio_mono","lamaria","lamaria__medium","R_07_medium","run3","99.98560731103865","99.98560731103865","99.98560731103865","99.98560731103865","valid","sr"
"okvis2x_mono","lamaria","lamaria__medium","R_04_medium","run1","100","100.0","100","100.0","valid","sr"
"okvis2x_mono","lamaria","lamaria__medium","R_04_medium","run2","100","100.0","100","100.0","valid","sr"
"okvis2x_mono","lamaria","lamaria__medium","R_04_medium","run3","100","100.0","100","100.0","valid","sr"
"okvis2x_mono","lamaria","lamaria__medium","R_05_medium","run1","99.75253686345259","99.75253686345259","99.75253686345259","99.75253686345259","valid","sr"
"okvis2x_mono","lamaria","lamaria__medium","R_05_medium","run2","99.86605326906187","99.86605326906187","99.86605326906187","99.86605326906187","valid","sr"
"okvis2x_mono","lamaria","lamaria__medium","R_05_medium","run3","98.96733887185744","98.96733887185744","98.96733887185744","98.96733887185744","valid","sr"
"okvis2x_mono","lamaria","lamaria__medium","R_06_medium","run1","99.77720831706282","99.77720831706282","99.77720831706282","99.77720831706282","valid","sr"
"okvis2x_mono","lamaria","lamaria__medium","R_06_medium","run2","98.98131607526359","98.98131607526359","98.98131607526359","98.98131607526359","valid","sr"
"okvis2x_mono","lamaria","lamaria__medium","R_06_medium","run3","99.23919979093499","99.23919979093499","99.23919979093499","99.23919979093499","valid","sr"
"okvis2x_mono","lamaria","lamaria__medium","R_07_medium","run1","87.92828070182368","87.92828070182368","87.92828070182368","87.92828070182368","valid","sr"
"okvis2x_mono","lamaria","lamaria__medium","R_07_medium","run2","100","100.0","100","100.0","valid","sr"
"okvis2x_mono","lamaria","lamaria__medium","R_07_medium","run3","91.77471047069909","91.77471047069909","91.77471047069909","91.77471047069909","valid","sr"
"open_vins_mono","lamaria","lamaria__medium","R_04_medium","run1","99.4714429539956","99.4714429539956","99.4714429539956","99.4714429539956","valid","sr"
"open_vins_mono","lamaria","lamaria__medium","R_04_medium","run2","99.4714429539956","99.4714429539956","99.4714429539956","99.4714429539956","valid","sr"
"open_vins_mono","lamaria","lamaria__medium","R_04_medium","run3","99.36536998371557","99.36536998371557","99.36536998371557","99.36536998371557","valid","sr"
"open_vins_mono","lamaria","lamaria__medium","R_05_medium","run1","98.98469573653941","98.98469573653941","98.98469573653941","98.98469573653941","valid","sr"
"open_vins_mono","lamaria","lamaria__medium","R_05_medium","run2","99.20901943037768","99.20901943037768","99.20901943037768","99.20901943037768","valid","sr"
"open_vins_mono","lamaria","lamaria__medium","R_05_medium","run3","99.00910474108086","99.00910474108086","99.00910474108086","99.00910474108086","valid","sr"
"open_vins_mono","lamaria","lamaria__medium","R_06_medium","run1","99.34398242076405","99.34398242076405","99.34398242076405","99.34398242076405","valid","sr"
"open_vins_mono","lamaria","lamaria__medium","R_06_medium","run2","99.12089856533899","99.12089856533899","99.12089856533899","99.12089856533899","valid","sr"
"open_vins_mono","lamaria","lamaria__medium","R_06_medium","run3","99.34398242076405","99.34398242076405","99.34398242076405","99.34398242076405","valid","sr"
"open_vins_mono","lamaria","lamaria__medium","R_07_medium","run1","99.67734667294054","99.67734667294054","99.67734667294054","99.67734667294054","valid","sr"
"open_vins_mono","lamaria","lamaria__medium","R_07_medium","run2","99.79389390851671","99.79389390851671","99.79389390851671","99.79389390851671","valid","sr"
"open_vins_mono","lamaria","lamaria__medium","R_07_medium","run3","99.66318928227443","99.66318928227443","99.66318928227443","99.66318928227443","valid","sr"
"orb_slam3_mono","lamaria","lamaria__medium","R_04_medium","run1","97.13844334121835","97.13844334121835","97.13844334121835","97.13844334121835","valid","sr"
"orb_slam3_mono","lamaria","lamaria__medium","R_04_medium","run2","95.5202700428215","95.5202700428215","95.5202700428215","95.5202700428215","valid","sr"
"orb_slam3_mono","lamaria","lamaria__medium","R_04_medium","run3","97.43863699929156","97.43863699929156","97.43863699929156","97.43863699929156","valid","sr"
"orb_slam3_mono","lamaria","lamaria__medium","R_05_medium","run1","51.21861233815631","51.21861233815631","51.21861233815631","51.21861233815631","valid","sr"
"orb_slam3_mono","lamaria","lamaria__medium","R_05_medium","run2",,"","0","0.0","missing","sr"
"orb_slam3_mono","lamaria","lamaria__medium","R_05_medium","run3","79.56195367645688","79.56195367645688","79.56195367645688","79.56195367645688","valid","sr"
"orb_slam3_mono","lamaria","lamaria__medium","R_06_medium","run1",,"","0","0.0","missing","sr"
"orb_slam3_mono","lamaria","lamaria__medium","R_06_medium","run2",,"","0","0.0","missing","sr"
"orb_slam3_mono","lamaria","lamaria__medium","R_06_medium","run3",,"","0","0.0","missing","sr"
"orb_slam3_mono","lamaria","lamaria__medium","R_07_medium","run1","88.49008175533767","88.49008175533767","88.49008175533767","88.49008175533767","valid","sr"
"orb_slam3_mono","lamaria","lamaria__medium","R_07_medium","run2","83.84593722081023","83.84593722081023","83.84593722081023","83.84593722081023","valid","sr"
"orb_slam3_mono","lamaria","lamaria__medium","R_07_medium","run3","96.5145120868419","96.5145120868419","96.5145120868419","96.5145120868419","valid","sr"
"rovio","lamaria","lamaria__medium","R_04_medium","run1","99.98028341001122","99.98028341001122","99.98028341001122","99.98028341001122","valid","sr"
"rovio","lamaria","lamaria__medium","R_04_medium","run2","99.98028341001122","99.98028341001122","99.98028341001122","99.98028341001122","valid","sr"
"rovio","lamaria","lamaria__medium","R_04_medium","run3","99.98028341001122","99.98028341001122","99.98028341001122","99.98028341001122","valid","sr"
"rovio","lamaria","lamaria__medium","R_05_medium","run1","99.99671125228176","99.99671125228176","99.99671125228176","99.99671125228176","valid","sr"
"rovio","lamaria","lamaria__medium","R_05_medium","run2","99.99671125228176","99.99671125228176","99.99671125228176","99.99671125228176","valid","sr"
"rovio","lamaria","lamaria__medium","R_05_medium","run3","99.99671125228176","99.99671125228176","99.99671125228176","99.99671125228176","valid","sr"
"rovio","lamaria","lamaria__medium","R_06_medium","run1","99.99506248907585","99.99506248907585","99.99506248907585","99.99506248907585","valid","sr"
"rovio","lamaria","lamaria__medium","R_06_medium","run2","99.99506248907585","99.99506248907585","99.99506248907585","99.99506248907585","valid","sr"
"rovio","lamaria","lamaria__medium","R_06_medium","run3","99.99506248907585","99.99506248907585","99.99506248907585","99.99506248907585","valid","sr"
"rovio","lamaria","lamaria__medium","R_07_medium","run1","99.98184056367637","99.98184056367637","99.98184056367637","99.98184056367637","valid","sr"
"rovio","lamaria","lamaria__medium","R_07_medium","run2","99.98184056367637","99.98184056367637","99.98184056367637","99.98184056367637","valid","sr"
"rovio","lamaria","lamaria__medium","R_07_medium","run3","99.98184056367637","99.98184056367637","99.98184056367637","99.98184056367637","valid","sr"
"sqrtvins_mono","lamaria","lamaria__medium","R_04_medium","run1","99.97908139906627","99.97908139906627","99.97908139906627","99.97908139906627","valid","sr"
"sqrtvins_mono","lamaria","lamaria__medium","R_04_medium","run2","99.97908139906627","99.97908139906627","99.97908139906627","99.97908139906627","valid","sr"
"sqrtvins_mono","lamaria","lamaria__medium","R_04_medium","run3","99.97908139906627","99.97908139906627","99.97908139906627","99.97908139906627","valid","sr"
"sqrtvins_mono","lamaria","lamaria__medium","R_05_medium","run1","99.99644935161787","99.99644935161787","99.99644935161787","99.99644935161787","valid","sr"
"sqrtvins_mono","lamaria","lamaria__medium","R_05_medium","run2","99.99644935161787","99.99644935161787","99.99644935161787","99.99644935161787","valid","sr"
"sqrtvins_mono","lamaria","lamaria__medium","R_05_medium","run3","99.99644935161787","99.99644935161787","99.99644935161787","99.99644935161787","valid","sr"
"sqrtvins_mono","lamaria","lamaria__medium","R_06_medium","run1","99.97006997050886","99.97006997050886","99.97006997050886","99.97006997050886","valid","sr"
"sqrtvins_mono","lamaria","lamaria__medium","R_06_medium","run2","99.97006997050886","99.97006997050886","99.97006997050886","99.97006997050886","valid","sr"
"sqrtvins_mono","lamaria","lamaria__medium","R_06_medium","run3","99.97006997050886","99.97006997050886","99.97006997050886","99.97006997050886","valid","sr"
"sqrtvins_mono","lamaria","lamaria__medium","R_07_medium","run1","99.9380791155407","99.9380791155407","99.9380791155407","99.9380791155407","valid","sr"
"sqrtvins_mono","lamaria","lamaria__medium","R_07_medium","run2","99.9380791155407","99.9380791155407","99.9380791155407","99.9380791155407","valid","sr"
"sqrtvins_mono","lamaria","lamaria__medium","R_07_medium","run3","99.9380791155407","99.9380791155407","99.9380791155407","99.9380791155407","valid","sr"
"svo_mono","lamaria","lamaria__medium","R_04_medium","run1","99.982810883712","99.982810883712","99.982810883712","99.982810883712","valid","sr"
"svo_mono","lamaria","lamaria__medium","R_04_medium","run2","99.982810883712","99.982810883712","99.982810883712","99.982810883712","valid","sr"
"svo_mono","lamaria","lamaria__medium","R_04_medium","run3","99.982810883712","99.982810883712","99.982810883712","99.982810883712","valid","sr"
"svo_mono","lamaria","lamaria__medium","R_05_medium","run1","91.71577837577361","91.71577837577361","91.71577837577361","91.71577837577361","valid","sr"
"svo_mono","lamaria","lamaria__medium","R_05_medium","run2","91.48264856411072","91.48264856411072","91.48264856411072","91.48264856411072","valid","sr"
"svo_mono","lamaria","lamaria__medium","R_05_medium","run3","94.33684939595639","94.33684939595639","94.33684939595639","94.33684939595639","valid","sr"
"svo_mono","lamaria","lamaria__medium","R_06_medium","run1","97.43531713939578","97.43531713939578","97.43531713939578","97.43531713939578","valid","sr"
"svo_mono","lamaria","lamaria__medium","R_06_medium","run2","94.653191923124","94.653191923124","94.653191923124","94.653191923124","valid","sr"
"svo_mono","lamaria","lamaria__medium","R_06_medium","run3","94.66024641639449","94.66024641639449","94.66024641639449","94.66024641639449","valid","sr"
"svo_mono","lamaria","lamaria__medium","R_07_medium","run1","98.44148396674915","98.44148396674915","98.44148396674915","98.44148396674915","valid","sr"
"svo_mono","lamaria","lamaria__medium","R_07_medium","run2","97.75410958777563","97.75410958777563","97.75410958777563","97.75410958777563","valid","sr"
"svo_mono","lamaria","lamaria__medium","R_07_medium","run3","97.3868022141203","97.3868022141203","97.3868022141203","97.3868022141203","valid","sr"
"vins-fusion_monoimu","lamaria","lamaria__medium","R_04_medium","run1","99.51704202208158","99.51704202208158","99.51704202208158","99.51704202208158","valid","sr"
"vins-fusion_monoimu","lamaria","lamaria__medium","R_04_medium","run2","98.94171985999125","98.94171985999125","98.94171985999125","98.94171985999125","valid","sr"
"vins-fusion_monoimu","lamaria","lamaria__medium","R_04_medium","run3","98.94171985999125","98.94171985999125","98.94171985999125","98.94171985999125","valid","sr"
"vins-fusion_monoimu","lamaria","lamaria__medium","R_05_medium","run1","1.0145476869974313","1.0145476869974313","1.0145476869974313","1.0145476869974313","valid","sr"
"vins-fusion_monoimu","lamaria","lamaria__medium","R_05_medium","run2","1.0145476869974313","1.0145476869974313","1.0145476869974313","1.0145476869974313","valid","sr"
"vins-fusion_monoimu","lamaria","lamaria__medium","R_05_medium","run3","99.72795377234385","99.72795377234385","99.72795377234385","99.72795377234385","valid","sr"
"vins-fusion_monoimu","lamaria","lamaria__medium","R_06_medium","run1","99.39441884156615","99.39441884156615","99.39441884156615","99.39441884156615","valid","sr"
"vins-fusion_monoimu","lamaria","lamaria__medium","R_06_medium","run2","99.24331918955886","99.24331918955886","99.24331918955886","99.24331918955886","valid","sr"
"vins-fusion_monoimu","lamaria","lamaria__medium","R_06_medium","run3","99.39441884156615","99.39441884156615","99.39441884156615","99.39441884156615","valid","sr"
"vins-fusion_monoimu","lamaria","lamaria__medium","R_07_medium","run1","7.752655785297096","7.752655785297096","7.752655785297096","7.752655785297096","valid","sr"
"vins-fusion_monoimu","lamaria","lamaria__medium","R_07_medium","run2","7.752655785297096","7.752655785297096","7.752655785297096","7.752655785297096","valid","sr"
"vins-fusion_monoimu","lamaria","lamaria__medium","R_07_medium","run3","7.752655785297096","7.752655785297096","7.752655785297096","7.752655785297096","valid","sr"
"dm_vio","lamaria","lamaria__hard","R_08_hard","run1","1.2013161612110368","1.2013161612110368","1.2013161612110368","1.2013161612110368","valid","sr"
"dm_vio","lamaria","lamaria__hard","R_08_hard","run2","1.1659756434822086","1.1659756434822086","1.1659756434822086","1.1659756434822086","valid","sr"
"dm_vio","lamaria","lamaria__hard","R_08_hard","run3","1.6567337799650652","1.6567337799650652","1.6567337799650652","1.6567337799650652","valid","sr"
"dm_vio","lamaria","lamaria__hard","R_09_hard","run1",,"","0","0.0","missing","sr"
"dm_vio","lamaria","lamaria__hard","R_09_hard","run2",,"","0","0.0","missing","sr"
"dm_vio","lamaria","lamaria__hard","R_09_hard","run3",,"","0","0.0","missing","sr"
"dm_vio","lamaria","lamaria__hard","R_10_hard","run1","0.5236683707505501","0.5236683707505501","0.5236683707505501","0.5236683707505501","valid","sr"
"dm_vio","lamaria","lamaria__hard","R_10_hard","run2","0.030003748878293515","0.030003748878293515","0.030003748878293515","0.030003748878293515","valid","sr"
"dm_vio","lamaria","lamaria__hard","R_10_hard","run3","0.7496582107355502","0.7496582107355502","0.7496582107355502","0.7496582107355502","valid","sr"
"kimera_vio_mono","lamaria","lamaria__hard","R_08_hard","run1","99.12748476014805","99.12748476014805","99.12748476014805","99.12748476014805","valid","sr"
"kimera_vio_mono","lamaria","lamaria__hard","R_08_hard","run2","99.12748476014805","99.12748476014805","99.12748476014805","99.12748476014805","valid","sr"
"kimera_vio_mono","lamaria","lamaria__hard","R_08_hard","run3","99.02405396955444","99.02405396955444","99.02405396955444","99.02405396955444","valid","sr"
"kimera_vio_mono","lamaria","lamaria__hard","R_09_hard","run1","0.7155015775271742","0.7155015775271742","0.7155015775271742","0.7155015775271742","valid","sr"
"kimera_vio_mono","lamaria","lamaria__hard","R_09_hard","run2","0.7155015775271742","0.7155015775271742","0.7155015775271742","0.7155015775271742","valid","sr"
"kimera_vio_mono","lamaria","lamaria__hard","R_09_hard","run3","0.7155015775271742","0.7155015775271742","0.7155015775271742","0.7155015775271742","valid","sr"
"kimera_vio_mono","lamaria","lamaria__hard","R_10_hard","run1","98.55450227613092","98.55450227613092","98.55450227613092","98.55450227613092","valid","sr"
"kimera_vio_mono","lamaria","lamaria__hard","R_10_hard","run2","98.55450227613092","98.55450227613092","98.55450227613092","98.55450227613092","valid","sr"
"kimera_vio_mono","lamaria","lamaria__hard","R_10_hard","run3","98.59430977615521","98.59430977615521","98.59430977615521","98.59430977615521","valid","sr"
"okvis2x_mono","lamaria","lamaria__hard","R_08_hard","run1",,"","0","0.0","missing","sr"
"okvis2x_mono","lamaria","lamaria__hard","R_08_hard","run2",,"","0","0.0","missing","sr"
"okvis2x_mono","lamaria","lamaria__hard","R_08_hard","run3",,"","0","0.0","missing","sr"
"okvis2x_mono","lamaria","lamaria__hard","R_09_hard","run1",,"","0","0.0","missing","sr"
"okvis2x_mono","lamaria","lamaria__hard","R_09_hard","run2",,"","0","0.0","missing","sr"
"okvis2x_mono","lamaria","lamaria__hard","R_09_hard","run3",,"","0","0.0","missing","sr"
"okvis2x_mono","lamaria","lamaria__hard","R_10_hard","run1",,"","0","0.0","missing","sr"
"okvis2x_mono","lamaria","lamaria__hard","R_10_hard","run2",,"","0","0.0","missing","sr"
"okvis2x_mono","lamaria","lamaria__hard","R_10_hard","run3",,"","0","0.0","missing","sr"
"open_vins_mono","lamaria","lamaria__hard","R_08_hard","run1","99.92882030510917","99.92882030510917","99.92882030510917","99.92882030510917","valid","sr"
"open_vins_mono","lamaria","lamaria__hard","R_08_hard","run2","99.86401035968424","99.86401035968424","99.86401035968424","99.86401035968424","valid","sr"
"open_vins_mono","lamaria","lamaria__hard","R_08_hard","run3","99.925020154756","99.925020154756","99.925020154756","99.925020154756","valid","sr"
"open_vins_mono","lamaria","lamaria__hard","R_09_hard","run1","99.66834295924856","99.66834295924856","99.66834295924856","99.66834295924856","valid","sr"
"open_vins_mono","lamaria","lamaria__hard","R_09_hard","run2","2.729665061057256","2.729665061057256","2.729665061057256","2.729665061057256","valid","sr"
"open_vins_mono","lamaria","lamaria__hard","R_09_hard","run3","99.76153920386824","99.76153920386824","99.76153920386824","99.76153920386824","valid","sr"
"open_vins_mono","lamaria","lamaria__hard","R_10_hard","run1","99.86115161796565","99.86115161796565","99.86115161796565","99.86115161796565","valid","sr"
"open_vins_mono","lamaria","lamaria__hard","R_10_hard","run2","99.76812112432683","99.76812112432683","99.76812112432683","99.76812112432683","valid","sr"
"open_vins_mono","lamaria","lamaria__hard","R_10_hard","run3","99.86649476040446","99.86649476040446","99.86649476040446","99.86649476040446","valid","sr"
"orb_slam3_mono","lamaria","lamaria__hard","R_08_hard","run1","23.94551790184582","23.94551790184582","23.94551790184582","23.94551790184582","valid","sr"
"orb_slam3_mono","lamaria","lamaria__hard","R_08_hard","run2","24.394218667871577","24.394218667871577","24.394218667871577","24.394218667871577","valid","sr"
"orb_slam3_mono","lamaria","lamaria__hard","R_08_hard","run3","77.17938598352168","77.17938598352168","77.17938598352168","77.17938598352168","valid","sr"
"orb_slam3_mono","lamaria","lamaria__hard","R_09_hard","run1","23.599045508101952","23.599045508101952","23.599045508101952","23.599045508101952","valid","sr"
"orb_slam3_mono","lamaria","lamaria__hard","R_09_hard","run2","11.405970809886155","11.405970809886155","11.405970809886155","11.405970809886155","valid","sr"
"orb_slam3_mono","lamaria","lamaria__hard","R_09_hard","run3","57.63165817013321","57.63165817013321","57.63165817013321","57.63165817013321","valid","sr"
"orb_slam3_mono","lamaria","lamaria__hard","R_10_hard","run1","49.96655282253049","49.96655282253049","49.96655282253049","49.96655282253049","valid","sr"
"orb_slam3_mono","lamaria","lamaria__hard","R_10_hard","run2","48.15526144032802","48.15526144032802","48.15526144032802","48.15526144032802","valid","sr"
"orb_slam3_mono","lamaria","lamaria__hard","R_10_hard","run3","40.87857010732901","40.87857010732901","40.87857010732901","40.87857010732901","valid","sr"
"rovio","lamaria","lamaria__hard","R_08_hard","run1","99.8282729149695","99.8282729149695","99.8282729149695","99.8282729149695","valid","sr"
"rovio","lamaria","lamaria__hard","R_08_hard","run2","99.8282729149695","99.8282729149695","99.8282729149695","99.8282729149695","valid","sr"
"rovio","lamaria","lamaria__hard","R_08_hard","run3","99.8282729149695","99.8282729149695","99.8282729149695","99.8282729149695","valid","sr"
"rovio","lamaria","lamaria__hard","R_09_hard","run1","47.3509394081505","47.3509394081505","47.3509394081505","47.3509394081505","valid","sr"
"rovio","lamaria","lamaria__hard","R_09_hard","run2","47.3509394081505","47.3509394081505","47.3509394081505","47.3509394081505","valid","sr"
"rovio","lamaria","lamaria__hard","R_09_hard","run3","47.3509394081505","47.3509394081505","47.3509394081505","47.3509394081505","valid","sr"
"rovio","lamaria","lamaria__hard","R_10_hard","run1","99.50251276789581","99.50251276789581","99.50251276789581","99.50251276789581","valid","sr"
"rovio","lamaria","lamaria__hard","R_10_hard","run2","99.50251276789581","99.50251276789581","99.50251276789581","99.50251276789581","valid","sr"
"rovio","lamaria","lamaria__hard","R_10_hard","run3","99.50251276789581","99.50251276789581","99.50251276789581","99.50251276789581","valid","sr"
"sqrtvins_mono","lamaria","lamaria__hard","R_08_hard","run1","99.51314245956101","99.51314245956101","99.51314245956101","99.51314245956101","valid","sr"
"sqrtvins_mono","lamaria","lamaria__hard","R_08_hard","run2","99.51314245956101","99.51314245956101","99.51314245956101","99.51314245956101","valid","sr"
"sqrtvins_mono","lamaria","lamaria__hard","R_08_hard","run3","99.51314245956101","99.51314245956101","99.51314245956101","99.51314245956101","valid","sr"
"sqrtvins_mono","lamaria","lamaria__hard","R_09_hard","run1","98.88360177166768","98.88360177166768","98.88360177166768","98.88360177166768","valid","sr"
"sqrtvins_mono","lamaria","lamaria__hard","R_09_hard","run2","98.88360177166768","98.88360177166768","98.88360177166768","98.88360177166768","valid","sr"
"sqrtvins_mono","lamaria","lamaria__hard","R_09_hard","run3","98.88360177166768","98.88360177166768","98.88360177166768","98.88360177166768","valid","sr"
"sqrtvins_mono","lamaria","lamaria__hard","R_10_hard","run1","99.97202368496465","99.97202368496465","99.97202368496465","99.97202368496465","valid","sr"
"sqrtvins_mono","lamaria","lamaria__hard","R_10_hard","run2","99.97202368496465","99.97202368496465","99.97202368496465","99.97202368496465","valid","sr"
"sqrtvins_mono","lamaria","lamaria__hard","R_10_hard","run3","99.97202368496465","99.97202368496465","99.97202368496465","99.97202368496465","valid","sr"
"svo_mono","lamaria","lamaria__hard","R_08_hard","run1","95.61713821693704","95.61713821693704","95.61713821693704","95.61713821693704","valid","sr"
"svo_mono","lamaria","lamaria__hard","R_08_hard","run2","95.80217645251213","95.80217645251213","95.80217645251213","95.80217645251213","valid","sr"
"svo_mono","lamaria","lamaria__hard","R_08_hard","run3","95.32344075279984","95.32344075279984","95.32344075279984","95.32344075279984","valid","sr"
"svo_mono","lamaria","lamaria__hard","R_09_hard","run1",,"","0","0.0","missing","sr"
"svo_mono","lamaria","lamaria__hard","R_09_hard","run2","94.62311266073971","94.62311266073971","94.62311266073971","94.62311266073971","valid","sr"
"svo_mono","lamaria","lamaria__hard","R_09_hard","run3","1.4684299462714574","1.4684299462714574","1.4684299462714574","1.4684299462714574","valid","sr"
"svo_mono","lamaria","lamaria__hard","R_10_hard","run1","96.25770459484264","96.25770459484264","96.25770459484264","96.25770459484264","valid","sr"
"svo_mono","lamaria","lamaria__hard","R_10_hard","run2","95.39440986159684","95.39440986159684","95.39440986159684","95.39440986159684","valid","sr"
"svo_mono","lamaria","lamaria__hard","R_10_hard","run3","1.692370378601396","1.692370378601396","1.692370378601396","1.692370378601396","valid","sr"
"vins-fusion_monoimu","lamaria","lamaria__hard","R_08_hard","run1","99.9668354413147","99.9668354413147","99.9668354413147","99.9668354413147","valid","sr"
"vins-fusion_monoimu","lamaria","lamaria__hard","R_08_hard","run2","99.96921789846085","99.96921789846085","99.96921789846085","99.96921789846085","valid","sr"
"vins-fusion_monoimu","lamaria","lamaria__hard","R_08_hard","run3","99.96921789846085","99.96921789846085","99.96921789846085","99.96921789846085","valid","sr"
"vins-fusion_monoimu","lamaria","lamaria__hard","R_09_hard","run1","97.97008659421674","97.97008659421674","97.97008659421674","97.97008659421674","valid","sr"
"vins-fusion_monoimu","lamaria","lamaria__hard","R_09_hard","run2","97.97008659421674","97.97008659421674","97.97008659421674","97.97008659421674","valid","sr"
"vins-fusion_monoimu","lamaria","lamaria__hard","R_09_hard","run3","97.97008659421674","97.97008659421674","97.97008659421674","97.97008659421674","valid","sr"
"vins-fusion_monoimu","lamaria","lamaria__hard","R_10_hard","run1","99.80533760787037","99.80533760787037","99.80533760787037","99.80533760787037","valid","sr"
"vins-fusion_monoimu","lamaria","lamaria__hard","R_10_hard","run2","99.575673611926","99.575673611926","99.575673611926","99.575673611926","valid","sr"
"vins-fusion_monoimu","lamaria","lamaria__hard","R_10_hard","run3","99.80533760787037","99.80533760787037","99.80533760787037","99.80533760787037","valid","sr"
"dm_vio","lamaria","lamaria__cp","R_11_5cp","run1",,"","0","0.0","missing","sr"
"dm_vio","lamaria","lamaria__cp","R_11_5cp","run2",,"","0","0.0","missing","sr"
"dm_vio","lamaria","lamaria__cp","R_11_5cp","run3",,"","0","0.0","missing","sr"
"dm_vio","lamaria","lamaria__cp","R_12_10cp","run1",,"","0","0.0","missing","sr"
"dm_vio","lamaria","lamaria__cp","R_12_10cp","run2",,"","0","0.0","missing","sr"
"dm_vio","lamaria","lamaria__cp","R_12_10cp","run3",,"","0","0.0","missing","sr"
"dm_vio","lamaria","lamaria__cp","R_13_15cp","run1",,"","0","0.0","missing","sr"
"dm_vio","lamaria","lamaria__cp","R_13_15cp","run2",,"","0","0.0","missing","sr"
"dm_vio","lamaria","lamaria__cp","R_13_15cp","run3",,"","0","0.0","missing","sr"
"kimera_vio_mono","lamaria","lamaria__cp","R_11_5cp","run1","99.99136899080476","99.99136899080476","99.99136899080476","99.99136899080476","valid","sr"
"kimera_vio_mono","lamaria","lamaria__cp","R_11_5cp","run2","99.99136899080476","99.99136899080476","99.99136899080476","99.99136899080476","valid","sr"
"kimera_vio_mono","lamaria","lamaria__cp","R_11_5cp","run3","99.99136899080476","99.99136899080476","99.99136899080476","99.99136899080476","valid","sr"
"kimera_vio_mono","lamaria","lamaria__cp","R_12_10cp","run1","99.71951925343518","99.71951925343518","99.71951925343518","99.71951925343518","valid","sr"
"kimera_vio_mono","lamaria","lamaria__cp","R_12_10cp","run2","99.71951925343518","99.71951925343518","99.71951925343518","99.71951925343518","valid","sr"
"kimera_vio_mono","lamaria","lamaria__cp","R_12_10cp","run3","99.793475516761","99.793475516761","99.793475516761","99.793475516761","valid","sr"
"kimera_vio_mono","lamaria","lamaria__cp","R_13_15cp","run1","99.97997283178698","99.97997283178698","99.97997283178698","99.97997283178698","valid","sr"
"kimera_vio_mono","lamaria","lamaria__cp","R_13_15cp","run2","99.97997283178698","99.97997283178698","99.97997283178698","99.97997283178698","valid","sr"
"kimera_vio_mono","lamaria","lamaria__cp","R_13_15cp","run3","99.97811761666098","99.97811761666098","99.97811761666098","99.97811761666098","valid","sr"
"okvis2x_mono","lamaria","lamaria__cp","R_11_5cp","run1","99.61994292428422","99.61994292428422","99.61994292428422","99.61994292428422","valid","sr"
"okvis2x_mono","lamaria","lamaria__cp","R_11_5cp","run2","98.37904188945444","98.37904188945444","98.37904188945444","98.37904188945444","valid","sr"
"okvis2x_mono","lamaria","lamaria__cp","R_11_5cp","run3","26.010635886507","26.010635886507","26.010635886507","26.010635886507","valid","sr"
"okvis2x_mono","lamaria","lamaria__cp","R_12_10cp","run1","98.62094463265014","98.62094463265014","98.62094463265014","98.62094463265014","valid","sr"
"okvis2x_mono","lamaria","lamaria__cp","R_12_10cp","run2","74.71648170799754","74.71648170799754","74.71648170799754","74.71648170799754","valid","sr"
"okvis2x_mono","lamaria","lamaria__cp","R_12_10cp","run3","82.39064298461304","82.39064298461304","82.39064298461304","82.39064298461304","valid","sr"
"okvis2x_mono","lamaria","lamaria__cp","R_13_15cp","run1","99.82381566666848","99.82381566666848","99.82381566666848","99.82381566666848","valid","sr"
"okvis2x_mono","lamaria","lamaria__cp","R_13_15cp","run2","99.86456538921506","99.86456538921506","99.86456538921506","99.86456538921506","valid","sr"
"okvis2x_mono","lamaria","lamaria__cp","R_13_15cp","run3","99.71516777775254","99.71516777775254","99.71516777775254","99.71516777775254","valid","sr"
"open_vins_mono","lamaria","lamaria__cp","R_11_5cp","run1","99.54195235998085","99.54195235998085","99.54195235998085","99.54195235998085","valid","sr"
"open_vins_mono","lamaria","lamaria__cp","R_11_5cp","run2","99.4376558439532","99.4376558439532","99.4376558439532","99.4376558439532","valid","sr"
"open_vins_mono","lamaria","lamaria__cp","R_11_5cp","run3","99.5567952242278","99.5567952242278","99.5567952242278","99.5567952242278","valid","sr"
"open_vins_mono","lamaria","lamaria__cp","R_12_10cp","run1","99.61018352117958","99.61018352117958","99.61018352117958","99.61018352117958","valid","sr"
"open_vins_mono","lamaria","lamaria__cp","R_12_10cp","run2","99.43641792091653","99.43641792091653","99.43641792091653","99.43641792091653","valid","sr"
"open_vins_mono","lamaria","lamaria__cp","R_12_10cp","run3","99.55372067715275","99.55372067715275","99.55372067715275","99.55372067715275","valid","sr"
"open_vins_mono","lamaria","lamaria__cp","R_13_15cp","run1","99.90446079150638","99.90446079150638","99.90446079150638","99.90446079150638","valid","sr"
"open_vins_mono","lamaria","lamaria__cp","R_13_15cp","run2","99.73173334534202","99.73173334534202","99.73173334534202","99.73173334534202","valid","sr"
"open_vins_mono","lamaria","lamaria__cp","R_13_15cp","run3","99.73173334534202","99.73173334534202","99.73173334534202","99.73173334534202","valid","sr"
"orb_slam3_mono","lamaria","lamaria__cp","R_11_5cp","run1","18.149767536719374","18.149767536719374","18.149767536719374","18.149767536719374","valid","sr"
"orb_slam3_mono","lamaria","lamaria__cp","R_11_5cp","run2","94.12497460092764","94.12497460092764","94.12497460092764","94.12497460092764","valid","sr"
"orb_slam3_mono","lamaria","lamaria__cp","R_11_5cp","run3","95.422556648556","95.422556648556","95.422556648556","95.422556648556","valid","sr"
"orb_slam3_mono","lamaria","lamaria__cp","R_12_10cp","run1",,"","0","0.0","missing","sr"
"orb_slam3_mono","lamaria","lamaria__cp","R_12_10cp","run2",,"","0","0.0","missing","sr"
"orb_slam3_mono","lamaria","lamaria__cp","R_12_10cp","run3",,"","0","0.0","missing","sr"
"orb_slam3_mono","lamaria","lamaria__cp","R_13_15cp","run1",,"","0","0.0","missing","sr"
"orb_slam3_mono","lamaria","lamaria__cp","R_13_15cp","run2",,"","0","0.0","missing","sr"
"orb_slam3_mono","lamaria","lamaria__cp","R_13_15cp","run3",,"","0","0.0","missing","sr"
"rovio","lamaria","lamaria__cp","R_11_5cp","run1","66.23851920570459","66.23851920570459","66.23851920570459","66.23851920570459","valid","sr"
"rovio","lamaria","lamaria__cp","R_11_5cp","run2","66.23851920570459","66.23851920570459","66.23851920570459","66.23851920570459","valid","sr"
"rovio","lamaria","lamaria__cp","R_11_5cp","run3","66.23851920570459","66.23851920570459","66.23851920570459","66.23851920570459","valid","sr"
"rovio","lamaria","lamaria__cp","R_12_10cp","run1","98.92287093958403","98.92287093958403","98.92287093958403","98.92287093958403","valid","sr"
"rovio","lamaria","lamaria__cp","R_12_10cp","run2","98.92287093958403","98.92287093958403","98.92287093958403","98.92287093958403","valid","sr"
"rovio","lamaria","lamaria__cp","R_12_10cp","run3","98.92287093958403","98.92287093958403","98.92287093958403","98.92287093958403","valid","sr"
"rovio","lamaria","lamaria__cp","R_13_15cp","run1","99.98275521718601","99.98275521718601","99.98275521718601","99.98275521718601","valid","sr"
"rovio","lamaria","lamaria__cp","R_13_15cp","run2","99.98275521718601","99.98275521718601","99.98275521718601","99.98275521718601","valid","sr"
"rovio","lamaria","lamaria__cp","R_13_15cp","run3","99.98275521718601","99.98275521718601","99.98275521718601","99.98275521718601","valid","sr"
"sqrtvins_mono","lamaria","lamaria__cp","R_11_5cp","run1","99.83382486425891","99.83382486425891","99.83382486425891","99.83382486425891","valid","sr"
"sqrtvins_mono","lamaria","lamaria__cp","R_11_5cp","run2","99.83382486425891","99.83382486425891","99.83382486425891","99.83382486425891","valid","sr"
"sqrtvins_mono","lamaria","lamaria__cp","R_11_5cp","run3","99.83382486425891","99.83382486425891","99.83382486425891","99.83382486425891","valid","sr"
"sqrtvins_mono","lamaria","lamaria__cp","R_12_10cp","run1","99.60998823923465","99.60998823923465","99.60998823923465","99.60998823923465","valid","sr"
"sqrtvins_mono","lamaria","lamaria__cp","R_12_10cp","run2","99.60998823923465","99.60998823923465","99.60998823923465","99.60998823923465","valid","sr"
"sqrtvins_mono","lamaria","lamaria__cp","R_12_10cp","run3","99.60998823923465","99.60998823923465","99.60998823923465","99.60998823923465","valid","sr"
"sqrtvins_mono","lamaria","lamaria__cp","R_13_15cp","run1","99.90308616356653","99.90308616356653","99.90308616356653","99.90308616356653","valid","sr"
"sqrtvins_mono","lamaria","lamaria__cp","R_13_15cp","run2","99.90308616356653","99.90308616356653","99.90308616356653","99.90308616356653","valid","sr"
"sqrtvins_mono","lamaria","lamaria__cp","R_13_15cp","run3","99.90308616356653","99.90308616356653","99.90308616356653","99.90308616356653","valid","sr"
"svo_mono","lamaria","lamaria__cp","R_11_5cp","run1","42.968029878907075","42.968029878907075","42.968029878907075","42.968029878907075","valid","sr"
"svo_mono","lamaria","lamaria__cp","R_11_5cp","run2","96.84061197067105","96.84061197067105","96.84061197067105","96.84061197067105","valid","sr"
"svo_mono","lamaria","lamaria__cp","R_11_5cp","run3","96.58673454304632","96.58673454304632","96.58673454304632","96.58673454304632","valid","sr"
"svo_mono","lamaria","lamaria__cp","R_12_10cp","run1","45.181438383755726","45.181438383755726","45.181438383755726","45.181438383755726","valid","sr"
"svo_mono","lamaria","lamaria__cp","R_12_10cp","run2","67.86838590336166","67.86838590336166","67.86838590336166","67.86838590336166","valid","sr"
"svo_mono","lamaria","lamaria__cp","R_12_10cp","run3","94.67838992341086","94.67838992341086","94.67838992341086","94.67838992341086","valid","sr"
"svo_mono","lamaria","lamaria__cp","R_13_15cp","run1","35.5336135163218","35.5336135163218","35.5336135163218","35.5336135163218","valid","sr"
"svo_mono","lamaria","lamaria__cp","R_13_15cp","run2","98.6969762130698","98.6969762130698","98.6969762130698","98.6969762130698","valid","sr"
"svo_mono","lamaria","lamaria__cp","R_13_15cp","run3","11.537019560256171","11.537019560256171","11.537019560256171","11.537019560256171","valid","sr"
"vins-fusion_monoimu","lamaria","lamaria__cp","R_11_5cp","run1","99.98793574007274","99.98793574007274","99.98793574007274","99.98793574007274","valid","sr"
"vins-fusion_monoimu","lamaria","lamaria__cp","R_11_5cp","run2","99.98793574007274","99.98793574007274","99.98793574007274","99.98793574007274","valid","sr"
"vins-fusion_monoimu","lamaria","lamaria__cp","R_11_5cp","run3","100","100.0","100","100.0","valid","sr"
"vins-fusion_monoimu","lamaria","lamaria__cp","R_12_10cp","run1","100","100.0","100","100.0","valid","sr"
"vins-fusion_monoimu","lamaria","lamaria__cp","R_12_10cp","run2","100","100.0","100","100.0","valid","sr"
"vins-fusion_monoimu","lamaria","lamaria__cp","R_12_10cp","run3","99.9746763654403","99.9746763654403","99.9746763654403","99.9746763654403","valid","sr"
"vins-fusion_monoimu","lamaria","lamaria__cp","R_13_15cp","run1","99.99423202599903","99.99423202599903","99.99423202599903","99.99423202599903","valid","sr"
"vins-fusion_monoimu","lamaria","lamaria__cp","R_13_15cp","run2","99.99423202599903","99.99423202599903","99.99423202599903","99.99423202599903","valid","sr"
"vins-fusion_monoimu","lamaria","lamaria__cp","R_13_15cp","run3","99.99423202599903","99.99423202599903","99.99423202599903","99.99423202599903","valid","sr"
"dm_vio","lamaria","lamaria__add","sequence_1_19","run1","7.283591999093312","7.283591999093312","7.283591999093312","7.283591999093312","valid","sr"
"dm_vio","lamaria","lamaria__add","sequence_1_19","run2","5.004070631917458","5.004070631917458","5.004070631917458","5.004070631917458","valid","sr"
"dm_vio","lamaria","lamaria__add","sequence_1_19","run3","0.3795817454934173","0.3795817454934173","0.3795817454934173","0.3795817454934173","valid","sr"
"dm_vio","lamaria","lamaria__add","sequence_1_20","run1",,"","0","0.0","invalid","sr"
"dm_vio","lamaria","lamaria__add","sequence_1_20","run2","10.52040017043248","10.52040017043248","10.52040017043248","10.52040017043248","valid","sr"
"dm_vio","lamaria","lamaria__add","sequence_1_20","run3","0.33658158025218554","0.33658158025218554","0.33658158025218554","0.33658158025218554","valid","sr"
"dm_vio","lamaria","lamaria__add","sequence_2_11","run1",,"","0","0.0","missing","sr"
"dm_vio","lamaria","lamaria__add","sequence_2_11","run2",,"","0","0.0","missing","sr"
"dm_vio","lamaria","lamaria__add","sequence_2_11","run3",,"","0","0.0","missing","sr"
"dm_vio","lamaria","lamaria__add","sequence_2_12","run1",,"","0","0.0","missing","sr"
"dm_vio","lamaria","lamaria__add","sequence_2_12","run2",,"","0","0.0","missing","sr"
"dm_vio","lamaria","lamaria__add","sequence_2_12","run3",,"","0","0.0","missing","sr"
"dm_vio","lamaria","lamaria__add","sequence_3_17","run1",,"","0","0.0","missing","sr"
"dm_vio","lamaria","lamaria__add","sequence_3_17","run2",,"","0","0.0","missing","sr"
"dm_vio","lamaria","lamaria__add","sequence_3_17","run3",,"","0","0.0","missing","sr"
"dm_vio","lamaria","lamaria__add","sequence_3_18","run1","0.14212415541522172","0.14212415541522172","0.14212415541522172","0.14212415541522172","valid","sr"
"dm_vio","lamaria","lamaria__add","sequence_3_18","run2","3.3622223669377354","3.3622223669377354","3.3622223669377354","3.3622223669377354","valid","sr"
"dm_vio","lamaria","lamaria__add","sequence_3_18","run3","0.16384180628118888","0.16384180628118888","0.16384180628118888","0.16384180628118888","valid","sr"
"dm_vio","lamaria","lamaria__add","sequence_4_10","run1","0.17945373584984553","0.17945373584984553","0.17945373584984553","0.17945373584984553","valid","sr"
"dm_vio","lamaria","lamaria__add","sequence_4_10","run2","5.342278385602765","5.342278385602765","5.342278385602765","5.342278385602765","valid","sr"
"dm_vio","lamaria","lamaria__add","sequence_4_10","run3","3.998775937769053","3.998775937769053","3.998775937769053","3.998775937769053","valid","sr"
"dm_vio","lamaria","lamaria__add","sequence_4_11","run1","3.1145597523306248","3.1145597523306248","3.1145597523306248","3.1145597523306248","valid","sr"
"dm_vio","lamaria","lamaria__add","sequence_4_11","run2","0.5378550400119081","0.5378550400119081","0.5378550400119081","0.5378550400119081","valid","sr"
"dm_vio","lamaria","lamaria__add","sequence_4_11","run3","0.6120284192464615","0.6120284192464615","0.6120284192464615","0.6120284192464615","valid","sr"
"kimera_vio_mono","lamaria","lamaria__add","sequence_1_19","run1","99.97234276344076","99.97234276344076","99.97234276344076","99.97234276344076","valid","sr"
"kimera_vio_mono","lamaria","lamaria__add","sequence_1_19","run2","99.97234276344076","99.97234276344076","99.97234276344076","99.97234276344076","valid","sr"
"kimera_vio_mono","lamaria","lamaria__add","sequence_1_19","run3","99.97234276344076","99.97234276344076","99.97234276344076","99.97234276344076","valid","sr"
"kimera_vio_mono","lamaria","lamaria__add","sequence_1_20","run1","0","0.0","0","0.0","valid","sr"
"kimera_vio_mono","lamaria","lamaria__add","sequence_1_20","run2","0","0.0","0","0.0","valid","sr"
"kimera_vio_mono","lamaria","lamaria__add","sequence_1_20","run3","0","0.0","0","0.0","valid","sr"
"kimera_vio_mono","lamaria","lamaria__add","sequence_2_11","run1","99.79710698666749","99.79710698666749","99.79710698666749","99.79710698666749","valid","sr"
"kimera_vio_mono","lamaria","lamaria__add","sequence_2_11","run2","99.79710698666749","99.79710698666749","99.79710698666749","99.79710698666749","valid","sr"
"kimera_vio_mono","lamaria","lamaria__add","sequence_2_11","run3","99.79710698666749","99.79710698666749","99.79710698666749","99.79710698666749","valid","sr"
"kimera_vio_mono","lamaria","lamaria__add","sequence_2_12","run1","0.17039171531933833","0.17039171531933833","0.17039171531933833","0.17039171531933833","valid","sr"
"kimera_vio_mono","lamaria","lamaria__add","sequence_2_12","run2","0.17039171531933833","0.17039171531933833","0.17039171531933833","0.17039171531933833","valid","sr"
"kimera_vio_mono","lamaria","lamaria__add","sequence_2_12","run3","0.17039171531933833","0.17039171531933833","0.17039171531933833","0.17039171531933833","valid","sr"
"kimera_vio_mono","lamaria","lamaria__add","sequence_3_17","run1","99.99647242054101","99.99647242054101","99.99647242054101","99.99647242054101","valid","sr"
"kimera_vio_mono","lamaria","lamaria__add","sequence_3_17","run2","99.99647242054101","99.99647242054101","99.99647242054101","99.99647242054101","valid","sr"
"kimera_vio_mono","lamaria","lamaria__add","sequence_3_17","run3","99.99647242054101","99.99647242054101","99.99647242054101","99.99647242054101","valid","sr"
"kimera_vio_mono","lamaria","lamaria__add","sequence_3_18","run1","49.59985768151461","49.59985768151461","49.59985768151461","49.59985768151461","valid","sr"
"kimera_vio_mono","lamaria","lamaria__add","sequence_3_18","run2","49.59985768151461","49.59985768151461","49.59985768151461","49.59985768151461","valid","sr"
"kimera_vio_mono","lamaria","lamaria__add","sequence_3_18","run3","49.098869073075655","49.098869073075655","49.098869073075655","49.098869073075655","valid","sr"
"kimera_vio_mono","lamaria","lamaria__add","sequence_4_10","run1","11.597226502933704","11.597226502933704","11.597226502933704","11.597226502933704","valid","sr"
"kimera_vio_mono","lamaria","lamaria__add","sequence_4_10","run2","11.597226502933704","11.597226502933704","11.597226502933704","11.597226502933704","valid","sr"
"kimera_vio_mono","lamaria","lamaria__add","sequence_4_10","run3","11.597226502933704","11.597226502933704","11.597226502933704","11.597226502933704","valid","sr"
"kimera_vio_mono","lamaria","lamaria__add","sequence_4_11","run1","0","0.0","0","0.0","valid","sr"
"kimera_vio_mono","lamaria","lamaria__add","sequence_4_11","run2","0","0.0","0","0.0","valid","sr"
"kimera_vio_mono","lamaria","lamaria__add","sequence_4_11","run3","0","0.0","0","0.0","valid","sr"
"okvis2x_mono","lamaria","lamaria__add","sequence_1_19","run1","2.80947983399783","2.80947983399783","2.80947983399783","2.80947983399783","valid","sr"
"okvis2x_mono","lamaria","lamaria__add","sequence_1_19","run2","2.6967751848571537","2.6967751848571537","2.6967751848571537","2.6967751848571537","valid","sr"
"okvis2x_mono","lamaria","lamaria__add","sequence_1_19","run3","2.6967751848571537","2.6967751848571537","2.6967751848571537","2.6967751848571537","valid","sr"
"okvis2x_mono","lamaria","lamaria__add","sequence_1_20","run1","99.16924199433993","99.16924199433993","99.16924199433993","99.16924199433993","valid","sr"
"okvis2x_mono","lamaria","lamaria__add","sequence_1_20","run2","99.4418346843698","99.4418346843698","99.4418346843698","99.4418346843698","valid","sr"
"okvis2x_mono","lamaria","lamaria__add","sequence_1_20","run3","99.24955236153961","99.24955236153961","99.24955236153961","99.24955236153961","valid","sr"
"okvis2x_mono","lamaria","lamaria__add","sequence_2_11","run1","77.00369012061631","77.00369012061631","77.00369012061631","77.00369012061631","valid","sr"
"okvis2x_mono","lamaria","lamaria__add","sequence_2_11","run2","70.34183521745734","70.34183521745734","70.34183521745734","70.34183521745734","valid","sr"
"okvis2x_mono","lamaria","lamaria__add","sequence_2_11","run3","8.254477926938772","8.254477926938772","8.254477926938772","8.254477926938772","valid","sr"
"okvis2x_mono","lamaria","lamaria__add","sequence_2_12","run1","98.1891739310599","98.1891739310599","98.1891739310599","98.1891739310599","valid","sr"
"okvis2x_mono","lamaria","lamaria__add","sequence_2_12","run2","59.44695272592527","59.44695272592527","59.44695272592527","59.44695272592527","valid","sr"
"okvis2x_mono","lamaria","lamaria__add","sequence_2_12","run3","88.37036159537789","88.37036159537789","88.37036159537789","88.37036159537789","valid","sr"
"okvis2x_mono","lamaria","lamaria__add","sequence_3_17","run1","99.18573884472363","99.18573884472363","99.18573884472363","99.18573884472363","valid","sr"
"okvis2x_mono","lamaria","lamaria__add","sequence_3_17","run2","99.361871239395","99.361871239395","99.361871239395","99.361871239395","valid","sr"
"okvis2x_mono","lamaria","lamaria__add","sequence_3_17","run3","99.09358971840457","99.09358971840457","99.09358971840457","99.09358971840457","valid","sr"
"okvis2x_mono","lamaria","lamaria__add","sequence_3_18","run1","99.45412689455335","99.45412689455335","99.45412689455335","99.45412689455335","valid","sr"
"okvis2x_mono","lamaria","lamaria__add","sequence_3_18","run2","99.45226658125206","99.45226658125206","99.45226658125206","99.45226658125206","valid","sr"
"okvis2x_mono","lamaria","lamaria__add","sequence_3_18","run3","99.54515019271771","99.54515019271771","99.54515019271771","99.54515019271771","valid","sr"
"okvis2x_mono","lamaria","lamaria__add","sequence_4_10","run1","0.640243185887756","0.640243185887756","0.640243185887756","0.640243185887756","valid","sr"
"okvis2x_mono","lamaria","lamaria__add","sequence_4_10","run2","0.21224528187271563","0.21224528187271563","0.21224528187271563","0.21224528187271563","valid","sr"
"okvis2x_mono","lamaria","lamaria__add","sequence_4_10","run3","0.640243185887756","0.640243185887756","0.640243185887756","0.640243185887756","valid","sr"
"okvis2x_mono","lamaria","lamaria__add","sequence_4_11","run1","41.5560746249645","41.5560746249645","41.5560746249645","41.5560746249645","valid","sr"
"okvis2x_mono","lamaria","lamaria__add","sequence_4_11","run2","37.420012184337175","37.420012184337175","37.420012184337175","37.420012184337175","valid","sr"
"okvis2x_mono","lamaria","lamaria__add","sequence_4_11","run3","37.52598330558426","37.52598330558426","37.52598330558426","37.52598330558426","valid","sr"
"open_vins_mono","lamaria","lamaria__add","sequence_1_19","run1","99.88088921650173","99.88088921650173","99.88088921650173","99.88088921650173","valid","sr"
"open_vins_mono","lamaria","lamaria__add","sequence_1_19","run2","99.88088921650173","99.88088921650173","99.88088921650173","99.88088921650173","valid","sr"
"open_vins_mono","lamaria","lamaria__add","sequence_1_19","run3","99.89982112060255","99.89982112060255","99.89982112060255","99.89982112060255","valid","sr"
"open_vins_mono","lamaria","lamaria__add","sequence_1_20","run1","99.89046669452077","99.89046669452077","99.89046669452077","99.89046669452077","valid","sr"
"open_vins_mono","lamaria","lamaria__add","sequence_1_20","run2","99.9486413299924","99.9486413299924","99.9486413299924","99.9486413299924","valid","sr"
"open_vins_mono","lamaria","lamaria__add","sequence_1_20","run3","99.9486413299924","99.9486413299924","99.9486413299924","99.9486413299924","valid","sr"
"open_vins_mono","lamaria","lamaria__add","sequence_2_11","run1","99.46588621536921","99.46588621536921","99.46588621536921","99.46588621536921","valid","sr"
"open_vins_mono","lamaria","lamaria__add","sequence_2_11","run2","99.89656236470739","99.89656236470739","99.89656236470739","99.89656236470739","valid","sr"
"open_vins_mono","lamaria","lamaria__add","sequence_2_11","run3","99.5469618662218","99.5469618662218","99.5469618662218","99.5469618662218","valid","sr"
"open_vins_mono","lamaria","lamaria__add","sequence_2_12","run1","99.33240819919983","99.33240819919983","99.33240819919983","99.33240819919983","valid","sr"
"open_vins_mono","lamaria","lamaria__add","sequence_2_12","run2","0","0.0","0","0.0","valid","sr"
"open_vins_mono","lamaria","lamaria__add","sequence_2_12","run3","99.32394017738264","99.32394017738264","99.32394017738264","99.32394017738264","valid","sr"
"open_vins_mono","lamaria","lamaria__add","sequence_3_17","run1","99.54592440862972","99.54592440862972","99.54592440862972","99.54592440862972","valid","sr"
"open_vins_mono","lamaria","lamaria__add","sequence_3_17","run2","99.57087696412975","99.57087696412975","99.57087696412975","99.57087696412975","valid","sr"
"open_vins_mono","lamaria","lamaria__add","sequence_3_17","run3","99.44921095493578","99.44921095493578","99.44921095493578","99.44921095493578","valid","sr"
"open_vins_mono","lamaria","lamaria__add","sequence_3_18","run1","99.31872209385642","99.31872209385642","99.31872209385642","99.31872209385642","valid","sr"
"open_vins_mono","lamaria","lamaria__add","sequence_3_18","run2","99.19662818653359","99.19662818653359","99.19662818653359","99.19662818653359","valid","sr"
"open_vins_mono","lamaria","lamaria__add","sequence_3_18","run3","99.42173017086326","99.42173017086326","99.42173017086326","99.42173017086326","valid","sr"
"open_vins_mono","lamaria","lamaria__add","sequence_4_10","run1","16.087335646252548","16.087335646252548","16.087335646252548","16.087335646252548","valid","sr"
"open_vins_mono","lamaria","lamaria__add","sequence_4_10","run2","15.718056585870817","15.718056585870817","15.718056585870817","15.718056585870817","valid","sr"
"open_vins_mono","lamaria","lamaria__add","sequence_4_10","run3","15.26786798801677","15.26786798801677","15.26786798801677","15.26786798801677","valid","sr"
"open_vins_mono","lamaria","lamaria__add","sequence_4_11","run1","0.09828239913164108","0.09828239913164108","0.09828239913164108","0.09828239913164108","valid","sr"
"open_vins_mono","lamaria","lamaria__add","sequence_4_11","run2","0","0.0","0","0.0","valid","sr"
"open_vins_mono","lamaria","lamaria__add","sequence_4_11","run3","99.04304328918953","99.04304328918953","99.04304328918953","99.04304328918953","valid","sr"
"orb_slam3_mono","lamaria","lamaria__add","sequence_1_19","run1","61.43823857417946","61.43823857417946","61.43823857417946","61.43823857417946","valid","sr"
"orb_slam3_mono","lamaria","lamaria__add","sequence_1_19","run2","70.15313023385941","70.15313023385941","70.15313023385941","70.15313023385941","valid","sr"
"orb_slam3_mono","lamaria","lamaria__add","sequence_1_19","run3","73.63727401683595","73.63727401683595","73.63727401683595","73.63727401683595","valid","sr"
"orb_slam3_mono","lamaria","lamaria__add","sequence_1_20","run1","25.87394857167587","25.87394857167587","25.87394857167587","25.87394857167587","valid","sr"
"orb_slam3_mono","lamaria","lamaria__add","sequence_1_20","run2","63.098050672617845","63.098050672617845","63.098050672617845","63.098050672617845","valid","sr"
"orb_slam3_mono","lamaria","lamaria__add","sequence_1_20","run3","25.782070580947526","25.782070580947526","25.782070580947526","25.782070580947526","valid","sr"
"orb_slam3_mono","lamaria","lamaria__add","sequence_2_11","run1",,"","0","0.0","missing","sr"
"orb_slam3_mono","lamaria","lamaria__add","sequence_2_11","run2",,"","0","0.0","missing","sr"
"orb_slam3_mono","lamaria","lamaria__add","sequence_2_11","run3",,"","0","0.0","missing","sr"
"orb_slam3_mono","lamaria","lamaria__add","sequence_2_12","run1",,"","0","0.0","missing","sr"
"orb_slam3_mono","lamaria","lamaria__add","sequence_2_12","run2",,"","0","0.0","missing","sr"
"orb_slam3_mono","lamaria","lamaria__add","sequence_2_12","run3",,"","0","0.0","missing","sr"
"orb_slam3_mono","lamaria","lamaria__add","sequence_3_17","run1",,"","0","0.0","missing","sr"
"orb_slam3_mono","lamaria","lamaria__add","sequence_3_17","run2",,"","0","0.0","missing","sr"
"orb_slam3_mono","lamaria","lamaria__add","sequence_3_17","run3",,"","0","0.0","missing","sr"
"orb_slam3_mono","lamaria","lamaria__add","sequence_3_18","run1","74.07654151261895","74.07654151261895","74.07654151261895","74.07654151261895","valid","sr"
"orb_slam3_mono","lamaria","lamaria__add","sequence_3_18","run2","74.15123512617396","74.15123512617396","74.15123512617396","74.15123512617396","valid","sr"
"orb_slam3_mono","lamaria","lamaria__add","sequence_3_18","run3","10.917132602511462","10.917132602511462","10.917132602511462","10.917132602511462","valid","sr"
"orb_slam3_mono","lamaria","lamaria__add","sequence_4_10","run1","2.5990835651993986","2.5990835651993986","2.5990835651993986","2.5990835651993986","valid","sr"
"orb_slam3_mono","lamaria","lamaria__add","sequence_4_10","run2","17.706446338762962","17.706446338762962","17.706446338762962","17.706446338762962","valid","sr"
"orb_slam3_mono","lamaria","lamaria__add","sequence_4_10","run3","21.050345101613278","21.050345101613278","21.050345101613278","21.050345101613278","valid","sr"
"orb_slam3_mono","lamaria","lamaria__add","sequence_4_11","run1","3.381921320670614","3.381921320670614","3.381921320670614","3.381921320670614","valid","sr"
"orb_slam3_mono","lamaria","lamaria__add","sequence_4_11","run2","9.129335225003302","9.129335225003302","9.129335225003302","9.129335225003302","valid","sr"
"orb_slam3_mono","lamaria","lamaria__add","sequence_4_11","run3","19.215586764404822","19.215586764404822","19.215586764404822","19.215586764404822","valid","sr"
"rovio","lamaria","lamaria__add","sequence_1_19","run1","0.7050043515210762","0.7050043515210762","0.7050043515210762","0.7050043515210762","valid","sr"
"rovio","lamaria","lamaria__add","sequence_1_19","run2","0.7050043515210762","0.7050043515210762","0.7050043515210762","0.7050043515210762","valid","sr"
"rovio","lamaria","lamaria__add","sequence_1_19","run3","0.7050043515210762","0.7050043515210762","0.7050043515210762","0.7050043515210762","valid","sr"
"rovio","lamaria","lamaria__add","sequence_1_20","run1","100","100.0","100","100.0","valid","sr"
"rovio","lamaria","lamaria__add","sequence_1_20","run2","100","100.0","100","100.0","valid","sr"
"rovio","lamaria","lamaria__add","sequence_1_20","run3","100","100.0","100","100.0","valid","sr"
"rovio","lamaria","lamaria__add","sequence_2_11","run1","0","0.0","0","0.0","valid","sr"
"rovio","lamaria","lamaria__add","sequence_2_11","run2","0","0.0","0","0.0","valid","sr"
"rovio","lamaria","lamaria__add","sequence_2_11","run3","0","0.0","0","0.0","valid","sr"
"rovio","lamaria","lamaria__add","sequence_2_12","run1","0.35237001325093503","0.35237001325093503","0.35237001325093503","0.35237001325093503","valid","sr"
"rovio","lamaria","lamaria__add","sequence_2_12","run2","0","0.0","0","0.0","valid","sr"
"rovio","lamaria","lamaria__add","sequence_2_12","run3","0.35237001325093503","0.35237001325093503","0.35237001325093503","0.35237001325093503","valid","sr"
"rovio","lamaria","lamaria__add","sequence_3_17","run1","99.49325092613417","99.49325092613417","99.49325092613417","99.49325092613417","valid","sr"
"rovio","lamaria","lamaria__add","sequence_3_17","run2","99.49325092613417","99.49325092613417","99.49325092613417","99.49325092613417","valid","sr"
"rovio","lamaria","lamaria__add","sequence_3_17","run3","99.49325092613417","99.49325092613417","99.49325092613417","99.49325092613417","valid","sr"
"rovio","lamaria","lamaria__add","sequence_3_18","run1","99.71072303831576","99.71072303831576","99.71072303831576","99.71072303831576","valid","sr"
"rovio","lamaria","lamaria__add","sequence_3_18","run2","99.71072303831576","99.71072303831576","99.71072303831576","99.71072303831576","valid","sr"
"rovio","lamaria","lamaria__add","sequence_3_18","run3","99.71072303831576","99.71072303831576","99.71072303831576","99.71072303831576","valid","sr"
"rovio","lamaria","lamaria__add","sequence_4_10","run1","99.84372460646377","99.84372460646377","99.84372460646377","99.84372460646377","valid","sr"
"rovio","lamaria","lamaria__add","sequence_4_10","run2","99.84372460646377","99.84372460646377","99.84372460646377","99.84372460646377","valid","sr"
"rovio","lamaria","lamaria__add","sequence_4_10","run3","99.84372460646377","99.84372460646377","99.84372460646377","99.84372460646377","valid","sr"
"rovio","lamaria","lamaria__add","sequence_4_11","run1","96.33591739181513","96.33591739181513","96.33591739181513","96.33591739181513","valid","sr"
"rovio","lamaria","lamaria__add","sequence_4_11","run2","96.33591739181513","96.33591739181513","96.33591739181513","96.33591739181513","valid","sr"
"rovio","lamaria","lamaria__add","sequence_4_11","run3","96.33591739181513","96.33591739181513","96.33591739181513","96.33591739181513","valid","sr"
"sqrtvins_mono","lamaria","lamaria__add","sequence_1_19","run1","99.88148688306353","99.88148688306353","99.88148688306353","99.88148688306353","valid","sr"
"sqrtvins_mono","lamaria","lamaria__add","sequence_1_19","run2","99.88148688306353","99.88148688306353","99.88148688306353","99.88148688306353","valid","sr"
"sqrtvins_mono","lamaria","lamaria__add","sequence_1_19","run3","99.88148688306353","99.88148688306353","99.88148688306353","99.88148688306353","valid","sr"
"sqrtvins_mono","lamaria","lamaria__add","sequence_1_20","run1","99.77508242619045","99.77508242619045","99.77508242619045","99.77508242619045","valid","sr"
"sqrtvins_mono","lamaria","lamaria__add","sequence_1_20","run2","99.77508242619045","99.77508242619045","99.77508242619045","99.77508242619045","valid","sr"
"sqrtvins_mono","lamaria","lamaria__add","sequence_1_20","run3","99.77508242619045","99.77508242619045","99.77508242619045","99.77508242619045","valid","sr"
"sqrtvins_mono","lamaria","lamaria__add","sequence_2_11","run1","99.87466670699573","99.87466670699573","99.87466670699573","99.87466670699573","valid","sr"
"sqrtvins_mono","lamaria","lamaria__add","sequence_2_11","run2","99.87466670699573","99.87466670699573","99.87466670699573","99.87466670699573","valid","sr"
"sqrtvins_mono","lamaria","lamaria__add","sequence_2_11","run3","99.87466670699573","99.87466670699573","99.87466670699573","99.87466670699573","valid","sr"
"sqrtvins_mono","lamaria","lamaria__add","sequence_2_12","run1","98.89781208761615","98.89781208761615","98.89781208761615","98.89781208761615","valid","sr"
"sqrtvins_mono","lamaria","lamaria__add","sequence_2_12","run2","98.89781208761615","98.89781208761615","98.89781208761615","98.89781208761615","valid","sr"
"sqrtvins_mono","lamaria","lamaria__add","sequence_2_12","run3","98.89781208761615","98.89781208761615","98.89781208761615","98.89781208761615","valid","sr"
"sqrtvins_mono","lamaria","lamaria__add","sequence_3_17","run1","99.52496526899233","99.52496526899233","99.52496526899233","99.52496526899233","valid","sr"
"sqrtvins_mono","lamaria","lamaria__add","sequence_3_17","run2","99.52496526899233","99.52496526899233","99.52496526899233","99.52496526899233","valid","sr"
"sqrtvins_mono","lamaria","lamaria__add","sequence_3_17","run3","99.52496526899233","99.52496526899233","99.52496526899233","99.52496526899233","valid","sr"
"sqrtvins_mono","lamaria","lamaria__add","sequence_3_18","run1","99.31331749288034","99.31331749288034","99.31331749288034","99.31331749288034","valid","sr"
"sqrtvins_mono","lamaria","lamaria__add","sequence_3_18","run2","99.31331749288034","99.31331749288034","99.31331749288034","99.31331749288034","valid","sr"
"sqrtvins_mono","lamaria","lamaria__add","sequence_3_18","run3","99.31331749288034","99.31331749288034","99.31331749288034","99.31331749288034","valid","sr"
"sqrtvins_mono","lamaria","lamaria__add","sequence_4_10","run1","99.50061721125354","99.50061721125354","99.50061721125354","99.50061721125354","valid","sr"
"sqrtvins_mono","lamaria","lamaria__add","sequence_4_10","run2","99.50061721125354","99.50061721125354","99.50061721125354","99.50061721125354","valid","sr"
"sqrtvins_mono","lamaria","lamaria__add","sequence_4_10","run3","99.50061721125354","99.50061721125354","99.50061721125354","99.50061721125354","valid","sr"
"sqrtvins_mono","lamaria","lamaria__add","sequence_4_11","run1","98.97004488958754","98.97004488958754","98.97004488958754","98.97004488958754","valid","sr"
"sqrtvins_mono","lamaria","lamaria__add","sequence_4_11","run2","98.97004488958754","98.97004488958754","98.97004488958754","98.97004488958754","valid","sr"
"sqrtvins_mono","lamaria","lamaria__add","sequence_4_11","run3","98.97004488958754","98.97004488958754","98.97004488958754","98.97004488958754","valid","sr"
"svo_mono","lamaria","lamaria__add","sequence_1_19","run1","98.19109238377543","98.19109238377543","98.19109238377543","98.19109238377543","valid","sr"
"svo_mono","lamaria","lamaria__add","sequence_1_19","run2","98.25935515381867","98.25935515381867","98.25935515381867","98.25935515381867","valid","sr"
"svo_mono","lamaria","lamaria__add","sequence_1_19","run3","98.93673241928015","98.93673241928015","98.93673241928015","98.93673241928015","valid","sr"
"svo_mono","lamaria","lamaria__add","sequence_1_20","run1","98.47691701040176","98.47691701040176","98.47691701040176","98.47691701040176","valid","sr"
"svo_mono","lamaria","lamaria__add","sequence_1_20","run2","99.26135422719395","99.26135422719395","99.26135422719395","99.26135422719395","valid","sr"
"svo_mono","lamaria","lamaria__add","sequence_1_20","run3","99.07401477017584","99.07401477017584","99.07401477017584","99.07401477017584","valid","sr"
"svo_mono","lamaria","lamaria__add","sequence_2_11","run1","79.92808929082965","79.92808929082965","79.92808929082965","79.92808929082965","valid","sr"
"svo_mono","lamaria","lamaria__add","sequence_2_11","run2","86.5488986537159","86.5488986537159","86.5488986537159","86.5488986537159","valid","sr"
"svo_mono","lamaria","lamaria__add","sequence_2_11","run3","85.5181446187774","85.5181446187774","85.5181446187774","85.5181446187774","valid","sr"
"svo_mono","lamaria","lamaria__add","sequence_2_12","run1","0.12868873824058538","0.12868873824058538","0.12868873824058538","0.12868873824058538","valid","sr"
"svo_mono","lamaria","lamaria__add","sequence_2_12","run2","65.14298250996595","65.14298250996595","65.14298250996595","65.14298250996595","valid","sr"
"svo_mono","lamaria","lamaria__add","sequence_2_12","run3","0","0.0","0","0.0","valid","sr"
"svo_mono","lamaria","lamaria__add","sequence_3_17","run1","27.43133961129261","27.43133961129261","27.43133961129261","27.43133961129261","valid","sr"
"svo_mono","lamaria","lamaria__add","sequence_3_17","run2","0.7845058570670977","0.7845058570670977","0.7845058570670977","0.7845058570670977","valid","sr"
"svo_mono","lamaria","lamaria__add","sequence_3_17","run3","95.0285538878795","95.0285538878795","95.0285538878795","95.0285538878795","valid","sr"
"svo_mono","lamaria","lamaria__add","sequence_3_18","run1","98.1050309760583","98.1050309760583","98.1050309760583","98.1050309760583","valid","sr"
"svo_mono","lamaria","lamaria__add","sequence_3_18","run2","52.404198597131156","52.404198597131156","52.404198597131156","52.404198597131156","valid","sr"
"svo_mono","lamaria","lamaria__add","sequence_3_18","run3","98.01776307095533","98.01776307095533","98.01776307095533","98.01776307095533","valid","sr"
"svo_mono","lamaria","lamaria__add","sequence_4_10","run1","30.716189810398202","30.716189810398202","30.716189810398202","30.716189810398202","valid","sr"
"svo_mono","lamaria","lamaria__add","sequence_4_10","run2","0.39374364326235306","0.39374364326235306","0.39374364326235306","0.39374364326235306","valid","sr"
"svo_mono","lamaria","lamaria__add","sequence_4_10","run3","54.24611458769807","54.24611458769807","54.24611458769807","54.24611458769807","valid","sr"
"svo_mono","lamaria","lamaria__add","sequence_4_11","run1","97.08788518684422","97.08788518684422","97.08788518684422","97.08788518684422","valid","sr"
"svo_mono","lamaria","lamaria__add","sequence_4_11","run2","0","0.0","0","0.0","valid","sr"
"svo_mono","lamaria","lamaria__add","sequence_4_11","run3","96.50564363890501","96.50564363890501","96.50564363890501","96.50564363890501","valid","sr"
"vins-fusion_monoimu","lamaria","lamaria__add","sequence_1_19","run1","0","0.0","0","0.0","valid","sr"
"vins-fusion_monoimu","lamaria","lamaria__add","sequence_1_19","run2","0.07844966829236029","0.07844966829236029","0.07844966829236029","0.07844966829236029","valid","sr"
"vins-fusion_monoimu","lamaria","lamaria__add","sequence_1_19","run3","0.07844966829236029","0.07844966829236029","0.07844966829236029","0.07844966829236029","valid","sr"
"vins-fusion_monoimu","lamaria","lamaria__add","sequence_1_20","run1","2.7823641352745705","2.7823641352745705","2.7823641352745705","2.7823641352745705","valid","sr"
"vins-fusion_monoimu","lamaria","lamaria__add","sequence_1_20","run2","100","100.0","100","100.0","valid","sr"
"vins-fusion_monoimu","lamaria","lamaria__add","sequence_1_20","run3","100","100.0","100","100.0","valid","sr"
"vins-fusion_monoimu","lamaria","lamaria__add","sequence_2_11","run1","99.99873746893795","99.99873746893795","99.99873746893795","99.99873746893795","valid","sr"
"vins-fusion_monoimu","lamaria","lamaria__add","sequence_2_11","run2","50.01354306908829","50.01354306908829","50.01354306908829","50.01354306908829","valid","sr"
"vins-fusion_monoimu","lamaria","lamaria__add","sequence_2_11","run3","51.65637991820273","51.65637991820273","51.65637991820273","51.65637991820273","valid","sr"
"vins-fusion_monoimu","lamaria","lamaria__add","sequence_2_12","run1","98.91225497583427","98.91225497583427","98.91225497583427","98.91225497583427","valid","sr"
"vins-fusion_monoimu","lamaria","lamaria__add","sequence_2_12","run2","99.82564788470582","99.82564788470582","99.82564788470582","99.82564788470582","valid","sr"
"vins-fusion_monoimu","lamaria","lamaria__add","sequence_2_12","run3","99.82564788470582","99.82564788470582","99.82564788470582","99.82564788470582","valid","sr"
"vins-fusion_monoimu","lamaria","lamaria__add","sequence_3_17","run1","0.0441695775552069","0.0441695775552069","0.0441695775552069","0.0441695775552069","valid","sr"
"vins-fusion_monoimu","lamaria","lamaria__add","sequence_3_17","run2","0.0441695775552069","0.0441695775552069","0.0441695775552069","0.0441695775552069","valid","sr"
"vins-fusion_monoimu","lamaria","lamaria__add","sequence_3_17","run3","0.0441695775552069","0.0441695775552069","0.0441695775552069","0.0441695775552069","valid","sr"
"vins-fusion_monoimu","lamaria","lamaria__add","sequence_3_18","run1","99.87220481528328","99.87220481528328","99.87220481528328","99.87220481528328","valid","sr"
"vins-fusion_monoimu","lamaria","lamaria__add","sequence_3_18","run2","0.06970005363414787","0.06970005363414787","0.06970005363414787","0.06970005363414787","valid","sr"
"vins-fusion_monoimu","lamaria","lamaria__add","sequence_3_18","run3","0.06970005363414787","0.06970005363414787","0.06970005363414787","0.06970005363414787","valid","sr"
"vins-fusion_monoimu","lamaria","lamaria__add","sequence_4_10","run1","99.8226749491428","99.8226749491428","99.8226749491428","99.8226749491428","valid","sr"
"vins-fusion_monoimu","lamaria","lamaria__add","sequence_4_10","run2","93.3253580864866","93.3253580864866","93.3253580864866","93.3253580864866","valid","sr"
"vins-fusion_monoimu","lamaria","lamaria__add","sequence_4_10","run3","0.06910085581627512","0.06910085581627512","0.06910085581627512","0.06910085581627512","valid","sr"
"vins-fusion_monoimu","lamaria","lamaria__add","sequence_4_11","run1","0.0675476334801688","0.0675476334801688","0.0675476334801688","0.0675476334801688","valid","sr"
"vins-fusion_monoimu","lamaria","lamaria__add","sequence_4_11","run2","0.0675476334801688","0.0675476334801688","0.0675476334801688","0.0675476334801688","valid","sr"
"vins-fusion_monoimu","lamaria","lamaria__add","sequence_4_11","run3","0.0675476334801688","0.0675476334801688","0.0675476334801688","0.0675476334801688","valid","sr"
"airslam","uzh-fpv","uzhfpv__uzhfpv_indoor","indoor_forward_3_snapdragon_with_gt","run1","98.81285031203755","98.81285031203755","98.81285031203755","98.81285031203755","valid","sr"
"airslam","uzh-fpv","uzhfpv__uzhfpv_indoor","indoor_forward_3_snapdragon_with_gt","run2","98.81285031203755","98.81285031203755","98.81285031203755","98.81285031203755","valid","sr"
"airslam","uzh-fpv","uzhfpv__uzhfpv_indoor","indoor_forward_3_snapdragon_with_gt","run3","98.81285031203755","98.81285031203755","98.81285031203755","98.81285031203755","valid","sr"
"airslam","uzh-fpv","uzhfpv__uzhfpv_indoor","indoor_forward_5_snapdragon_with_gt","run1","97.61023621216532","97.61023621216532","97.61023621216532","97.61023621216532","valid","sr"
"airslam","uzh-fpv","uzhfpv__uzhfpv_indoor","indoor_forward_5_snapdragon_with_gt","run2","97.61023621216532","97.61023621216532","97.61023621216532","97.61023621216532","valid","sr"
"airslam","uzh-fpv","uzhfpv__uzhfpv_indoor","indoor_forward_5_snapdragon_with_gt","run3","97.61023621216532","97.61023621216532","97.61023621216532","97.61023621216532","valid","sr"
"airslam","uzh-fpv","uzhfpv__uzhfpv_indoor","indoor_forward_6_snapdragon_with_gt","run1","98.99623693652974","98.99623693652974","98.99623693652974","98.99623693652974","valid","sr"
"airslam","uzh-fpv","uzhfpv__uzhfpv_indoor","indoor_forward_6_snapdragon_with_gt","run2","98.99623693652974","98.99623693652974","98.99623693652974","98.99623693652974","valid","sr"
"airslam","uzh-fpv","uzhfpv__uzhfpv_indoor","indoor_forward_6_snapdragon_with_gt","run3","98.99623693652974","98.99623693652974","98.99623693652974","98.99623693652974","valid","sr"
"airslam","uzh-fpv","uzhfpv__uzhfpv_indoor","indoor_forward_7_snapdragon_with_gt","run1","98.89530736355619","98.89530736355619","98.89530736355619","98.89530736355619","valid","sr"
"airslam","uzh-fpv","uzhfpv__uzhfpv_indoor","indoor_forward_7_snapdragon_with_gt","run2","98.89530736355619","98.89530736355619","98.89530736355619","98.89530736355619","valid","sr"
"airslam","uzh-fpv","uzhfpv__uzhfpv_indoor","indoor_forward_7_snapdragon_with_gt","run3","98.89530736355619","98.89530736355619","98.89530736355619","98.89530736355619","valid","sr"
"airslam","uzh-fpv","uzhfpv__uzhfpv_indoor","indoor_forward_9_snapdragon_with_gt","run1","98.5383072753591","98.5383072753591","98.5383072753591","98.5383072753591","valid","sr"
"airslam","uzh-fpv","uzhfpv__uzhfpv_indoor","indoor_forward_9_snapdragon_with_gt","run2","98.5383072753591","98.5383072753591","98.5383072753591","98.5383072753591","valid","sr"
"airslam","uzh-fpv","uzhfpv__uzhfpv_indoor","indoor_forward_9_snapdragon_with_gt","run3","98.5383072753591","98.5383072753591","98.5383072753591","98.5383072753591","valid","sr"
"airslam","uzh-fpv","uzhfpv__uzhfpv_indoor","indoor_forward_10_snapdragon_with_gt","run1","97.34624870078483","97.34624870078483","97.34624870078483","97.34624870078483","valid","sr"
"airslam","uzh-fpv","uzhfpv__uzhfpv_indoor","indoor_forward_10_snapdragon_with_gt","run2","97.34624870078483","97.34624870078483","97.34624870078483","97.34624870078483","valid","sr"
"airslam","uzh-fpv","uzhfpv__uzhfpv_indoor","indoor_forward_10_snapdragon_with_gt","run3","97.34624870078483","97.34624870078483","97.34624870078483","97.34624870078483","valid","sr"
"basalt_stereo","uzh-fpv","uzhfpv__uzhfpv_indoor","indoor_forward_3_snapdragon_with_gt","run1",,"","0","0.0","missing","sr"
"basalt_stereo","uzh-fpv","uzhfpv__uzhfpv_indoor","indoor_forward_3_snapdragon_with_gt","run2",,"","0","0.0","missing","sr"
"basalt_stereo","uzh-fpv","uzhfpv__uzhfpv_indoor","indoor_forward_3_snapdragon_with_gt","run3",,"","0","0.0","missing","sr"
"basalt_stereo","uzh-fpv","uzhfpv__uzhfpv_indoor","indoor_forward_5_snapdragon_with_gt","run1","100","100.0","100","100.0","valid","sr"
"basalt_stereo","uzh-fpv","uzhfpv__uzhfpv_indoor","indoor_forward_5_snapdragon_with_gt","run2","100","100.0","100","100.0","valid","sr"
"basalt_stereo","uzh-fpv","uzhfpv__uzhfpv_indoor","indoor_forward_5_snapdragon_with_gt","run3","100","100.0","100","100.0","valid","sr"
"basalt_stereo","uzh-fpv","uzhfpv__uzhfpv_indoor","indoor_forward_6_snapdragon_with_gt","run1","99.99989528703026","99.99989528703026","99.99989528703026","99.99989528703026","valid","sr"
"basalt_stereo","uzh-fpv","uzhfpv__uzhfpv_indoor","indoor_forward_6_snapdragon_with_gt","run2","99.99989528703026","99.99989528703026","99.99989528703026","99.99989528703026","valid","sr"
"basalt_stereo","uzh-fpv","uzhfpv__uzhfpv_indoor","indoor_forward_6_snapdragon_with_gt","run3","99.99989528703026","99.99989528703026","99.99989528703026","99.99989528703026","valid","sr"
"basalt_stereo","uzh-fpv","uzhfpv__uzhfpv_indoor","indoor_forward_7_snapdragon_with_gt","run1",,"","0","0.0","missing","sr"
"basalt_stereo","uzh-fpv","uzhfpv__uzhfpv_indoor","indoor_forward_7_snapdragon_with_gt","run2",,"","0","0.0","missing","sr"
"basalt_stereo","uzh-fpv","uzhfpv__uzhfpv_indoor","indoor_forward_7_snapdragon_with_gt","run3",,"","0","0.0","missing","sr"
"basalt_stereo","uzh-fpv","uzhfpv__uzhfpv_indoor","indoor_forward_9_snapdragon_with_gt","run1","99.99916657907127","99.99916657907127","99.99916657907127","99.99916657907127","valid","sr"
"basalt_stereo","uzh-fpv","uzhfpv__uzhfpv_indoor","indoor_forward_9_snapdragon_with_gt","run2","99.99916657907127","99.99916657907127","99.99916657907127","99.99916657907127","valid","sr"
"basalt_stereo","uzh-fpv","uzhfpv__uzhfpv_indoor","indoor_forward_9_snapdragon_with_gt","run3","99.99916657907127","99.99916657907127","99.99916657907127","99.99916657907127","valid","sr"
"basalt_stereo","uzh-fpv","uzhfpv__uzhfpv_indoor","indoor_forward_10_snapdragon_with_gt","run1","99.99952853359343","99.99952853359343","99.99952853359343","99.99952853359343","valid","sr"
"basalt_stereo","uzh-fpv","uzhfpv__uzhfpv_indoor","indoor_forward_10_snapdragon_with_gt","run2","99.99952853359343","99.99952853359343","99.99952853359343","99.99952853359343","valid","sr"
"basalt_stereo","uzh-fpv","uzhfpv__uzhfpv_indoor","indoor_forward_10_snapdragon_with_gt","run3","99.99952853359343","99.99952853359343","99.99952853359343","99.99952853359343","valid","sr"
"dm_vio","uzh-fpv","uzhfpv__uzhfpv_indoor","indoor_forward_3_snapdragon_with_gt","run1","98.91547370238301","98.91547370238301","98.91547370238301","98.91547370238301","valid","sr"
"dm_vio","uzh-fpv","uzhfpv__uzhfpv_indoor","indoor_forward_3_snapdragon_with_gt","run2","98.91547370238301","98.91547370238301","98.91547370238301","98.91547370238301","valid","sr"
"dm_vio","uzh-fpv","uzhfpv__uzhfpv_indoor","indoor_forward_3_snapdragon_with_gt","run3","98.91547370238301","98.91547370238301","98.91547370238301","98.91547370238301","valid","sr"
"dm_vio","uzh-fpv","uzhfpv__uzhfpv_indoor","indoor_forward_5_snapdragon_with_gt","run1","99.98046068265765","99.98046068265765","99.98046068265765","99.98046068265765","valid","sr"
"dm_vio","uzh-fpv","uzhfpv__uzhfpv_indoor","indoor_forward_5_snapdragon_with_gt","run2","99.98046068265765","99.98046068265765","99.98046068265765","99.98046068265765","valid","sr"
"dm_vio","uzh-fpv","uzhfpv__uzhfpv_indoor","indoor_forward_5_snapdragon_with_gt","run3","99.98046068265765","99.98046068265765","99.98046068265765","99.98046068265765","valid","sr"
"dm_vio","uzh-fpv","uzhfpv__uzhfpv_indoor","indoor_forward_6_snapdragon_with_gt","run1","99.13637733225048","99.13637733225048","99.13637733225048","99.13637733225048","valid","sr"
"dm_vio","uzh-fpv","uzhfpv__uzhfpv_indoor","indoor_forward_6_snapdragon_with_gt","run2","99.13637733225048","99.13637733225048","99.13637733225048","99.13637733225048","valid","sr"
"dm_vio","uzh-fpv","uzhfpv__uzhfpv_indoor","indoor_forward_6_snapdragon_with_gt","run3","30.03606656878903","30.03606656878903","30.03606656878903","30.03606656878903","valid","sr"
"dm_vio","uzh-fpv","uzhfpv__uzhfpv_indoor","indoor_forward_7_snapdragon_with_gt","run1","99.27673737013406","99.27673737013406","99.27673737013406","99.27673737013406","valid","sr"
"dm_vio","uzh-fpv","uzhfpv__uzhfpv_indoor","indoor_forward_7_snapdragon_with_gt","run2","99.27673737013406","99.27673737013406","99.27673737013406","99.27673737013406","valid","sr"
"dm_vio","uzh-fpv","uzhfpv__uzhfpv_indoor","indoor_forward_7_snapdragon_with_gt","run3","99.27673737013406","99.27673737013406","99.27673737013406","99.27673737013406","valid","sr"
"dm_vio","uzh-fpv","uzhfpv__uzhfpv_indoor","indoor_forward_9_snapdragon_with_gt","run1","99.98034596350594","99.98034596350594","99.98034596350594","99.98034596350594","valid","sr"
"dm_vio","uzh-fpv","uzhfpv__uzhfpv_indoor","indoor_forward_9_snapdragon_with_gt","run2","99.98034596350594","99.98034596350594","99.98034596350594","99.98034596350594","valid","sr"
"dm_vio","uzh-fpv","uzhfpv__uzhfpv_indoor","indoor_forward_9_snapdragon_with_gt","run3","79.60278692667939","79.60278692667939","79.60278692667939","79.60278692667939","valid","sr"
"dm_vio","uzh-fpv","uzhfpv__uzhfpv_indoor","indoor_forward_10_snapdragon_with_gt","run1","97.80691602406442","97.80691602406442","97.80691602406442","97.80691602406442","valid","sr"
"dm_vio","uzh-fpv","uzhfpv__uzhfpv_indoor","indoor_forward_10_snapdragon_with_gt","run2","97.80691602406442","97.80691602406442","97.80691602406442","97.80691602406442","valid","sr"
"dm_vio","uzh-fpv","uzhfpv__uzhfpv_indoor","indoor_forward_10_snapdragon_with_gt","run3","97.80691602406442","97.80691602406442","97.80691602406442","97.80691602406442","valid","sr"
"kimera_vio_mono","uzh-fpv","uzhfpv__uzhfpv_indoor","indoor_forward_3_snapdragon_with_gt","run1","99.6962023612618","99.6962023612618","99.6962023612618","99.6962023612618","valid","sr"
"kimera_vio_mono","uzh-fpv","uzhfpv__uzhfpv_indoor","indoor_forward_3_snapdragon_with_gt","run2","99.6962023612618","99.6962023612618","99.6962023612618","99.6962023612618","valid","sr"
"kimera_vio_mono","uzh-fpv","uzhfpv__uzhfpv_indoor","indoor_forward_3_snapdragon_with_gt","run3","99.6962023612618","99.6962023612618","99.6962023612618","99.6962023612618","valid","sr"
"kimera_vio_mono","uzh-fpv","uzhfpv__uzhfpv_indoor","indoor_forward_5_snapdragon_with_gt","run1","98.7615566649121","98.7615566649121","98.7615566649121","98.7615566649121","valid","sr"
"kimera_vio_mono","uzh-fpv","uzhfpv__uzhfpv_indoor","indoor_forward_5_snapdragon_with_gt","run2","98.7615566649121","98.7615566649121","98.7615566649121","98.7615566649121","valid","sr"
"kimera_vio_mono","uzh-fpv","uzhfpv__uzhfpv_indoor","indoor_forward_5_snapdragon_with_gt","run3","98.7615566649121","98.7615566649121","98.7615566649121","98.7615566649121","valid","sr"
"kimera_vio_mono","uzh-fpv","uzhfpv__uzhfpv_indoor","indoor_forward_6_snapdragon_with_gt","run1","99.53723227090181","99.53723227090181","99.53723227090181","99.53723227090181","valid","sr"
"kimera_vio_mono","uzh-fpv","uzhfpv__uzhfpv_indoor","indoor_forward_6_snapdragon_with_gt","run2","99.53723227090181","99.53723227090181","99.53723227090181","99.53723227090181","valid","sr"
"kimera_vio_mono","uzh-fpv","uzhfpv__uzhfpv_indoor","indoor_forward_6_snapdragon_with_gt","run3","99.53723227090181","99.53723227090181","99.53723227090181","99.53723227090181","valid","sr"
"kimera_vio_mono","uzh-fpv","uzhfpv__uzhfpv_indoor","indoor_forward_7_snapdragon_with_gt","run1","99.33756080202915","99.33756080202915","99.33756080202915","99.33756080202915","valid","sr"
"kimera_vio_mono","uzh-fpv","uzhfpv__uzhfpv_indoor","indoor_forward_7_snapdragon_with_gt","run2","99.33756080202915","99.33756080202915","99.33756080202915","99.33756080202915","valid","sr"
"kimera_vio_mono","uzh-fpv","uzhfpv__uzhfpv_indoor","indoor_forward_7_snapdragon_with_gt","run3","99.33756080202915","99.33756080202915","99.33756080202915","99.33756080202915","valid","sr"
"kimera_vio_mono","uzh-fpv","uzhfpv__uzhfpv_indoor","indoor_forward_9_snapdragon_with_gt","run1","98.57242969341159","98.57242969341159","98.57242969341159","98.57242969341159","valid","sr"
"kimera_vio_mono","uzh-fpv","uzhfpv__uzhfpv_indoor","indoor_forward_9_snapdragon_with_gt","run2","98.57242969341159","98.57242969341159","98.57242969341159","98.57242969341159","valid","sr"
"kimera_vio_mono","uzh-fpv","uzhfpv__uzhfpv_indoor","indoor_forward_9_snapdragon_with_gt","run3","98.57242969341159","98.57242969341159","98.57242969341159","98.57242969341159","valid","sr"
"kimera_vio_mono","uzh-fpv","uzhfpv__uzhfpv_indoor","indoor_forward_10_snapdragon_with_gt","run1","99.50174203531878","99.50174203531878","99.50174203531878","99.50174203531878","valid","sr"
"kimera_vio_mono","uzh-fpv","uzhfpv__uzhfpv_indoor","indoor_forward_10_snapdragon_with_gt","run2","99.50174203531878","99.50174203531878","99.50174203531878","99.50174203531878","valid","sr"
"kimera_vio_mono","uzh-fpv","uzhfpv__uzhfpv_indoor","indoor_forward_10_snapdragon_with_gt","run3","99.50174203531878","99.50174203531878","99.50174203531878","99.50174203531878","valid","sr"
"kimera_vio_stereo","uzh-fpv","uzhfpv__uzhfpv_indoor","indoor_forward_3_snapdragon_with_gt","run1","99.6883349373333","99.6883349373333","99.6883349373333","99.6883349373333","valid","sr"
"kimera_vio_stereo","uzh-fpv","uzhfpv__uzhfpv_indoor","indoor_forward_3_snapdragon_with_gt","run2","99.6883349373333","99.6883349373333","99.6883349373333","99.6883349373333","valid","sr"
"kimera_vio_stereo","uzh-fpv","uzhfpv__uzhfpv_indoor","indoor_forward_3_snapdragon_with_gt","run3","99.6883349373333","99.6883349373333","99.6883349373333","99.6883349373333","valid","sr"
"kimera_vio_stereo","uzh-fpv","uzhfpv__uzhfpv_indoor","indoor_forward_5_snapdragon_with_gt","run1","98.75959687414597","98.75959687414597","98.75959687414597","98.75959687414597","valid","sr"
"kimera_vio_stereo","uzh-fpv","uzhfpv__uzhfpv_indoor","indoor_forward_5_snapdragon_with_gt","run2","98.75959687414597","98.75959687414597","98.75959687414597","98.75959687414597","valid","sr"
"kimera_vio_stereo","uzh-fpv","uzhfpv__uzhfpv_indoor","indoor_forward_5_snapdragon_with_gt","run3","98.75959687414597","98.75959687414597","98.75959687414597","98.75959687414597","valid","sr"
"kimera_vio_stereo","uzh-fpv","uzhfpv__uzhfpv_indoor","indoor_forward_6_snapdragon_with_gt","run1","99.53855559077866","99.53855559077866","99.53855559077866","99.53855559077866","valid","sr"
"kimera_vio_stereo","uzh-fpv","uzhfpv__uzhfpv_indoor","indoor_forward_6_snapdragon_with_gt","run2","99.53855559077866","99.53855559077866","99.53855559077866","99.53855559077866","valid","sr"
"kimera_vio_stereo","uzh-fpv","uzhfpv__uzhfpv_indoor","indoor_forward_6_snapdragon_with_gt","run3","99.53855559077866","99.53855559077866","99.53855559077866","99.53855559077866","valid","sr"
"kimera_vio_stereo","uzh-fpv","uzhfpv__uzhfpv_indoor","indoor_forward_7_snapdragon_with_gt","run1","99.33401623065492","99.33401623065492","99.33401623065492","99.33401623065492","valid","sr"
"kimera_vio_stereo","uzh-fpv","uzhfpv__uzhfpv_indoor","indoor_forward_7_snapdragon_with_gt","run2","99.33401623065492","99.33401623065492","99.33401623065492","99.33401623065492","valid","sr"
"kimera_vio_stereo","uzh-fpv","uzhfpv__uzhfpv_indoor","indoor_forward_7_snapdragon_with_gt","run3","99.33401623065492","99.33401623065492","99.33401623065492","99.33401623065492","valid","sr"
"kimera_vio_stereo","uzh-fpv","uzhfpv__uzhfpv_indoor","indoor_forward_9_snapdragon_with_gt","run1","98.56887219431702","98.56887219431702","98.56887219431702","98.56887219431702","valid","sr"
"kimera_vio_stereo","uzh-fpv","uzhfpv__uzhfpv_indoor","indoor_forward_9_snapdragon_with_gt","run2","98.56887219431702","98.56887219431702","98.56887219431702","98.56887219431702","valid","sr"
"kimera_vio_stereo","uzh-fpv","uzhfpv__uzhfpv_indoor","indoor_forward_9_snapdragon_with_gt","run3","98.56887219431702","98.56887219431702","98.56887219431702","98.56887219431702","valid","sr"
"kimera_vio_stereo","uzh-fpv","uzhfpv__uzhfpv_indoor","indoor_forward_10_snapdragon_with_gt","run1","99.50243614323348","99.50243614323348","99.50243614323348","99.50243614323348","valid","sr"
"kimera_vio_stereo","uzh-fpv","uzhfpv__uzhfpv_indoor","indoor_forward_10_snapdragon_with_gt","run2","99.50243614323348","99.50243614323348","99.50243614323348","99.50243614323348","valid","sr"
"kimera_vio_stereo","uzh-fpv","uzhfpv__uzhfpv_indoor","indoor_forward_10_snapdragon_with_gt","run3","99.50243614323348","99.50243614323348","99.50243614323348","99.50243614323348","valid","sr"
"okvis2x_mono","uzh-fpv","uzhfpv__uzhfpv_indoor","indoor_forward_3_snapdragon_with_gt","run1","99.99944593317565","99.99944593317565","99.99944593317565","99.99944593317565","valid","sr"
"okvis2x_mono","uzh-fpv","uzhfpv__uzhfpv_indoor","indoor_forward_3_snapdragon_with_gt","run2","99.99944593317565","99.99944593317565","99.99944593317565","99.99944593317565","valid","sr"
"okvis2x_mono","uzh-fpv","uzhfpv__uzhfpv_indoor","indoor_forward_3_snapdragon_with_gt","run3","99.99944593317565","99.99944593317565","99.99944593317565","99.99944593317565","valid","sr"
"okvis2x_mono","uzh-fpv","uzhfpv__uzhfpv_indoor","indoor_forward_5_snapdragon_with_gt","run1","100","100.0","100","100.0","valid","sr"
"okvis2x_mono","uzh-fpv","uzhfpv__uzhfpv_indoor","indoor_forward_5_snapdragon_with_gt","run2","100","100.0","100","100.0","valid","sr"
"okvis2x_mono","uzh-fpv","uzhfpv__uzhfpv_indoor","indoor_forward_5_snapdragon_with_gt","run3","100","100.0","100","100.0","valid","sr"
"okvis2x_mono","uzh-fpv","uzhfpv__uzhfpv_indoor","indoor_forward_6_snapdragon_with_gt","run1","99.99989528703026","99.99989528703026","99.99989528703026","99.99989528703026","valid","sr"
"okvis2x_mono","uzh-fpv","uzhfpv__uzhfpv_indoor","indoor_forward_6_snapdragon_with_gt","run2","99.99989528703026","99.99989528703026","99.99989528703026","99.99989528703026","valid","sr"
"okvis2x_mono","uzh-fpv","uzhfpv__uzhfpv_indoor","indoor_forward_6_snapdragon_with_gt","run3","99.99989528703026","99.99989528703026","99.99989528703026","99.99989528703026","valid","sr"
"okvis2x_mono","uzh-fpv","uzhfpv__uzhfpv_indoor","indoor_forward_7_snapdragon_with_gt","run1","99.9994000707957","99.9994000707957","99.9994000707957","99.9994000707957","valid","sr"
"okvis2x_mono","uzh-fpv","uzhfpv__uzhfpv_indoor","indoor_forward_7_snapdragon_with_gt","run2","99.9994000707957","99.9994000707957","99.9994000707957","99.9994000707957","valid","sr"
"okvis2x_mono","uzh-fpv","uzhfpv__uzhfpv_indoor","indoor_forward_7_snapdragon_with_gt","run3","99.9994000707957","99.9994000707957","99.9994000707957","99.9994000707957","valid","sr"
"okvis2x_mono","uzh-fpv","uzhfpv__uzhfpv_indoor","indoor_forward_9_snapdragon_with_gt","run1","99.99916657907127","99.99916657907127","99.99916657907127","99.99916657907127","valid","sr"
"okvis2x_mono","uzh-fpv","uzhfpv__uzhfpv_indoor","indoor_forward_9_snapdragon_with_gt","run2","99.99916657907127","99.99916657907127","99.99916657907127","99.99916657907127","valid","sr"
"okvis2x_mono","uzh-fpv","uzhfpv__uzhfpv_indoor","indoor_forward_9_snapdragon_with_gt","run3","99.99916657907127","99.99916657907127","99.99916657907127","99.99916657907127","valid","sr"
"okvis2x_mono","uzh-fpv","uzhfpv__uzhfpv_indoor","indoor_forward_10_snapdragon_with_gt","run1","99.99952853359343","99.99952853359343","99.99952853359343","99.99952853359343","valid","sr"
"okvis2x_mono","uzh-fpv","uzhfpv__uzhfpv_indoor","indoor_forward_10_snapdragon_with_gt","run2","99.99952853359343","99.99952853359343","99.99952853359343","99.99952853359343","valid","sr"
"okvis2x_mono","uzh-fpv","uzhfpv__uzhfpv_indoor","indoor_forward_10_snapdragon_with_gt","run3","99.99952853359343","99.99952853359343","99.99952853359343","99.99952853359343","valid","sr"
"okvis2x_stereo","uzh-fpv","uzhfpv__uzhfpv_indoor","indoor_forward_3_snapdragon_with_gt","run1","99.99944593317565","99.99944593317565","99.99944593317565","99.99944593317565","valid","sr"
"okvis2x_stereo","uzh-fpv","uzhfpv__uzhfpv_indoor","indoor_forward_3_snapdragon_with_gt","run2","99.99944593317565","99.99944593317565","99.99944593317565","99.99944593317565","valid","sr"
"okvis2x_stereo","uzh-fpv","uzhfpv__uzhfpv_indoor","indoor_forward_3_snapdragon_with_gt","run3","99.99944593317565","99.99944593317565","99.99944593317565","99.99944593317565","valid","sr"
"okvis2x_stereo","uzh-fpv","uzhfpv__uzhfpv_indoor","indoor_forward_5_snapdragon_with_gt","run1","100","100.0","100","100.0","valid","sr"
"okvis2x_stereo","uzh-fpv","uzhfpv__uzhfpv_indoor","indoor_forward_5_snapdragon_with_gt","run2","100","100.0","100","100.0","valid","sr"
"okvis2x_stereo","uzh-fpv","uzhfpv__uzhfpv_indoor","indoor_forward_5_snapdragon_with_gt","run3","100","100.0","100","100.0","valid","sr"
"okvis2x_stereo","uzh-fpv","uzhfpv__uzhfpv_indoor","indoor_forward_6_snapdragon_with_gt","run1","99.99989528703026","99.99989528703026","99.99989528703026","99.99989528703026","valid","sr"
"okvis2x_stereo","uzh-fpv","uzhfpv__uzhfpv_indoor","indoor_forward_6_snapdragon_with_gt","run2","99.99989528703026","99.99989528703026","99.99989528703026","99.99989528703026","valid","sr"
"okvis2x_stereo","uzh-fpv","uzhfpv__uzhfpv_indoor","indoor_forward_6_snapdragon_with_gt","run3","99.99989528703026","99.99989528703026","99.99989528703026","99.99989528703026","valid","sr"
"okvis2x_stereo","uzh-fpv","uzhfpv__uzhfpv_indoor","indoor_forward_7_snapdragon_with_gt","run1","98.79109504971598","98.79109504971598","98.79109504971598","98.79109504971598","valid","sr"
"okvis2x_stereo","uzh-fpv","uzhfpv__uzhfpv_indoor","indoor_forward_7_snapdragon_with_gt","run2","98.78240741372366","98.78240741372366","98.78240741372366","98.78240741372366","valid","sr"
"okvis2x_stereo","uzh-fpv","uzhfpv__uzhfpv_indoor","indoor_forward_7_snapdragon_with_gt","run3","98.75136972615645","98.75136972615645","98.75136972615645","98.75136972615645","valid","sr"
"okvis2x_stereo","uzh-fpv","uzhfpv__uzhfpv_indoor","indoor_forward_9_snapdragon_with_gt","run1","99.99916657907127","99.99916657907127","99.99916657907127","99.99916657907127","valid","sr"
"okvis2x_stereo","uzh-fpv","uzhfpv__uzhfpv_indoor","indoor_forward_9_snapdragon_with_gt","run2","99.99916657907127","99.99916657907127","99.99916657907127","99.99916657907127","valid","sr"
"okvis2x_stereo","uzh-fpv","uzhfpv__uzhfpv_indoor","indoor_forward_9_snapdragon_with_gt","run3","99.99916657907127","99.99916657907127","99.99916657907127","99.99916657907127","valid","sr"
"okvis2x_stereo","uzh-fpv","uzhfpv__uzhfpv_indoor","indoor_forward_10_snapdragon_with_gt","run1","99.99952853359343","99.99952853359343","99.99952853359343","99.99952853359343","valid","sr"
"okvis2x_stereo","uzh-fpv","uzhfpv__uzhfpv_indoor","indoor_forward_10_snapdragon_with_gt","run2","99.99952853359343","99.99952853359343","99.99952853359343","99.99952853359343","valid","sr"
"okvis2x_stereo","uzh-fpv","uzhfpv__uzhfpv_indoor","indoor_forward_10_snapdragon_with_gt","run3","99.99952853359343","99.99952853359343","99.99952853359343","99.99952853359343","valid","sr"
"open_vins_mono","uzh-fpv","uzhfpv__uzhfpv_indoor","indoor_forward_3_snapdragon_with_gt","run1","99.99942402842714","99.99942402842714","99.99942402842714","99.99942402842714","valid","sr"
"open_vins_mono","uzh-fpv","uzhfpv__uzhfpv_indoor","indoor_forward_3_snapdragon_with_gt","run2","99.99942402842714","99.99942402842714","99.99942402842714","99.99942402842714","valid","sr"
"open_vins_mono","uzh-fpv","uzhfpv__uzhfpv_indoor","indoor_forward_3_snapdragon_with_gt","run3","99.99942402842714","99.99942402842714","99.99942402842714","99.99942402842714","valid","sr"
"open_vins_mono","uzh-fpv","uzhfpv__uzhfpv_indoor","indoor_forward_5_snapdragon_with_gt","run1","100","100.0","100","100.0","valid","sr"
"open_vins_mono","uzh-fpv","uzhfpv__uzhfpv_indoor","indoor_forward_5_snapdragon_with_gt","run2","100","100.0","100","100.0","valid","sr"
"open_vins_mono","uzh-fpv","uzhfpv__uzhfpv_indoor","indoor_forward_5_snapdragon_with_gt","run3","100","100.0","100","100.0","valid","sr"
"open_vins_mono","uzh-fpv","uzhfpv__uzhfpv_indoor","indoor_forward_6_snapdragon_with_gt","run1","99.99956656940392","99.99956656940392","99.99956656940392","99.99956656940392","valid","sr"
"open_vins_mono","uzh-fpv","uzhfpv__uzhfpv_indoor","indoor_forward_6_snapdragon_with_gt","run2","99.99956656940392","99.99956656940392","99.99956656940392","99.99956656940392","valid","sr"
"open_vins_mono","uzh-fpv","uzhfpv__uzhfpv_indoor","indoor_forward_6_snapdragon_with_gt","run3","99.99956656940392","99.99956656940392","99.99956656940392","99.99956656940392","valid","sr"
"open_vins_mono","uzh-fpv","uzhfpv__uzhfpv_indoor","indoor_forward_7_snapdragon_with_gt","run1","99.99940216673753","99.99940216673753","99.99940216673753","99.99940216673753","valid","sr"
"open_vins_mono","uzh-fpv","uzhfpv__uzhfpv_indoor","indoor_forward_7_snapdragon_with_gt","run2","99.99940216673753","99.99940216673753","99.99940216673753","99.99940216673753","valid","sr"
"open_vins_mono","uzh-fpv","uzhfpv__uzhfpv_indoor","indoor_forward_7_snapdragon_with_gt","run3","99.99940216673753","99.99940216673753","99.99940216673753","99.99940216673753","valid","sr"
"open_vins_mono","uzh-fpv","uzhfpv__uzhfpv_indoor","indoor_forward_9_snapdragon_with_gt","run1","99.99938990883363","99.99938990883363","99.99938990883363","99.99938990883363","valid","sr"
"open_vins_mono","uzh-fpv","uzhfpv__uzhfpv_indoor","indoor_forward_9_snapdragon_with_gt","run2","99.99938990883363","99.99938990883363","99.99938990883363","99.99938990883363","valid","sr"
"open_vins_mono","uzh-fpv","uzhfpv__uzhfpv_indoor","indoor_forward_9_snapdragon_with_gt","run3","99.99938577150796","99.99938577150796","99.99938577150796","99.99938577150796","valid","sr"
"open_vins_mono","uzh-fpv","uzhfpv__uzhfpv_indoor","indoor_forward_10_snapdragon_with_gt","run1","99.99930585458164","99.99930585458164","99.99930585458164","99.99930585458164","valid","sr"
"open_vins_mono","uzh-fpv","uzhfpv__uzhfpv_indoor","indoor_forward_10_snapdragon_with_gt","run2","99.99930585458164","99.99930585458164","99.99930585458164","99.99930585458164","valid","sr"
"open_vins_mono","uzh-fpv","uzhfpv__uzhfpv_indoor","indoor_forward_10_snapdragon_with_gt","run3","99.99930585458164","99.99930585458164","99.99930585458164","99.99930585458164","valid","sr"
"open_vins_stereo","uzh-fpv","uzhfpv__uzhfpv_indoor","indoor_forward_3_snapdragon_with_gt","run1","99.99942402842714","99.99942402842714","99.99942402842714","99.99942402842714","valid","sr"
"open_vins_stereo","uzh-fpv","uzhfpv__uzhfpv_indoor","indoor_forward_3_snapdragon_with_gt","run2","99.99944162267572","99.99944162267572","99.99944162267572","99.99944162267572","valid","sr"
"open_vins_stereo","uzh-fpv","uzhfpv__uzhfpv_indoor","indoor_forward_3_snapdragon_with_gt","run3","99.99944162267572","99.99944162267572","99.99944162267572","99.99944162267572","valid","sr"
"open_vins_stereo","uzh-fpv","uzhfpv__uzhfpv_indoor","indoor_forward_5_snapdragon_with_gt","run1","100","100.0","100","100.0","valid","sr"
"open_vins_stereo","uzh-fpv","uzhfpv__uzhfpv_indoor","indoor_forward_5_snapdragon_with_gt","run2","100","100.0","100","100.0","valid","sr"
"open_vins_stereo","uzh-fpv","uzhfpv__uzhfpv_indoor","indoor_forward_5_snapdragon_with_gt","run3","100","100.0","100","100.0","valid","sr"
"open_vins_stereo","uzh-fpv","uzhfpv__uzhfpv_indoor","indoor_forward_6_snapdragon_with_gt","run1","99.99956656940392","99.99956656940392","99.99956656940392","99.99956656940392","valid","sr"
"open_vins_stereo","uzh-fpv","uzhfpv__uzhfpv_indoor","indoor_forward_6_snapdragon_with_gt","run2","99.99956656940392","99.99956656940392","99.99956656940392","99.99956656940392","valid","sr"
"open_vins_stereo","uzh-fpv","uzhfpv__uzhfpv_indoor","indoor_forward_6_snapdragon_with_gt","run3","99.99956656940392","99.99956656940392","99.99956656940392","99.99956656940392","valid","sr"
"open_vins_stereo","uzh-fpv","uzhfpv__uzhfpv_indoor","indoor_forward_7_snapdragon_with_gt","run1","99.99938708604395","99.99938708604395","99.99938708604395","99.99938708604395","valid","sr"
"open_vins_stereo","uzh-fpv","uzhfpv__uzhfpv_indoor","indoor_forward_7_snapdragon_with_gt","run2","99.99938708604395","99.99938708604395","99.99938708604395","99.99938708604395","valid","sr"
"open_vins_stereo","uzh-fpv","uzhfpv__uzhfpv_indoor","indoor_forward_7_snapdragon_with_gt","run3","99.99938708604395","99.99938708604395","99.99938708604395","99.99938708604395","valid","sr"
"open_vins_stereo","uzh-fpv","uzhfpv__uzhfpv_indoor","indoor_forward_9_snapdragon_with_gt","run1","99.99918400096337","99.99918400096337","99.99918400096337","99.99918400096337","valid","sr"
"open_vins_stereo","uzh-fpv","uzhfpv__uzhfpv_indoor","indoor_forward_9_snapdragon_with_gt","run2","99.99918400096337","99.99918400096337","99.99918400096337","99.99918400096337","valid","sr"
"open_vins_stereo","uzh-fpv","uzhfpv__uzhfpv_indoor","indoor_forward_9_snapdragon_with_gt","run3","99.99940184846588","99.99940184846588","99.99940184846588","99.99940184846588","valid","sr"
"open_vins_stereo","uzh-fpv","uzhfpv__uzhfpv_indoor","indoor_forward_10_snapdragon_with_gt","run1","99.99930585458164","99.99930585458164","99.99930585458164","99.99930585458164","valid","sr"
"open_vins_stereo","uzh-fpv","uzhfpv__uzhfpv_indoor","indoor_forward_10_snapdragon_with_gt","run2","99.99930585458164","99.99930585458164","99.99930585458164","99.99930585458164","valid","sr"
"open_vins_stereo","uzh-fpv","uzhfpv__uzhfpv_indoor","indoor_forward_10_snapdragon_with_gt","run3","99.99930585458164","99.99930585458164","99.99930585458164","99.99930585458164","valid","sr"
"orb_slam3_mono","uzh-fpv","uzhfpv__uzhfpv_indoor","indoor_forward_3_snapdragon_with_gt","run1",,"","0","0.0","missing","sr"
"orb_slam3_mono","uzh-fpv","uzhfpv__uzhfpv_indoor","indoor_forward_3_snapdragon_with_gt","run2",,"","0","0.0","missing","sr"
"orb_slam3_mono","uzh-fpv","uzhfpv__uzhfpv_indoor","indoor_forward_3_snapdragon_with_gt","run3",,"","0","0.0","missing","sr"
"orb_slam3_mono","uzh-fpv","uzhfpv__uzhfpv_indoor","indoor_forward_5_snapdragon_with_gt","run1","80.2018752738246","80.2018752738246","80.2018752738246","80.2018752738246","valid","sr"
"orb_slam3_mono","uzh-fpv","uzhfpv__uzhfpv_indoor","indoor_forward_5_snapdragon_with_gt","run2","99.96809583226937","99.96809583226937","99.96809583226937","99.96809583226937","valid","sr"
"orb_slam3_mono","uzh-fpv","uzhfpv__uzhfpv_indoor","indoor_forward_5_snapdragon_with_gt","run3","99.96602004410558","99.96602004410558","99.96602004410558","99.96602004410558","valid","sr"
"orb_slam3_mono","uzh-fpv","uzhfpv__uzhfpv_indoor","indoor_forward_6_snapdragon_with_gt","run1","99.99411725114477","99.99411725114477","99.99411725114477","99.99411725114477","valid","sr"
"orb_slam3_mono","uzh-fpv","uzhfpv__uzhfpv_indoor","indoor_forward_6_snapdragon_with_gt","run2","99.9802550562463","99.9802550562463","99.9802550562463","99.9802550562463","valid","sr"
"orb_slam3_mono","uzh-fpv","uzhfpv__uzhfpv_indoor","indoor_forward_6_snapdragon_with_gt","run3","99.99536727170982","99.99536727170982","99.99536727170982","99.99536727170982","valid","sr"
"orb_slam3_mono","uzh-fpv","uzhfpv__uzhfpv_indoor","indoor_forward_7_snapdragon_with_gt","run1","99.91061904099666","99.91061904099666","99.91061904099666","99.91061904099666","valid","sr"
"orb_slam3_mono","uzh-fpv","uzhfpv__uzhfpv_indoor","indoor_forward_7_snapdragon_with_gt","run2","49.05506690077767","49.05506690077767","49.05506690077767","49.05506690077767","valid","sr"
"orb_slam3_mono","uzh-fpv","uzhfpv__uzhfpv_indoor","indoor_forward_7_snapdragon_with_gt","run3","99.91061904099666","99.91061904099666","99.91061904099666","99.91061904099666","valid","sr"
"orb_slam3_mono","uzh-fpv","uzhfpv__uzhfpv_indoor","indoor_forward_9_snapdragon_with_gt","run1","99.99323484683865","99.99323484683865","99.99323484683865","99.99323484683865","valid","sr"
"orb_slam3_mono","uzh-fpv","uzhfpv__uzhfpv_indoor","indoor_forward_9_snapdragon_with_gt","run2","99.99735279822998","99.99735279822998","99.99735279822998","99.99735279822998","valid","sr"
"orb_slam3_mono","uzh-fpv","uzhfpv__uzhfpv_indoor","indoor_forward_9_snapdragon_with_gt","run3","98.13826288868911","98.13826288868911","98.13826288868911","98.13826288868911","valid","sr"
"orb_slam3_mono","uzh-fpv","uzhfpv__uzhfpv_indoor","indoor_forward_10_snapdragon_with_gt","run1","73.57586796278753","73.57586796278753","73.57586796278753","73.57586796278753","valid","sr"
"orb_slam3_mono","uzh-fpv","uzhfpv__uzhfpv_indoor","indoor_forward_10_snapdragon_with_gt","run2","75.15123302970449","75.15123302970449","75.15123302970449","75.15123302970449","valid","sr"
"orb_slam3_mono","uzh-fpv","uzhfpv__uzhfpv_indoor","indoor_forward_10_snapdragon_with_gt","run3","92.81293437575582","92.81293437575582","92.81293437575582","92.81293437575582","valid","sr"
"orb_slam3_stereo","uzh-fpv","uzhfpv__uzhfpv_indoor","indoor_forward_3_snapdragon_with_gt","run1","99.99107697640486","99.99107697640486","99.99107697640486","99.99107697640486","valid","sr"
"orb_slam3_stereo","uzh-fpv","uzhfpv__uzhfpv_indoor","indoor_forward_3_snapdragon_with_gt","run2","99.99401347645015","99.99401347645015","99.99401347645015","99.99401347645015","valid","sr"
"orb_slam3_stereo","uzh-fpv","uzhfpv__uzhfpv_indoor","indoor_forward_3_snapdragon_with_gt","run3","99.99401347645015","99.99401347645015","99.99401347645015","99.99401347645015","valid","sr"
"orb_slam3_stereo","uzh-fpv","uzhfpv__uzhfpv_indoor","indoor_forward_5_snapdragon_with_gt","run1","100","100.0","100","100.0","valid","sr"
"orb_slam3_stereo","uzh-fpv","uzhfpv__uzhfpv_indoor","indoor_forward_5_snapdragon_with_gt","run2","100","100.0","100","100.0","valid","sr"
"orb_slam3_stereo","uzh-fpv","uzhfpv__uzhfpv_indoor","indoor_forward_5_snapdragon_with_gt","run3","100","100.0","100","100.0","valid","sr"
"orb_slam3_stereo","uzh-fpv","uzhfpv__uzhfpv_indoor","indoor_forward_6_snapdragon_with_gt","run1","99.94434144458938","99.94434144458938","99.94434144458938","99.94434144458938","valid","sr"
"orb_slam3_stereo","uzh-fpv","uzhfpv__uzhfpv_indoor","indoor_forward_6_snapdragon_with_gt","run2","99.78589985227377","99.78589985227377","99.78589985227377","99.78589985227377","valid","sr"
"orb_slam3_stereo","uzh-fpv","uzhfpv__uzhfpv_indoor","indoor_forward_6_snapdragon_with_gt","run3","26.43902584025337","26.43902584025337","26.43902584025337","26.43902584025337","valid","sr"
"orb_slam3_stereo","uzh-fpv","uzhfpv__uzhfpv_indoor","indoor_forward_7_snapdragon_with_gt","run1","99.99200868419497","99.99200868419497","99.99200868419497","99.99200868419497","valid","sr"
"orb_slam3_stereo","uzh-fpv","uzhfpv__uzhfpv_indoor","indoor_forward_7_snapdragon_with_gt","run2","72.8813953203503","72.8813953203503","72.8813953203503","72.8813953203503","valid","sr"
"orb_slam3_stereo","uzh-fpv","uzhfpv__uzhfpv_indoor","indoor_forward_7_snapdragon_with_gt","run3","99.96561428065714","99.96561428065714","99.96561428065714","99.96561428065714","valid","sr"
"orb_slam3_stereo","uzh-fpv","uzhfpv__uzhfpv_indoor","indoor_forward_9_snapdragon_with_gt","run1","100","100.0","100","100.0","valid","sr"
"orb_slam3_stereo","uzh-fpv","uzhfpv__uzhfpv_indoor","indoor_forward_9_snapdragon_with_gt","run2","99.97078518283912","99.97078518283912","99.97078518283912","99.97078518283912","valid","sr"
"orb_slam3_stereo","uzh-fpv","uzhfpv__uzhfpv_indoor","indoor_forward_9_snapdragon_with_gt","run3","99.99264303946205","99.99264303946205","99.99264303946205","99.99264303946205","valid","sr"
"orb_slam3_stereo","uzh-fpv","uzhfpv__uzhfpv_indoor","indoor_forward_10_snapdragon_with_gt","run1","99.48909317543584","99.48909317543584","99.48909317543584","99.48909317543584","valid","sr"
"orb_slam3_stereo","uzh-fpv","uzhfpv__uzhfpv_indoor","indoor_forward_10_snapdragon_with_gt","run2","99.47040815743081","99.47040815743081","99.47040815743081","99.47040815743081","valid","sr"
"orb_slam3_stereo","uzh-fpv","uzhfpv__uzhfpv_indoor","indoor_forward_10_snapdragon_with_gt","run3","99.48562200635956","99.48562200635956","99.48562200635956","99.48562200635956","valid","sr"
"rovio","uzh-fpv","uzhfpv__uzhfpv_indoor","indoor_forward_3_snapdragon_with_gt","run1","99.99944593317565","99.99944593317565","99.99944593317565","99.99944593317565","valid","sr"
"rovio","uzh-fpv","uzhfpv__uzhfpv_indoor","indoor_forward_3_snapdragon_with_gt","run2","99.99944593317565","99.99944593317565","99.99944593317565","99.99944593317565","valid","sr"
"rovio","uzh-fpv","uzhfpv__uzhfpv_indoor","indoor_forward_3_snapdragon_with_gt","run3","99.99944593317565","99.99944593317565","99.99944593317565","99.99944593317565","valid","sr"
"rovio","uzh-fpv","uzhfpv__uzhfpv_indoor","indoor_forward_5_snapdragon_with_gt","run1","100","100.0","100","100.0","valid","sr"
"rovio","uzh-fpv","uzhfpv__uzhfpv_indoor","indoor_forward_5_snapdragon_with_gt","run2","100","100.0","100","100.0","valid","sr"
"rovio","uzh-fpv","uzhfpv__uzhfpv_indoor","indoor_forward_5_snapdragon_with_gt","run3","100","100.0","100","100.0","valid","sr"
"rovio","uzh-fpv","uzhfpv__uzhfpv_indoor","indoor_forward_6_snapdragon_with_gt","run1","99.99989528703026","99.99989528703026","99.99989528703026","99.99989528703026","valid","sr"
"rovio","uzh-fpv","uzhfpv__uzhfpv_indoor","indoor_forward_6_snapdragon_with_gt","run2","99.99989528703026","99.99989528703026","99.99989528703026","99.99989528703026","valid","sr"
"rovio","uzh-fpv","uzhfpv__uzhfpv_indoor","indoor_forward_6_snapdragon_with_gt","run3","99.99989528703026","99.99989528703026","99.99989528703026","99.99989528703026","valid","sr"
"rovio","uzh-fpv","uzhfpv__uzhfpv_indoor","indoor_forward_7_snapdragon_with_gt","run1","99.9994000707957","99.9994000707957","99.9994000707957","99.9994000707957","valid","sr"
"rovio","uzh-fpv","uzhfpv__uzhfpv_indoor","indoor_forward_7_snapdragon_with_gt","run2","99.9994000707957","99.9994000707957","99.9994000707957","99.9994000707957","valid","sr"
"rovio","uzh-fpv","uzhfpv__uzhfpv_indoor","indoor_forward_7_snapdragon_with_gt","run3","99.9994000707957","99.9994000707957","99.9994000707957","99.9994000707957","valid","sr"
"rovio","uzh-fpv","uzhfpv__uzhfpv_indoor","indoor_forward_9_snapdragon_with_gt","run1","99.99916657907127","99.99916657907127","99.99916657907127","99.99916657907127","valid","sr"
"rovio","uzh-fpv","uzhfpv__uzhfpv_indoor","indoor_forward_9_snapdragon_with_gt","run2","99.99916657907127","99.99916657907127","99.99916657907127","99.99916657907127","valid","sr"
"rovio","uzh-fpv","uzhfpv__uzhfpv_indoor","indoor_forward_9_snapdragon_with_gt","run3","99.99916657907127","99.99916657907127","99.99916657907127","99.99916657907127","valid","sr"
"rovio","uzh-fpv","uzhfpv__uzhfpv_indoor","indoor_forward_10_snapdragon_with_gt","run1","99.99952853359343","99.99952853359343","99.99952853359343","99.99952853359343","valid","sr"
"rovio","uzh-fpv","uzhfpv__uzhfpv_indoor","indoor_forward_10_snapdragon_with_gt","run2","99.99952853359343","99.99952853359343","99.99952853359343","99.99952853359343","valid","sr"
"rovio","uzh-fpv","uzhfpv__uzhfpv_indoor","indoor_forward_10_snapdragon_with_gt","run3","99.99952853359343","99.99952853359343","99.99952853359343","99.99952853359343","valid","sr"
"sqrtvins_mono","uzh-fpv","uzhfpv__uzhfpv_indoor","indoor_forward_3_snapdragon_with_gt","run1","99.999406964554","99.999406964554","99.999406964554","99.999406964554","valid","sr"
"sqrtvins_mono","uzh-fpv","uzhfpv__uzhfpv_indoor","indoor_forward_3_snapdragon_with_gt","run2","99.999406964554","99.999406964554","99.999406964554","99.999406964554","valid","sr"
"sqrtvins_mono","uzh-fpv","uzhfpv__uzhfpv_indoor","indoor_forward_3_snapdragon_with_gt","run3","99.999406964554","99.999406964554","99.999406964554","99.999406964554","valid","sr"
"sqrtvins_mono","uzh-fpv","uzhfpv__uzhfpv_indoor","indoor_forward_5_snapdragon_with_gt","run1","100","100.0","100","100.0","valid","sr"
"sqrtvins_mono","uzh-fpv","uzhfpv__uzhfpv_indoor","indoor_forward_5_snapdragon_with_gt","run2","100","100.0","100","100.0","valid","sr"
"sqrtvins_mono","uzh-fpv","uzhfpv__uzhfpv_indoor","indoor_forward_5_snapdragon_with_gt","run3","100","100.0","100","100.0","valid","sr"
"sqrtvins_mono","uzh-fpv","uzhfpv__uzhfpv_indoor","indoor_forward_6_snapdragon_with_gt","run1","99.99956671115832","99.99956671115832","99.99956671115832","99.99956671115832","valid","sr"
"sqrtvins_mono","uzh-fpv","uzhfpv__uzhfpv_indoor","indoor_forward_6_snapdragon_with_gt","run2","99.99956671115832","99.99956671115832","99.99956671115832","99.99956671115832","valid","sr"
"sqrtvins_mono","uzh-fpv","uzhfpv__uzhfpv_indoor","indoor_forward_6_snapdragon_with_gt","run3","99.99956671115832","99.99956671115832","99.99956671115832","99.99956671115832","valid","sr"
"sqrtvins_mono","uzh-fpv","uzhfpv__uzhfpv_indoor","indoor_forward_7_snapdragon_with_gt","run1","99.99939419766994","99.99939419766994","99.99939419766994","99.99939419766994","valid","sr"
"sqrtvins_mono","uzh-fpv","uzhfpv__uzhfpv_indoor","indoor_forward_7_snapdragon_with_gt","run2","99.99939419766994","99.99939419766994","99.99939419766994","99.99939419766994","valid","sr"
"sqrtvins_mono","uzh-fpv","uzhfpv__uzhfpv_indoor","indoor_forward_7_snapdragon_with_gt","run3","99.99939419766994","99.99939419766994","99.99939419766994","99.99939419766994","valid","sr"
"sqrtvins_mono","uzh-fpv","uzhfpv__uzhfpv_indoor","indoor_forward_9_snapdragon_with_gt","run1","99.99938850807763","99.99938850807763","99.99938850807763","99.99938850807763","valid","sr"
"sqrtvins_mono","uzh-fpv","uzhfpv__uzhfpv_indoor","indoor_forward_9_snapdragon_with_gt","run2","99.99938850807763","99.99938850807763","99.99938850807763","99.99938850807763","valid","sr"
"sqrtvins_mono","uzh-fpv","uzhfpv__uzhfpv_indoor","indoor_forward_9_snapdragon_with_gt","run3","99.99938850807763","99.99938850807763","99.99938850807763","99.99938850807763","valid","sr"
"sqrtvins_mono","uzh-fpv","uzhfpv__uzhfpv_indoor","indoor_forward_10_snapdragon_with_gt","run1","99.99928181570537","99.99928181570537","99.99928181570537","99.99928181570537","valid","sr"
"sqrtvins_mono","uzh-fpv","uzhfpv__uzhfpv_indoor","indoor_forward_10_snapdragon_with_gt","run2","99.99928181570537","99.99928181570537","99.99928181570537","99.99928181570537","valid","sr"
"sqrtvins_mono","uzh-fpv","uzhfpv__uzhfpv_indoor","indoor_forward_10_snapdragon_with_gt","run3","99.99928181570537","99.99928181570537","99.99928181570537","99.99928181570537","valid","sr"
"sqrtvins_stereo","uzh-fpv","uzhfpv__uzhfpv_indoor","indoor_forward_3_snapdragon_with_gt","run1","99.999406964554","99.999406964554","99.999406964554","99.999406964554","valid","sr"
"sqrtvins_stereo","uzh-fpv","uzhfpv__uzhfpv_indoor","indoor_forward_3_snapdragon_with_gt","run2","99.999406964554","99.999406964554","99.999406964554","99.999406964554","valid","sr"
"sqrtvins_stereo","uzh-fpv","uzhfpv__uzhfpv_indoor","indoor_forward_3_snapdragon_with_gt","run3","99.999406964554","99.999406964554","99.999406964554","99.999406964554","valid","sr"
"sqrtvins_stereo","uzh-fpv","uzhfpv__uzhfpv_indoor","indoor_forward_5_snapdragon_with_gt","run1","100","100.0","100","100.0","valid","sr"
"sqrtvins_stereo","uzh-fpv","uzhfpv__uzhfpv_indoor","indoor_forward_5_snapdragon_with_gt","run2","100","100.0","100","100.0","valid","sr"
"sqrtvins_stereo","uzh-fpv","uzhfpv__uzhfpv_indoor","indoor_forward_5_snapdragon_with_gt","run3","100","100.0","100","100.0","valid","sr"
"sqrtvins_stereo","uzh-fpv","uzhfpv__uzhfpv_indoor","indoor_forward_6_snapdragon_with_gt","run1","99.99956671115832","99.99956671115832","99.99956671115832","99.99956671115832","valid","sr"
"sqrtvins_stereo","uzh-fpv","uzhfpv__uzhfpv_indoor","indoor_forward_6_snapdragon_with_gt","run2","99.99956671115832","99.99956671115832","99.99956671115832","99.99956671115832","valid","sr"
"sqrtvins_stereo","uzh-fpv","uzhfpv__uzhfpv_indoor","indoor_forward_6_snapdragon_with_gt","run3","99.99956671115832","99.99956671115832","99.99956671115832","99.99956671115832","valid","sr"
"sqrtvins_stereo","uzh-fpv","uzhfpv__uzhfpv_indoor","indoor_forward_7_snapdragon_with_gt","run1","99.99939419766994","99.99939419766994","99.99939419766994","99.99939419766994","valid","sr"
"sqrtvins_stereo","uzh-fpv","uzhfpv__uzhfpv_indoor","indoor_forward_7_snapdragon_with_gt","run2","99.99939419766994","99.99939419766994","99.99939419766994","99.99939419766994","valid","sr"
"sqrtvins_stereo","uzh-fpv","uzhfpv__uzhfpv_indoor","indoor_forward_7_snapdragon_with_gt","run3","99.99939419766994","99.99939419766994","99.99939419766994","99.99939419766994","valid","sr"
"sqrtvins_stereo","uzh-fpv","uzhfpv__uzhfpv_indoor","indoor_forward_9_snapdragon_with_gt","run1","99.99938850807763","99.99938850807763","99.99938850807763","99.99938850807763","valid","sr"
"sqrtvins_stereo","uzh-fpv","uzhfpv__uzhfpv_indoor","indoor_forward_9_snapdragon_with_gt","run2","99.99938850807763","99.99938850807763","99.99938850807763","99.99938850807763","valid","sr"
"sqrtvins_stereo","uzh-fpv","uzhfpv__uzhfpv_indoor","indoor_forward_9_snapdragon_with_gt","run3","99.99938850807763","99.99938850807763","99.99938850807763","99.99938850807763","valid","sr"
"sqrtvins_stereo","uzh-fpv","uzhfpv__uzhfpv_indoor","indoor_forward_10_snapdragon_with_gt","run1","99.99928181570537","99.99928181570537","99.99928181570537","99.99928181570537","valid","sr"
"sqrtvins_stereo","uzh-fpv","uzhfpv__uzhfpv_indoor","indoor_forward_10_snapdragon_with_gt","run2","99.99928181570537","99.99928181570537","99.99928181570537","99.99928181570537","valid","sr"
"sqrtvins_stereo","uzh-fpv","uzhfpv__uzhfpv_indoor","indoor_forward_10_snapdragon_with_gt","run3","99.99928181570537","99.99928181570537","99.99928181570537","99.99928181570537","valid","sr"
"svo_mono","uzh-fpv","uzhfpv__uzhfpv_indoor","indoor_forward_3_snapdragon_with_gt","run1","99.99943293319824","99.99943293319824","99.99943293319824","99.99943293319824","valid","sr"
"svo_mono","uzh-fpv","uzhfpv__uzhfpv_indoor","indoor_forward_3_snapdragon_with_gt","run2","99.98624200142316","99.98624200142316","99.98624200142316","99.98624200142316","valid","sr"
"svo_mono","uzh-fpv","uzhfpv__uzhfpv_indoor","indoor_forward_3_snapdragon_with_gt","run3","99.99936470574269","99.99936470574269","99.99936470574269","99.99936470574269","valid","sr"
"svo_mono","uzh-fpv","uzhfpv__uzhfpv_indoor","indoor_forward_5_snapdragon_with_gt","run1","99.99999578746193","99.99999578746193","99.99999578746193","99.99999578746193","valid","sr"
"svo_mono","uzh-fpv","uzhfpv__uzhfpv_indoor","indoor_forward_5_snapdragon_with_gt","run2","99.99999578746193","99.99999578746193","99.99999578746193","99.99999578746193","valid","sr"
"svo_mono","uzh-fpv","uzhfpv__uzhfpv_indoor","indoor_forward_5_snapdragon_with_gt","run3","99.99999578746193","99.99999578746193","99.99999578746193","99.99999578746193","valid","sr"
"svo_mono","uzh-fpv","uzhfpv__uzhfpv_indoor","indoor_forward_6_snapdragon_with_gt","run1","99.93923774240247","99.93923774240247","99.93923774240247","99.93923774240247","valid","sr"
"svo_mono","uzh-fpv","uzhfpv__uzhfpv_indoor","indoor_forward_6_snapdragon_with_gt","run2","99.98906762791704","99.98906762791704","99.98906762791704","99.98906762791704","valid","sr"
"svo_mono","uzh-fpv","uzhfpv__uzhfpv_indoor","indoor_forward_6_snapdragon_with_gt","run3","99.99683281423847","99.99683281423847","99.99683281423847","99.99683281423847","valid","sr"
"svo_mono","uzh-fpv","uzhfpv__uzhfpv_indoor","indoor_forward_7_snapdragon_with_gt","run1","96.37529415814885","96.37529415814885","96.37529415814885","96.37529415814885","valid","sr"
"svo_mono","uzh-fpv","uzhfpv__uzhfpv_indoor","indoor_forward_7_snapdragon_with_gt","run2","99.92021333186955","99.92021333186955","99.92021333186955","99.92021333186955","valid","sr"
"svo_mono","uzh-fpv","uzhfpv__uzhfpv_indoor","indoor_forward_7_snapdragon_with_gt","run3","99.94640475549747","99.94640475549747","99.94640475549747","99.94640475549747","valid","sr"
"svo_mono","uzh-fpv","uzhfpv__uzhfpv_indoor","indoor_forward_9_snapdragon_with_gt","run1","99.99916657907127","99.99916657907127","99.99916657907127","99.99916657907127","valid","sr"
"svo_mono","uzh-fpv","uzhfpv__uzhfpv_indoor","indoor_forward_9_snapdragon_with_gt","run2","98.045048836387","98.045048836387","98.045048836387","98.045048836387","valid","sr"
"svo_mono","uzh-fpv","uzhfpv__uzhfpv_indoor","indoor_forward_9_snapdragon_with_gt","run3","99.99910365297889","99.99910365297889","99.99910365297889","99.99910365297889","valid","sr"
"svo_mono","uzh-fpv","uzhfpv__uzhfpv_indoor","indoor_forward_10_snapdragon_with_gt","run1","99.99945242327341","99.99945242327341","99.99945242327341","99.99945242327341","valid","sr"
"svo_mono","uzh-fpv","uzhfpv__uzhfpv_indoor","indoor_forward_10_snapdragon_with_gt","run2","99.99952853359343","99.99952853359343","99.99952853359343","99.99952853359343","valid","sr"
"svo_mono","uzh-fpv","uzhfpv__uzhfpv_indoor","indoor_forward_10_snapdragon_with_gt","run3","99.99945242327341","99.99945242327341","99.99945242327341","99.99945242327341","valid","sr"
"svo_stereo","uzh-fpv","uzhfpv__uzhfpv_indoor","indoor_forward_3_snapdragon_with_gt","run1","99.99944593317565","99.99944593317565","99.99944593317565","99.99944593317565","valid","sr"
"svo_stereo","uzh-fpv","uzhfpv__uzhfpv_indoor","indoor_forward_3_snapdragon_with_gt","run2","99.99944593317565","99.99944593317565","99.99944593317565","99.99944593317565","valid","sr"
"svo_stereo","uzh-fpv","uzhfpv__uzhfpv_indoor","indoor_forward_3_snapdragon_with_gt","run3","99.99944593317565","99.99944593317565","99.99944593317565","99.99944593317565","valid","sr"
"svo_stereo","uzh-fpv","uzhfpv__uzhfpv_indoor","indoor_forward_5_snapdragon_with_gt","run1","100","100.0","100","100.0","valid","sr"
"svo_stereo","uzh-fpv","uzhfpv__uzhfpv_indoor","indoor_forward_5_snapdragon_with_gt","run2","100","100.0","100","100.0","valid","sr"
"svo_stereo","uzh-fpv","uzhfpv__uzhfpv_indoor","indoor_forward_5_snapdragon_with_gt","run3","100","100.0","100","100.0","valid","sr"
"svo_stereo","uzh-fpv","uzhfpv__uzhfpv_indoor","indoor_forward_6_snapdragon_with_gt","run1","99.99989528703026","99.99989528703026","99.99989528703026","99.99989528703026","valid","sr"
"svo_stereo","uzh-fpv","uzhfpv__uzhfpv_indoor","indoor_forward_6_snapdragon_with_gt","run2","99.99989528703026","99.99989528703026","99.99989528703026","99.99989528703026","valid","sr"
"svo_stereo","uzh-fpv","uzhfpv__uzhfpv_indoor","indoor_forward_6_snapdragon_with_gt","run3","99.99989528703026","99.99989528703026","99.99989528703026","99.99989528703026","valid","sr"
"svo_stereo","uzh-fpv","uzhfpv__uzhfpv_indoor","indoor_forward_7_snapdragon_with_gt","run1","99.9994000707957","99.9994000707957","99.9994000707957","99.9994000707957","valid","sr"
"svo_stereo","uzh-fpv","uzhfpv__uzhfpv_indoor","indoor_forward_7_snapdragon_with_gt","run2","99.9994000707957","99.9994000707957","99.9994000707957","99.9994000707957","valid","sr"
"svo_stereo","uzh-fpv","uzhfpv__uzhfpv_indoor","indoor_forward_7_snapdragon_with_gt","run3","99.9994000707957","99.9994000707957","99.9994000707957","99.9994000707957","valid","sr"
"svo_stereo","uzh-fpv","uzhfpv__uzhfpv_indoor","indoor_forward_9_snapdragon_with_gt","run1","99.99916657907127","99.99916657907127","99.99916657907127","99.99916657907127","valid","sr"
"svo_stereo","uzh-fpv","uzhfpv__uzhfpv_indoor","indoor_forward_9_snapdragon_with_gt","run2","99.99916657907127","99.99916657907127","99.99916657907127","99.99916657907127","valid","sr"
"svo_stereo","uzh-fpv","uzhfpv__uzhfpv_indoor","indoor_forward_9_snapdragon_with_gt","run3","99.99916657907127","99.99916657907127","99.99916657907127","99.99916657907127","valid","sr"
"svo_stereo","uzh-fpv","uzhfpv__uzhfpv_indoor","indoor_forward_10_snapdragon_with_gt","run1","99.99952853359343","99.99952853359343","99.99952853359343","99.99952853359343","valid","sr"
"svo_stereo","uzh-fpv","uzhfpv__uzhfpv_indoor","indoor_forward_10_snapdragon_with_gt","run2","99.99952853359343","99.99952853359343","99.99952853359343","99.99952853359343","valid","sr"
"svo_stereo","uzh-fpv","uzhfpv__uzhfpv_indoor","indoor_forward_10_snapdragon_with_gt","run3","99.99952853359343","99.99952853359343","99.99952853359343","99.99952853359343","valid","sr"
"vins-fusion_monoimu","uzh-fpv","uzhfpv__uzhfpv_indoor","indoor_forward_3_snapdragon_with_gt","run1","100","100.0","100","100.0","valid","sr"
"vins-fusion_monoimu","uzh-fpv","uzhfpv__uzhfpv_indoor","indoor_forward_3_snapdragon_with_gt","run2","100","100.0","100","100.0","valid","sr"
"vins-fusion_monoimu","uzh-fpv","uzhfpv__uzhfpv_indoor","indoor_forward_3_snapdragon_with_gt","run3","100","100.0","100","100.0","valid","sr"
"vins-fusion_monoimu","uzh-fpv","uzhfpv__uzhfpv_indoor","indoor_forward_5_snapdragon_with_gt","run1","100","100.0","100","100.0","valid","sr"
"vins-fusion_monoimu","uzh-fpv","uzhfpv__uzhfpv_indoor","indoor_forward_5_snapdragon_with_gt","run2","100","100.0","100","100.0","valid","sr"
"vins-fusion_monoimu","uzh-fpv","uzhfpv__uzhfpv_indoor","indoor_forward_5_snapdragon_with_gt","run3","100","100.0","100","100.0","valid","sr"
"vins-fusion_monoimu","uzh-fpv","uzhfpv__uzhfpv_indoor","indoor_forward_6_snapdragon_with_gt","run1","39.51499741371271","39.51499741371271","39.51499741371271","39.51499741371271","valid","sr"
"vins-fusion_monoimu","uzh-fpv","uzhfpv__uzhfpv_indoor","indoor_forward_6_snapdragon_with_gt","run2","61.95052733774422","61.95052733774422","61.95052733774422","61.95052733774422","valid","sr"
"vins-fusion_monoimu","uzh-fpv","uzhfpv__uzhfpv_indoor","indoor_forward_6_snapdragon_with_gt","run3","39.51499741371271","39.51499741371271","39.51499741371271","39.51499741371271","valid","sr"
"vins-fusion_monoimu","uzh-fpv","uzhfpv__uzhfpv_indoor","indoor_forward_7_snapdragon_with_gt","run1","100","100.0","100","100.0","valid","sr"
"vins-fusion_monoimu","uzh-fpv","uzhfpv__uzhfpv_indoor","indoor_forward_7_snapdragon_with_gt","run2","100","100.0","100","100.0","valid","sr"
"vins-fusion_monoimu","uzh-fpv","uzhfpv__uzhfpv_indoor","indoor_forward_7_snapdragon_with_gt","run3","100","100.0","100","100.0","valid","sr"
"vins-fusion_monoimu","uzh-fpv","uzhfpv__uzhfpv_indoor","indoor_forward_9_snapdragon_with_gt","run1","100","100.0","100","100.0","valid","sr"
"vins-fusion_monoimu","uzh-fpv","uzhfpv__uzhfpv_indoor","indoor_forward_9_snapdragon_with_gt","run2","99.99831140232963","99.99831140232963","99.99831140232963","99.99831140232963","valid","sr"
"vins-fusion_monoimu","uzh-fpv","uzhfpv__uzhfpv_indoor","indoor_forward_9_snapdragon_with_gt","run3","100","100.0","100","100.0","valid","sr"
"vins-fusion_monoimu","uzh-fpv","uzhfpv__uzhfpv_indoor","indoor_forward_10_snapdragon_with_gt","run1","100","100.0","100","100.0","valid","sr"
"vins-fusion_monoimu","uzh-fpv","uzhfpv__uzhfpv_indoor","indoor_forward_10_snapdragon_with_gt","run2","100","100.0","100","100.0","valid","sr"
"vins-fusion_monoimu","uzh-fpv","uzhfpv__uzhfpv_indoor","indoor_forward_10_snapdragon_with_gt","run3","100","100.0","100","100.0","valid","sr"
"vins-fusion_stereoimu","uzh-fpv","uzhfpv__uzhfpv_indoor","indoor_forward_3_snapdragon_with_gt","run1","100","100.0","100","100.0","valid","sr"
"vins-fusion_stereoimu","uzh-fpv","uzhfpv__uzhfpv_indoor","indoor_forward_3_snapdragon_with_gt","run2","100","100.0","100","100.0","valid","sr"
"vins-fusion_stereoimu","uzh-fpv","uzhfpv__uzhfpv_indoor","indoor_forward_3_snapdragon_with_gt","run3","100","100.0","100","100.0","valid","sr"
"vins-fusion_stereoimu","uzh-fpv","uzhfpv__uzhfpv_indoor","indoor_forward_5_snapdragon_with_gt","run1","100","100.0","100","100.0","valid","sr"
"vins-fusion_stereoimu","uzh-fpv","uzhfpv__uzhfpv_indoor","indoor_forward_5_snapdragon_with_gt","run2","100","100.0","100","100.0","valid","sr"
"vins-fusion_stereoimu","uzh-fpv","uzhfpv__uzhfpv_indoor","indoor_forward_5_snapdragon_with_gt","run3","100","100.0","100","100.0","valid","sr"
"vins-fusion_stereoimu","uzh-fpv","uzhfpv__uzhfpv_indoor","indoor_forward_6_snapdragon_with_gt","run1","100","100.0","100","100.0","valid","sr"
"vins-fusion_stereoimu","uzh-fpv","uzhfpv__uzhfpv_indoor","indoor_forward_6_snapdragon_with_gt","run2","100","100.0","100","100.0","valid","sr"
"vins-fusion_stereoimu","uzh-fpv","uzhfpv__uzhfpv_indoor","indoor_forward_6_snapdragon_with_gt","run3","100","100.0","100","100.0","valid","sr"
"vins-fusion_stereoimu","uzh-fpv","uzhfpv__uzhfpv_indoor","indoor_forward_7_snapdragon_with_gt","run1","100","100.0","100","100.0","valid","sr"
"vins-fusion_stereoimu","uzh-fpv","uzhfpv__uzhfpv_indoor","indoor_forward_7_snapdragon_with_gt","run2","100","100.0","100","100.0","valid","sr"
"vins-fusion_stereoimu","uzh-fpv","uzhfpv__uzhfpv_indoor","indoor_forward_7_snapdragon_with_gt","run3","100","100.0","100","100.0","valid","sr"
"vins-fusion_stereoimu","uzh-fpv","uzhfpv__uzhfpv_indoor","indoor_forward_9_snapdragon_with_gt","run1","99.99831140232963","99.99831140232963","99.99831140232963","99.99831140232963","valid","sr"
"vins-fusion_stereoimu","uzh-fpv","uzhfpv__uzhfpv_indoor","indoor_forward_9_snapdragon_with_gt","run2","100","100.0","100","100.0","valid","sr"
"vins-fusion_stereoimu","uzh-fpv","uzhfpv__uzhfpv_indoor","indoor_forward_9_snapdragon_with_gt","run3","99.99831140232963","99.99831140232963","99.99831140232963","99.99831140232963","valid","sr"
"vins-fusion_stereoimu","uzh-fpv","uzhfpv__uzhfpv_indoor","indoor_forward_10_snapdragon_with_gt","run1","100","100.0","100","100.0","valid","sr"
"vins-fusion_stereoimu","uzh-fpv","uzhfpv__uzhfpv_indoor","indoor_forward_10_snapdragon_with_gt","run2","100","100.0","100","100.0","valid","sr"
"vins-fusion_stereoimu","uzh-fpv","uzhfpv__uzhfpv_indoor","indoor_forward_10_snapdragon_with_gt","run3","100","100.0","100","100.0","valid","sr"
"airslam","uzh-fpv","uzhfpv__uzhfpv_indoor_45","indoor_45_2_snapdragon_with_gt","run1","99.2310428067962","99.2310428067962","99.2310428067962","99.2310428067962","valid","sr"
"airslam","uzh-fpv","uzhfpv__uzhfpv_indoor_45","indoor_45_2_snapdragon_with_gt","run2","99.2310428067962","99.2310428067962","99.2310428067962","99.2310428067962","valid","sr"
"airslam","uzh-fpv","uzhfpv__uzhfpv_indoor_45","indoor_45_2_snapdragon_with_gt","run3","99.2310428067962","99.2310428067962","99.2310428067962","99.2310428067962","valid","sr"
"airslam","uzh-fpv","uzhfpv__uzhfpv_indoor_45","indoor_45_4_snapdragon_with_gt","run1","99.4139276922979","99.4139276922979","99.4139276922979","99.4139276922979","valid","sr"
"airslam","uzh-fpv","uzhfpv__uzhfpv_indoor_45","indoor_45_4_snapdragon_with_gt","run2","99.4139276922979","99.4139276922979","99.4139276922979","99.4139276922979","valid","sr"
"airslam","uzh-fpv","uzhfpv__uzhfpv_indoor_45","indoor_45_4_snapdragon_with_gt","run3","99.4139276922979","99.4139276922979","99.4139276922979","99.4139276922979","valid","sr"
"airslam","uzh-fpv","uzhfpv__uzhfpv_indoor_45","indoor_45_12_snapdragon_with_gt","run1","99.96288645081505","99.96288645081505","99.96288645081505","99.96288645081505","valid","sr"
"airslam","uzh-fpv","uzhfpv__uzhfpv_indoor_45","indoor_45_12_snapdragon_with_gt","run2","99.96288645081505","99.96288645081505","99.96288645081505","99.96288645081505","valid","sr"
"airslam","uzh-fpv","uzhfpv__uzhfpv_indoor_45","indoor_45_12_snapdragon_with_gt","run3","99.96288645081505","99.96288645081505","99.96288645081505","99.96288645081505","valid","sr"
"airslam","uzh-fpv","uzhfpv__uzhfpv_indoor_45","indoor_45_13_snapdragon_with_gt","run1","98.95067701222446","98.95067701222446","98.95067701222446","98.95067701222446","valid","sr"
"airslam","uzh-fpv","uzhfpv__uzhfpv_indoor_45","indoor_45_13_snapdragon_with_gt","run2","98.95067701222446","98.95067701222446","98.95067701222446","98.95067701222446","valid","sr"
"airslam","uzh-fpv","uzhfpv__uzhfpv_indoor_45","indoor_45_13_snapdragon_with_gt","run3","98.95067701222446","98.95067701222446","98.95067701222446","98.95067701222446","valid","sr"
"airslam","uzh-fpv","uzhfpv__uzhfpv_indoor_45","indoor_45_14_snapdragon_with_gt","run1","99.59552834993791","99.59552834993791","99.59552834993791","99.59552834993791","valid","sr"
"airslam","uzh-fpv","uzhfpv__uzhfpv_indoor_45","indoor_45_14_snapdragon_with_gt","run2","99.59552834993791","99.59552834993791","99.59552834993791","99.59552834993791","valid","sr"
"airslam","uzh-fpv","uzhfpv__uzhfpv_indoor_45","indoor_45_14_snapdragon_with_gt","run3","99.59552834993791","99.59552834993791","99.59552834993791","99.59552834993791","valid","sr"
"basalt_stereo","uzh-fpv","uzhfpv__uzhfpv_indoor_45","indoor_45_2_snapdragon_with_gt","run1",,"","0","0.0","missing","sr"
"basalt_stereo","uzh-fpv","uzhfpv__uzhfpv_indoor_45","indoor_45_2_snapdragon_with_gt","run2",,"","0","0.0","missing","sr"
"basalt_stereo","uzh-fpv","uzhfpv__uzhfpv_indoor_45","indoor_45_2_snapdragon_with_gt","run3",,"","0","0.0","missing","sr"
"basalt_stereo","uzh-fpv","uzhfpv__uzhfpv_indoor_45","indoor_45_4_snapdragon_with_gt","run1","99.99989239141729","99.99989239141729","99.99989239141729","99.99989239141729","valid","sr"
"basalt_stereo","uzh-fpv","uzhfpv__uzhfpv_indoor_45","indoor_45_4_snapdragon_with_gt","run2","99.99989239141729","99.99989239141729","99.99989239141729","99.99989239141729","valid","sr"
"basalt_stereo","uzh-fpv","uzhfpv__uzhfpv_indoor_45","indoor_45_4_snapdragon_with_gt","run3","99.99989239141729","99.99989239141729","99.99989239141729","99.99989239141729","valid","sr"
"basalt_stereo","uzh-fpv","uzhfpv__uzhfpv_indoor_45","indoor_45_12_snapdragon_with_gt","run1","100","100.0","100","100.0","valid","sr"
"basalt_stereo","uzh-fpv","uzhfpv__uzhfpv_indoor_45","indoor_45_12_snapdragon_with_gt","run2","100","100.0","100","100.0","valid","sr"
"basalt_stereo","uzh-fpv","uzhfpv__uzhfpv_indoor_45","indoor_45_12_snapdragon_with_gt","run3","100","100.0","100","100.0","valid","sr"
"basalt_stereo","uzh-fpv","uzhfpv__uzhfpv_indoor_45","indoor_45_13_snapdragon_with_gt","run1",,"","0","0.0","missing","sr"
"basalt_stereo","uzh-fpv","uzhfpv__uzhfpv_indoor_45","indoor_45_13_snapdragon_with_gt","run2",,"","0","0.0","missing","sr"
"basalt_stereo","uzh-fpv","uzhfpv__uzhfpv_indoor_45","indoor_45_13_snapdragon_with_gt","run3",,"","0","0.0","missing","sr"
"basalt_stereo","uzh-fpv","uzhfpv__uzhfpv_indoor_45","indoor_45_14_snapdragon_with_gt","run1",,"","0","0.0","missing","sr"
"basalt_stereo","uzh-fpv","uzhfpv__uzhfpv_indoor_45","indoor_45_14_snapdragon_with_gt","run2",,"","0","0.0","missing","sr"
"basalt_stereo","uzh-fpv","uzhfpv__uzhfpv_indoor_45","indoor_45_14_snapdragon_with_gt","run3",,"","0","0.0","missing","sr"
"dm_vio","uzh-fpv","uzhfpv__uzhfpv_indoor_45","indoor_45_2_snapdragon_with_gt","run1","15.150739779584125","15.150739779584125","15.150739779584125","15.150739779584125","valid","sr"
"dm_vio","uzh-fpv","uzhfpv__uzhfpv_indoor_45","indoor_45_2_snapdragon_with_gt","run2","66.49192079171107","66.49192079171107","66.49192079171107","66.49192079171107","valid","sr"
"dm_vio","uzh-fpv","uzhfpv__uzhfpv_indoor_45","indoor_45_2_snapdragon_with_gt","run3","20.224626190951295","20.224626190951295","20.224626190951295","20.224626190951295","valid","sr"
"dm_vio","uzh-fpv","uzhfpv__uzhfpv_indoor_45","indoor_45_4_snapdragon_with_gt","run1","19.523643271075894","19.523643271075894","19.523643271075894","19.523643271075894","valid","sr"
"dm_vio","uzh-fpv","uzhfpv__uzhfpv_indoor_45","indoor_45_4_snapdragon_with_gt","run2","99.51275154176457","99.51275154176457","99.51275154176457","99.51275154176457","valid","sr"
"dm_vio","uzh-fpv","uzhfpv__uzhfpv_indoor_45","indoor_45_4_snapdragon_with_gt","run3","97.16401144379661","97.16401144379661","97.16401144379661","97.16401144379661","valid","sr"
"dm_vio","uzh-fpv","uzhfpv__uzhfpv_indoor_45","indoor_45_12_snapdragon_with_gt","run1","48.04269782432066","48.04269782432066","48.04269782432066","48.04269782432066","valid","sr"
"dm_vio","uzh-fpv","uzhfpv__uzhfpv_indoor_45","indoor_45_12_snapdragon_with_gt","run2","93.46111640211815","93.46111640211815","93.46111640211815","93.46111640211815","valid","sr"
"dm_vio","uzh-fpv","uzhfpv__uzhfpv_indoor_45","indoor_45_12_snapdragon_with_gt","run3","97.36917589399862","97.36917589399862","97.36917589399862","97.36917589399862","valid","sr"
"dm_vio","uzh-fpv","uzhfpv__uzhfpv_indoor_45","indoor_45_13_snapdragon_with_gt","run1","99.10978140737731","99.10978140737731","99.10978140737731","99.10978140737731","valid","sr"
"dm_vio","uzh-fpv","uzhfpv__uzhfpv_indoor_45","indoor_45_13_snapdragon_with_gt","run2","99.10978140737731","99.10978140737731","99.10978140737731","99.10978140737731","valid","sr"
"dm_vio","uzh-fpv","uzhfpv__uzhfpv_indoor_45","indoor_45_13_snapdragon_with_gt","run3","99.10978140737731","99.10978140737731","99.10978140737731","99.10978140737731","valid","sr"
"dm_vio","uzh-fpv","uzhfpv__uzhfpv_indoor_45","indoor_45_14_snapdragon_with_gt","run1","99.6265899397968","99.6265899397968","99.6265899397968","99.6265899397968","valid","sr"
"dm_vio","uzh-fpv","uzhfpv__uzhfpv_indoor_45","indoor_45_14_snapdragon_with_gt","run2","99.6265899397968","99.6265899397968","99.6265899397968","99.6265899397968","valid","sr"
"dm_vio","uzh-fpv","uzhfpv__uzhfpv_indoor_45","indoor_45_14_snapdragon_with_gt","run3","99.6265899397968","99.6265899397968","99.6265899397968","99.6265899397968","valid","sr"
"kimera_vio_mono","uzh-fpv","uzhfpv__uzhfpv_indoor_45","indoor_45_2_snapdragon_with_gt","run1","99.65937946883136","99.65937946883136","99.65937946883136","99.65937946883136","valid","sr"
"kimera_vio_mono","uzh-fpv","uzhfpv__uzhfpv_indoor_45","indoor_45_2_snapdragon_with_gt","run2","99.65937946883136","99.65937946883136","99.65937946883136","99.65937946883136","valid","sr"
"kimera_vio_mono","uzh-fpv","uzhfpv__uzhfpv_indoor_45","indoor_45_2_snapdragon_with_gt","run3","99.65937946883136","99.65937946883136","99.65937946883136","99.65937946883136","valid","sr"
"kimera_vio_mono","uzh-fpv","uzhfpv__uzhfpv_indoor_45","indoor_45_4_snapdragon_with_gt","run1","99.84440193094221","99.84440193094221","99.84440193094221","99.84440193094221","valid","sr"
"kimera_vio_mono","uzh-fpv","uzhfpv__uzhfpv_indoor_45","indoor_45_4_snapdragon_with_gt","run2","99.84440193094221","99.84440193094221","99.84440193094221","99.84440193094221","valid","sr"
"kimera_vio_mono","uzh-fpv","uzhfpv__uzhfpv_indoor_45","indoor_45_4_snapdragon_with_gt","run3","99.84440193094221","99.84440193094221","99.84440193094221","99.84440193094221","valid","sr"
"kimera_vio_mono","uzh-fpv","uzhfpv__uzhfpv_indoor_45","indoor_45_12_snapdragon_with_gt","run1","99.47690474216517","99.47690474216517","99.47690474216517","99.47690474216517","valid","sr"
"kimera_vio_mono","uzh-fpv","uzhfpv__uzhfpv_indoor_45","indoor_45_12_snapdragon_with_gt","run2","99.47690474216517","99.47690474216517","99.47690474216517","99.47690474216517","valid","sr"
"kimera_vio_mono","uzh-fpv","uzhfpv__uzhfpv_indoor_45","indoor_45_12_snapdragon_with_gt","run3","99.47690474216517","99.47690474216517","99.47690474216517","99.47690474216517","valid","sr"
"kimera_vio_mono","uzh-fpv","uzhfpv__uzhfpv_indoor_45","indoor_45_13_snapdragon_with_gt","run1","99.48025621601225","99.48025621601225","99.48025621601225","99.48025621601225","valid","sr"
"kimera_vio_mono","uzh-fpv","uzhfpv__uzhfpv_indoor_45","indoor_45_13_snapdragon_with_gt","run2","99.48025621601225","99.48025621601225","99.48025621601225","99.48025621601225","valid","sr"
"kimera_vio_mono","uzh-fpv","uzhfpv__uzhfpv_indoor_45","indoor_45_13_snapdragon_with_gt","run3","99.48025621601225","99.48025621601225","99.48025621601225","99.48025621601225","valid","sr"
"kimera_vio_mono","uzh-fpv","uzhfpv__uzhfpv_indoor_45","indoor_45_14_snapdragon_with_gt","run1","99.57758691099076","99.57758691099076","99.57758691099076","99.57758691099076","valid","sr"
"kimera_vio_mono","uzh-fpv","uzhfpv__uzhfpv_indoor_45","indoor_45_14_snapdragon_with_gt","run2","99.57758691099076","99.57758691099076","99.57758691099076","99.57758691099076","valid","sr"
"kimera_vio_mono","uzh-fpv","uzhfpv__uzhfpv_indoor_45","indoor_45_14_snapdragon_with_gt","run3","99.57758691099076","99.57758691099076","99.57758691099076","99.57758691099076","valid","sr"
"kimera_vio_stereo","uzh-fpv","uzhfpv__uzhfpv_indoor_45","indoor_45_2_snapdragon_with_gt","run1","99.65675997972494","99.65675997972494","99.65675997972494","99.65675997972494","valid","sr"
"kimera_vio_stereo","uzh-fpv","uzhfpv__uzhfpv_indoor_45","indoor_45_2_snapdragon_with_gt","run2","99.65675997972494","99.65675997972494","99.65675997972494","99.65675997972494","valid","sr"
"kimera_vio_stereo","uzh-fpv","uzhfpv__uzhfpv_indoor_45","indoor_45_2_snapdragon_with_gt","run3","99.65675997972494","99.65675997972494","99.65675997972494","99.65675997972494","valid","sr"
"kimera_vio_stereo","uzh-fpv","uzhfpv__uzhfpv_indoor_45","indoor_45_4_snapdragon_with_gt","run1","99.84308521645795","99.84308521645795","99.84308521645795","99.84308521645795","valid","sr"
"kimera_vio_stereo","uzh-fpv","uzhfpv__uzhfpv_indoor_45","indoor_45_4_snapdragon_with_gt","run2","99.84308521645795","99.84308521645795","99.84308521645795","99.84308521645795","valid","sr"
"kimera_vio_stereo","uzh-fpv","uzhfpv__uzhfpv_indoor_45","indoor_45_4_snapdragon_with_gt","run3","99.84308521645795","99.84308521645795","99.84308521645795","99.84308521645795","valid","sr"
"kimera_vio_stereo","uzh-fpv","uzhfpv__uzhfpv_indoor_45","indoor_45_12_snapdragon_with_gt","run1","99.47569046385482","99.47569046385482","99.47569046385482","99.47569046385482","valid","sr"
"kimera_vio_stereo","uzh-fpv","uzhfpv__uzhfpv_indoor_45","indoor_45_12_snapdragon_with_gt","run2","99.47569046385482","99.47569046385482","99.47569046385482","99.47569046385482","valid","sr"
"kimera_vio_stereo","uzh-fpv","uzhfpv__uzhfpv_indoor_45","indoor_45_12_snapdragon_with_gt","run3","99.47569046385482","99.47569046385482","99.47569046385482","99.47569046385482","valid","sr"
"kimera_vio_stereo","uzh-fpv","uzhfpv__uzhfpv_indoor_45","indoor_45_13_snapdragon_with_gt","run1","99.47896902182045","99.47896902182045","99.47896902182045","99.47896902182045","valid","sr"
"kimera_vio_stereo","uzh-fpv","uzhfpv__uzhfpv_indoor_45","indoor_45_13_snapdragon_with_gt","run2","99.47896902182045","99.47896902182045","99.47896902182045","99.47896902182045","valid","sr"
"kimera_vio_stereo","uzh-fpv","uzhfpv__uzhfpv_indoor_45","indoor_45_13_snapdragon_with_gt","run3","99.47896902182045","99.47896902182045","99.47896902182045","99.47896902182045","valid","sr"
"kimera_vio_stereo","uzh-fpv","uzhfpv__uzhfpv_indoor_45","indoor_45_14_snapdragon_with_gt","run1","99.69336433746246","99.69336433746246","99.69336433746246","99.69336433746246","valid","sr"
"kimera_vio_stereo","uzh-fpv","uzhfpv__uzhfpv_indoor_45","indoor_45_14_snapdragon_with_gt","run2","99.69336433746246","99.69336433746246","99.69336433746246","99.69336433746246","valid","sr"
"kimera_vio_stereo","uzh-fpv","uzhfpv__uzhfpv_indoor_45","indoor_45_14_snapdragon_with_gt","run3","99.69336433746246","99.69336433746246","99.69336433746246","99.69336433746246","valid","sr"
"okvis2x_mono","uzh-fpv","uzhfpv__uzhfpv_indoor_45","indoor_45_2_snapdragon_with_gt","run1","99.99964848045225","99.99964848045225","99.99964848045225","99.99964848045225","valid","sr"
"okvis2x_mono","uzh-fpv","uzhfpv__uzhfpv_indoor_45","indoor_45_2_snapdragon_with_gt","run2","99.99964848045225","99.99964848045225","99.99964848045225","99.99964848045225","valid","sr"
"okvis2x_mono","uzh-fpv","uzhfpv__uzhfpv_indoor_45","indoor_45_2_snapdragon_with_gt","run3","99.99964848045225","99.99964848045225","99.99964848045225","99.99964848045225","valid","sr"
"okvis2x_mono","uzh-fpv","uzhfpv__uzhfpv_indoor_45","indoor_45_4_snapdragon_with_gt","run1","99.99989239141729","99.99989239141729","99.99989239141729","99.99989239141729","valid","sr"
"okvis2x_mono","uzh-fpv","uzhfpv__uzhfpv_indoor_45","indoor_45_4_snapdragon_with_gt","run2","99.99989239141729","99.99989239141729","99.99989239141729","99.99989239141729","valid","sr"
"okvis2x_mono","uzh-fpv","uzhfpv__uzhfpv_indoor_45","indoor_45_4_snapdragon_with_gt","run3","99.99989239141729","99.99989239141729","99.99989239141729","99.99989239141729","valid","sr"
"okvis2x_mono","uzh-fpv","uzhfpv__uzhfpv_indoor_45","indoor_45_12_snapdragon_with_gt","run1","100","100.0","100","100.0","valid","sr"
"okvis2x_mono","uzh-fpv","uzhfpv__uzhfpv_indoor_45","indoor_45_12_snapdragon_with_gt","run2","100","100.0","100","100.0","valid","sr"
"okvis2x_mono","uzh-fpv","uzhfpv__uzhfpv_indoor_45","indoor_45_12_snapdragon_with_gt","run3","100","100.0","100","100.0","valid","sr"
"okvis2x_mono","uzh-fpv","uzhfpv__uzhfpv_indoor_45","indoor_45_13_snapdragon_with_gt","run1","100","100.0","100","100.0","valid","sr"
"okvis2x_mono","uzh-fpv","uzhfpv__uzhfpv_indoor_45","indoor_45_13_snapdragon_with_gt","run2","100","100.0","100","100.0","valid","sr"
"okvis2x_mono","uzh-fpv","uzhfpv__uzhfpv_indoor_45","indoor_45_13_snapdragon_with_gt","run3","100","100.0","100","100.0","valid","sr"
"okvis2x_mono","uzh-fpv","uzhfpv__uzhfpv_indoor_45","indoor_45_14_snapdragon_with_gt","run1","99.99978688895558","99.99978688895558","99.99978688895558","99.99978688895558","valid","sr"
"okvis2x_mono","uzh-fpv","uzhfpv__uzhfpv_indoor_45","indoor_45_14_snapdragon_with_gt","run2","99.99978688895558","99.99978688895558","99.99978688895558","99.99978688895558","valid","sr"
"okvis2x_mono","uzh-fpv","uzhfpv__uzhfpv_indoor_45","indoor_45_14_snapdragon_with_gt","run3","99.99978688895558","99.99978688895558","99.99978688895558","99.99978688895558","valid","sr"
"okvis2x_stereo","uzh-fpv","uzhfpv__uzhfpv_indoor_45","indoor_45_2_snapdragon_with_gt","run1","99.99964848045225","99.99964848045225","99.99964848045225","99.99964848045225","valid","sr"
"okvis2x_stereo","uzh-fpv","uzhfpv__uzhfpv_indoor_45","indoor_45_2_snapdragon_with_gt","run2","99.99964848045225","99.99964848045225","99.99964848045225","99.99964848045225","valid","sr"
"okvis2x_stereo","uzh-fpv","uzhfpv__uzhfpv_indoor_45","indoor_45_2_snapdragon_with_gt","run3","99.99964848045225","99.99964848045225","99.99964848045225","99.99964848045225","valid","sr"
"okvis2x_stereo","uzh-fpv","uzhfpv__uzhfpv_indoor_45","indoor_45_4_snapdragon_with_gt","run1","99.99989239141729","99.99989239141729","99.99989239141729","99.99989239141729","valid","sr"
"okvis2x_stereo","uzh-fpv","uzhfpv__uzhfpv_indoor_45","indoor_45_4_snapdragon_with_gt","run2","99.99989239141729","99.99989239141729","99.99989239141729","99.99989239141729","valid","sr"
"okvis2x_stereo","uzh-fpv","uzhfpv__uzhfpv_indoor_45","indoor_45_4_snapdragon_with_gt","run3","99.99989239141729","99.99989239141729","99.99989239141729","99.99989239141729","valid","sr"
"okvis2x_stereo","uzh-fpv","uzhfpv__uzhfpv_indoor_45","indoor_45_12_snapdragon_with_gt","run1","100","100.0","100","100.0","valid","sr"
"okvis2x_stereo","uzh-fpv","uzhfpv__uzhfpv_indoor_45","indoor_45_12_snapdragon_with_gt","run2","100","100.0","100","100.0","valid","sr"
"okvis2x_stereo","uzh-fpv","uzhfpv__uzhfpv_indoor_45","indoor_45_12_snapdragon_with_gt","run3","100","100.0","100","100.0","valid","sr"
"okvis2x_stereo","uzh-fpv","uzhfpv__uzhfpv_indoor_45","indoor_45_13_snapdragon_with_gt","run1","100","100.0","100","100.0","valid","sr"
"okvis2x_stereo","uzh-fpv","uzhfpv__uzhfpv_indoor_45","indoor_45_13_snapdragon_with_gt","run2","100","100.0","100","100.0","valid","sr"
"okvis2x_stereo","uzh-fpv","uzhfpv__uzhfpv_indoor_45","indoor_45_13_snapdragon_with_gt","run3","100","100.0","100","100.0","valid","sr"
"okvis2x_stereo","uzh-fpv","uzhfpv__uzhfpv_indoor_45","indoor_45_14_snapdragon_with_gt","run1","99.99978688895558","99.99978688895558","99.99978688895558","99.99978688895558","valid","sr"
"okvis2x_stereo","uzh-fpv","uzhfpv__uzhfpv_indoor_45","indoor_45_14_snapdragon_with_gt","run2","99.99978688895558","99.99978688895558","99.99978688895558","99.99978688895558","valid","sr"
"okvis2x_stereo","uzh-fpv","uzhfpv__uzhfpv_indoor_45","indoor_45_14_snapdragon_with_gt","run3","99.99978688895558","99.99978688895558","99.99978688895558","99.99978688895558","valid","sr"
"open_vins_mono","uzh-fpv","uzhfpv__uzhfpv_indoor_45","indoor_45_2_snapdragon_with_gt","run1","99.99982635519446","99.99982635519446","99.99982635519446","99.99982635519446","valid","sr"
"open_vins_mono","uzh-fpv","uzhfpv__uzhfpv_indoor_45","indoor_45_2_snapdragon_with_gt","run2","99.99982635519446","99.99982635519446","99.99982635519446","99.99982635519446","valid","sr"
"open_vins_mono","uzh-fpv","uzhfpv__uzhfpv_indoor_45","indoor_45_2_snapdragon_with_gt","run3","99.99982635519446","99.99982635519446","99.99982635519446","99.99982635519446","valid","sr"
"open_vins_mono","uzh-fpv","uzhfpv__uzhfpv_indoor_45","indoor_45_4_snapdragon_with_gt","run1","99.99992447442114","99.99992447442114","99.99992447442114","99.99992447442114","valid","sr"
"open_vins_mono","uzh-fpv","uzhfpv__uzhfpv_indoor_45","indoor_45_4_snapdragon_with_gt","run2","99.99989413852181","99.99989413852181","99.99989413852181","99.99989413852181","valid","sr"
"open_vins_mono","uzh-fpv","uzhfpv__uzhfpv_indoor_45","indoor_45_4_snapdragon_with_gt","run3","99.99992447442114","99.99992447442114","99.99992447442114","99.99992447442114","valid","sr"
"open_vins_mono","uzh-fpv","uzhfpv__uzhfpv_indoor_45","indoor_45_12_snapdragon_with_gt","run1","99.99991110521171","99.99991110521171","99.99991110521171","99.99991110521171","valid","sr"
"open_vins_mono","uzh-fpv","uzhfpv__uzhfpv_indoor_45","indoor_45_12_snapdragon_with_gt","run2","99.99991110521171","99.99991110521171","99.99991110521171","99.99991110521171","valid","sr"
"open_vins_mono","uzh-fpv","uzhfpv__uzhfpv_indoor_45","indoor_45_12_snapdragon_with_gt","run3","99.99991110521171","99.99991110521171","99.99991110521171","99.99991110521171","valid","sr"
"open_vins_mono","uzh-fpv","uzhfpv__uzhfpv_indoor_45","indoor_45_13_snapdragon_with_gt","run1","100","100.0","100","100.0","valid","sr"
"open_vins_mono","uzh-fpv","uzhfpv__uzhfpv_indoor_45","indoor_45_13_snapdragon_with_gt","run2","100","100.0","100","100.0","valid","sr"
"open_vins_mono","uzh-fpv","uzhfpv__uzhfpv_indoor_45","indoor_45_13_snapdragon_with_gt","run3","100","100.0","100","100.0","valid","sr"
"open_vins_mono","uzh-fpv","uzhfpv__uzhfpv_indoor_45","indoor_45_14_snapdragon_with_gt","run1","99.99979034139652","99.99979034139652","99.99979034139652","99.99979034139652","valid","sr"
"open_vins_mono","uzh-fpv","uzhfpv__uzhfpv_indoor_45","indoor_45_14_snapdragon_with_gt","run2","99.99979034139652","99.99979034139652","99.99979034139652","99.99979034139652","valid","sr"
"open_vins_mono","uzh-fpv","uzhfpv__uzhfpv_indoor_45","indoor_45_14_snapdragon_with_gt","run3","99.99979034139652","99.99979034139652","99.99979034139652","99.99979034139652","valid","sr"
"open_vins_stereo","uzh-fpv","uzhfpv__uzhfpv_indoor_45","indoor_45_2_snapdragon_with_gt","run1","99.99982635519446","99.99982635519446","99.99982635519446","99.99982635519446","valid","sr"
"open_vins_stereo","uzh-fpv","uzhfpv__uzhfpv_indoor_45","indoor_45_2_snapdragon_with_gt","run2","99.99982635519446","99.99982635519446","99.99982635519446","99.99982635519446","valid","sr"
"open_vins_stereo","uzh-fpv","uzhfpv__uzhfpv_indoor_45","indoor_45_2_snapdragon_with_gt","run3","99.99982635519446","99.99982635519446","99.99982635519446","99.99982635519446","valid","sr"
"open_vins_stereo","uzh-fpv","uzhfpv__uzhfpv_indoor_45","indoor_45_4_snapdragon_with_gt","run1","99.99989413852181","99.99989413852181","99.99989413852181","99.99989413852181","valid","sr"
"open_vins_stereo","uzh-fpv","uzhfpv__uzhfpv_indoor_45","indoor_45_4_snapdragon_with_gt","run2","99.99992447442114","99.99992447442114","99.99992447442114","99.99992447442114","valid","sr"
"open_vins_stereo","uzh-fpv","uzhfpv__uzhfpv_indoor_45","indoor_45_4_snapdragon_with_gt","run3","99.99989413852181","99.99989413852181","99.99989413852181","99.99989413852181","valid","sr"
"open_vins_stereo","uzh-fpv","uzhfpv__uzhfpv_indoor_45","indoor_45_12_snapdragon_with_gt","run1","99.99991110521171","99.99991110521171","99.99991110521171","99.99991110521171","valid","sr"
"open_vins_stereo","uzh-fpv","uzhfpv__uzhfpv_indoor_45","indoor_45_12_snapdragon_with_gt","run2","99.99998742522726","99.99998742522726","99.99998742522726","99.99998742522726","valid","sr"
"open_vins_stereo","uzh-fpv","uzhfpv__uzhfpv_indoor_45","indoor_45_12_snapdragon_with_gt","run3","99.99991110521171","99.99991110521171","99.99991110521171","99.99991110521171","valid","sr"
"open_vins_stereo","uzh-fpv","uzhfpv__uzhfpv_indoor_45","indoor_45_13_snapdragon_with_gt","run1","100","100.0","100","100.0","valid","sr"
"open_vins_stereo","uzh-fpv","uzhfpv__uzhfpv_indoor_45","indoor_45_13_snapdragon_with_gt","run2","100","100.0","100","100.0","valid","sr"
"open_vins_stereo","uzh-fpv","uzhfpv__uzhfpv_indoor_45","indoor_45_13_snapdragon_with_gt","run3","100","100.0","100","100.0","valid","sr"
"open_vins_stereo","uzh-fpv","uzhfpv__uzhfpv_indoor_45","indoor_45_14_snapdragon_with_gt","run1","99.99979034139652","99.99979034139652","99.99979034139652","99.99979034139652","valid","sr"
"open_vins_stereo","uzh-fpv","uzhfpv__uzhfpv_indoor_45","indoor_45_14_snapdragon_with_gt","run2","99.99979034139652","99.99979034139652","99.99979034139652","99.99979034139652","valid","sr"
"open_vins_stereo","uzh-fpv","uzhfpv__uzhfpv_indoor_45","indoor_45_14_snapdragon_with_gt","run3","99.99979034139652","99.99979034139652","99.99979034139652","99.99979034139652","valid","sr"
"orb_slam3_mono","uzh-fpv","uzhfpv__uzhfpv_indoor_45","indoor_45_2_snapdragon_with_gt","run1",,"","0","0.0","missing","sr"
"orb_slam3_mono","uzh-fpv","uzhfpv__uzhfpv_indoor_45","indoor_45_2_snapdragon_with_gt","run2",,"","0","0.0","missing","sr"
"orb_slam3_mono","uzh-fpv","uzhfpv__uzhfpv_indoor_45","indoor_45_2_snapdragon_with_gt","run3",,"","0","0.0","missing","sr"
"orb_slam3_mono","uzh-fpv","uzhfpv__uzhfpv_indoor_45","indoor_45_4_snapdragon_with_gt","run1",,"","0","0.0","missing","sr"
"orb_slam3_mono","uzh-fpv","uzhfpv__uzhfpv_indoor_45","indoor_45_4_snapdragon_with_gt","run2",,"","0","0.0","missing","sr"
"orb_slam3_mono","uzh-fpv","uzhfpv__uzhfpv_indoor_45","indoor_45_4_snapdragon_with_gt","run3",,"","0","0.0","missing","sr"
"orb_slam3_mono","uzh-fpv","uzhfpv__uzhfpv_indoor_45","indoor_45_12_snapdragon_with_gt","run1","29.30938176041163","29.30938176041163","29.30938176041163","29.30938176041163","valid","sr"
"orb_slam3_mono","uzh-fpv","uzhfpv__uzhfpv_indoor_45","indoor_45_12_snapdragon_with_gt","run2",,"","0","0.0","missing","sr"
"orb_slam3_mono","uzh-fpv","uzhfpv__uzhfpv_indoor_45","indoor_45_12_snapdragon_with_gt","run3","28.332553157030425","28.332553157030425","28.332553157030425","28.332553157030425","valid","sr"
"orb_slam3_mono","uzh-fpv","uzhfpv__uzhfpv_indoor_45","indoor_45_13_snapdragon_with_gt","run1",,"","0","0.0","missing","sr"
"orb_slam3_mono","uzh-fpv","uzhfpv__uzhfpv_indoor_45","indoor_45_13_snapdragon_with_gt","run2",,"","0","0.0","missing","sr"
"orb_slam3_mono","uzh-fpv","uzhfpv__uzhfpv_indoor_45","indoor_45_13_snapdragon_with_gt","run3",,"","0","0.0","missing","sr"
"orb_slam3_mono","uzh-fpv","uzhfpv__uzhfpv_indoor_45","indoor_45_14_snapdragon_with_gt","run1",,"","0","0.0","missing","sr"
"orb_slam3_mono","uzh-fpv","uzhfpv__uzhfpv_indoor_45","indoor_45_14_snapdragon_with_gt","run2",,"","0","0.0","missing","sr"
"orb_slam3_mono","uzh-fpv","uzhfpv__uzhfpv_indoor_45","indoor_45_14_snapdragon_with_gt","run3",,"","0","0.0","missing","sr"
"orb_slam3_stereo","uzh-fpv","uzhfpv__uzhfpv_indoor_45","indoor_45_2_snapdragon_with_gt","run1","36.96132146817483","36.96132146817483","36.96132146817483","36.96132146817483","valid","sr"
"orb_slam3_stereo","uzh-fpv","uzhfpv__uzhfpv_indoor_45","indoor_45_2_snapdragon_with_gt","run2","36.14466540816265","36.14466540816265","36.14466540816265","36.14466540816265","valid","sr"
"orb_slam3_stereo","uzh-fpv","uzhfpv__uzhfpv_indoor_45","indoor_45_2_snapdragon_with_gt","run3","37.62046522182692","37.62046522182692","37.62046522182692","37.62046522182692","valid","sr"
"orb_slam3_stereo","uzh-fpv","uzhfpv__uzhfpv_indoor_45","indoor_45_4_snapdragon_with_gt","run1","53.03799795642542","53.03799795642542","53.03799795642542","53.03799795642542","valid","sr"
"orb_slam3_stereo","uzh-fpv","uzhfpv__uzhfpv_indoor_45","indoor_45_4_snapdragon_with_gt","run2","46.13220781973359","46.13220781973359","46.13220781973359","46.13220781973359","valid","sr"
"orb_slam3_stereo","uzh-fpv","uzhfpv__uzhfpv_indoor_45","indoor_45_4_snapdragon_with_gt","run3","99.8339834636772","99.8339834636772","99.8339834636772","99.8339834636772","valid","sr"
"orb_slam3_stereo","uzh-fpv","uzhfpv__uzhfpv_indoor_45","indoor_45_12_snapdragon_with_gt","run1","94.96688085260716","94.96688085260716","94.96688085260716","94.96688085260716","valid","sr"
"orb_slam3_stereo","uzh-fpv","uzhfpv__uzhfpv_indoor_45","indoor_45_12_snapdragon_with_gt","run2","95.92760498401374","95.92760498401374","95.92760498401374","95.92760498401374","valid","sr"
"orb_slam3_stereo","uzh-fpv","uzhfpv__uzhfpv_indoor_45","indoor_45_12_snapdragon_with_gt","run3","99.94685434766927","99.94685434766927","99.94685434766927","99.94685434766927","valid","sr"
"orb_slam3_stereo","uzh-fpv","uzhfpv__uzhfpv_indoor_45","indoor_45_13_snapdragon_with_gt","run1","24.970039247498512","24.970039247498512","24.970039247498512","24.970039247498512","valid","sr"
"orb_slam3_stereo","uzh-fpv","uzhfpv__uzhfpv_indoor_45","indoor_45_13_snapdragon_with_gt","run2","34.989597319887","34.989597319887","34.989597319887","34.989597319887","valid","sr"
"orb_slam3_stereo","uzh-fpv","uzhfpv__uzhfpv_indoor_45","indoor_45_13_snapdragon_with_gt","run3","56.54644231918004","56.54644231918004","56.54644231918004","56.54644231918004","valid","sr"
"orb_slam3_stereo","uzh-fpv","uzhfpv__uzhfpv_indoor_45","indoor_45_14_snapdragon_with_gt","run1","0.11341818541034342","0.11341818541034342","0.11341818541034342","0.11341818541034342","valid","sr"
"orb_slam3_stereo","uzh-fpv","uzhfpv__uzhfpv_indoor_45","indoor_45_14_snapdragon_with_gt","run2","5.901285259201222","5.901285259201222","5.901285259201222","5.901285259201222","valid","sr"
"orb_slam3_stereo","uzh-fpv","uzhfpv__uzhfpv_indoor_45","indoor_45_14_snapdragon_with_gt","run3","0.0222148676257114","0.0222148676257114","0.0222148676257114","0.0222148676257114","valid","sr"
"rovio","uzh-fpv","uzhfpv__uzhfpv_indoor_45","indoor_45_2_snapdragon_with_gt","run1","99.99964848045225","99.99964848045225","99.99964848045225","99.99964848045225","valid","sr"
"rovio","uzh-fpv","uzhfpv__uzhfpv_indoor_45","indoor_45_2_snapdragon_with_gt","run2","99.99964848045225","99.99964848045225","99.99964848045225","99.99964848045225","valid","sr"
"rovio","uzh-fpv","uzhfpv__uzhfpv_indoor_45","indoor_45_2_snapdragon_with_gt","run3","99.99964848045225","99.99964848045225","99.99964848045225","99.99964848045225","valid","sr"
"rovio","uzh-fpv","uzhfpv__uzhfpv_indoor_45","indoor_45_4_snapdragon_with_gt","run1","99.99989239141729","99.99989239141729","99.99989239141729","99.99989239141729","valid","sr"
"rovio","uzh-fpv","uzhfpv__uzhfpv_indoor_45","indoor_45_4_snapdragon_with_gt","run2","99.99989239141729","99.99989239141729","99.99989239141729","99.99989239141729","valid","sr"
"rovio","uzh-fpv","uzhfpv__uzhfpv_indoor_45","indoor_45_4_snapdragon_with_gt","run3","99.99989239141729","99.99989239141729","99.99989239141729","99.99989239141729","valid","sr"
"rovio","uzh-fpv","uzhfpv__uzhfpv_indoor_45","indoor_45_12_snapdragon_with_gt","run1","100","100.0","100","100.0","valid","sr"
"rovio","uzh-fpv","uzhfpv__uzhfpv_indoor_45","indoor_45_12_snapdragon_with_gt","run2","100","100.0","100","100.0","valid","sr"
"rovio","uzh-fpv","uzhfpv__uzhfpv_indoor_45","indoor_45_12_snapdragon_with_gt","run3","100","100.0","100","100.0","valid","sr"
"rovio","uzh-fpv","uzhfpv__uzhfpv_indoor_45","indoor_45_13_snapdragon_with_gt","run1","100","100.0","100","100.0","valid","sr"
"rovio","uzh-fpv","uzhfpv__uzhfpv_indoor_45","indoor_45_13_snapdragon_with_gt","run2","100","100.0","100","100.0","valid","sr"
"rovio","uzh-fpv","uzhfpv__uzhfpv_indoor_45","indoor_45_13_snapdragon_with_gt","run3","100","100.0","100","100.0","valid","sr"
"rovio","uzh-fpv","uzhfpv__uzhfpv_indoor_45","indoor_45_14_snapdragon_with_gt","run1","99.99978688895558","99.99978688895558","99.99978688895558","99.99978688895558","valid","sr"
"rovio","uzh-fpv","uzhfpv__uzhfpv_indoor_45","indoor_45_14_snapdragon_with_gt","run2","99.99978688895558","99.99978688895558","99.99978688895558","99.99978688895558","valid","sr"
"rovio","uzh-fpv","uzhfpv__uzhfpv_indoor_45","indoor_45_14_snapdragon_with_gt","run3","99.99978688895558","99.99978688895558","99.99978688895558","99.99978688895558","valid","sr"
"sqrtvins_mono","uzh-fpv","uzhfpv__uzhfpv_indoor_45","indoor_45_2_snapdragon_with_gt","run1","99.99982635519446","99.99982635519446","99.99982635519446","99.99982635519446","valid","sr"
"sqrtvins_mono","uzh-fpv","uzhfpv__uzhfpv_indoor_45","indoor_45_2_snapdragon_with_gt","run2","99.99982635519446","99.99982635519446","99.99982635519446","99.99982635519446","valid","sr"
"sqrtvins_mono","uzh-fpv","uzhfpv__uzhfpv_indoor_45","indoor_45_2_snapdragon_with_gt","run3","99.99982635519446","99.99982635519446","99.99982635519446","99.99982635519446","valid","sr"
"sqrtvins_mono","uzh-fpv","uzhfpv__uzhfpv_indoor_45","indoor_45_4_snapdragon_with_gt","run1","99.999896116159","99.999896116159","99.999896116159","99.999896116159","valid","sr"
"sqrtvins_mono","uzh-fpv","uzhfpv__uzhfpv_indoor_45","indoor_45_4_snapdragon_with_gt","run2","99.999896116159","99.999896116159","99.999896116159","99.999896116159","valid","sr"
"sqrtvins_mono","uzh-fpv","uzhfpv__uzhfpv_indoor_45","indoor_45_4_snapdragon_with_gt","run3","99.999896116159","99.999896116159","99.999896116159","99.999896116159","valid","sr"
"sqrtvins_mono","uzh-fpv","uzhfpv__uzhfpv_indoor_45","indoor_45_12_snapdragon_with_gt","run1","100","100.0","100","100.0","valid","sr"
"sqrtvins_mono","uzh-fpv","uzhfpv__uzhfpv_indoor_45","indoor_45_12_snapdragon_with_gt","run2","100","100.0","100","100.0","valid","sr"
"sqrtvins_mono","uzh-fpv","uzhfpv__uzhfpv_indoor_45","indoor_45_12_snapdragon_with_gt","run3","100","100.0","100","100.0","valid","sr"
"sqrtvins_mono","uzh-fpv","uzhfpv__uzhfpv_indoor_45","indoor_45_13_snapdragon_with_gt","run1","100","100.0","100","100.0","valid","sr"
"sqrtvins_mono","uzh-fpv","uzhfpv__uzhfpv_indoor_45","indoor_45_13_snapdragon_with_gt","run2","100","100.0","100","100.0","valid","sr"
"sqrtvins_mono","uzh-fpv","uzhfpv__uzhfpv_indoor_45","indoor_45_13_snapdragon_with_gt","run3","100","100.0","100","100.0","valid","sr"
"sqrtvins_mono","uzh-fpv","uzhfpv__uzhfpv_indoor_45","indoor_45_14_snapdragon_with_gt","run1","99.99979034139652","99.99979034139652","99.99979034139652","99.99979034139652","valid","sr"
"sqrtvins_mono","uzh-fpv","uzhfpv__uzhfpv_indoor_45","indoor_45_14_snapdragon_with_gt","run2","99.99979034139652","99.99979034139652","99.99979034139652","99.99979034139652","valid","sr"
"sqrtvins_mono","uzh-fpv","uzhfpv__uzhfpv_indoor_45","indoor_45_14_snapdragon_with_gt","run3","99.99979034139652","99.99979034139652","99.99979034139652","99.99979034139652","valid","sr"
"sqrtvins_stereo","uzh-fpv","uzhfpv__uzhfpv_indoor_45","indoor_45_2_snapdragon_with_gt","run1","99.99982635519446","99.99982635519446","99.99982635519446","99.99982635519446","valid","sr"
"sqrtvins_stereo","uzh-fpv","uzhfpv__uzhfpv_indoor_45","indoor_45_2_snapdragon_with_gt","run2","99.99982635519446","99.99982635519446","99.99982635519446","99.99982635519446","valid","sr"
"sqrtvins_stereo","uzh-fpv","uzhfpv__uzhfpv_indoor_45","indoor_45_2_snapdragon_with_gt","run3","99.99982635519446","99.99982635519446","99.99982635519446","99.99982635519446","valid","sr"
"sqrtvins_stereo","uzh-fpv","uzhfpv__uzhfpv_indoor_45","indoor_45_4_snapdragon_with_gt","run1","99.999896116159","99.999896116159","99.999896116159","99.999896116159","valid","sr"
"sqrtvins_stereo","uzh-fpv","uzhfpv__uzhfpv_indoor_45","indoor_45_4_snapdragon_with_gt","run2","99.999896116159","99.999896116159","99.999896116159","99.999896116159","valid","sr"
"sqrtvins_stereo","uzh-fpv","uzhfpv__uzhfpv_indoor_45","indoor_45_4_snapdragon_with_gt","run3","99.999896116159","99.999896116159","99.999896116159","99.999896116159","valid","sr"
"sqrtvins_stereo","uzh-fpv","uzhfpv__uzhfpv_indoor_45","indoor_45_12_snapdragon_with_gt","run1","99.99991564897798","99.99991564897798","99.99991564897798","99.99991564897798","valid","sr"
"sqrtvins_stereo","uzh-fpv","uzhfpv__uzhfpv_indoor_45","indoor_45_12_snapdragon_with_gt","run2","99.99991564897798","99.99991564897798","99.99991564897798","99.99991564897798","valid","sr"
"sqrtvins_stereo","uzh-fpv","uzhfpv__uzhfpv_indoor_45","indoor_45_12_snapdragon_with_gt","run3","99.99991564897798","99.99991564897798","99.99991564897798","99.99991564897798","valid","sr"
"sqrtvins_stereo","uzh-fpv","uzhfpv__uzhfpv_indoor_45","indoor_45_13_snapdragon_with_gt","run1","100","100.0","100","100.0","valid","sr"
"sqrtvins_stereo","uzh-fpv","uzhfpv__uzhfpv_indoor_45","indoor_45_13_snapdragon_with_gt","run2","100","100.0","100","100.0","valid","sr"
"sqrtvins_stereo","uzh-fpv","uzhfpv__uzhfpv_indoor_45","indoor_45_13_snapdragon_with_gt","run3","100","100.0","100","100.0","valid","sr"
"sqrtvins_stereo","uzh-fpv","uzhfpv__uzhfpv_indoor_45","indoor_45_14_snapdragon_with_gt","run1","99.99979034139652","99.99979034139652","99.99979034139652","99.99979034139652","valid","sr"
"sqrtvins_stereo","uzh-fpv","uzhfpv__uzhfpv_indoor_45","indoor_45_14_snapdragon_with_gt","run2","99.99979034139652","99.99979034139652","99.99979034139652","99.99979034139652","valid","sr"
"sqrtvins_stereo","uzh-fpv","uzhfpv__uzhfpv_indoor_45","indoor_45_14_snapdragon_with_gt","run3","99.99979034139652","99.99979034139652","99.99979034139652","99.99979034139652","valid","sr"
"svo_mono","uzh-fpv","uzhfpv__uzhfpv_indoor_45","indoor_45_2_snapdragon_with_gt","run1","99.98644050456048","99.98644050456048","99.98644050456048","99.98644050456048","valid","sr"
"svo_mono","uzh-fpv","uzhfpv__uzhfpv_indoor_45","indoor_45_2_snapdragon_with_gt","run2","99.98673182179716","99.98673182179716","99.98673182179716","99.98673182179716","valid","sr"
"svo_mono","uzh-fpv","uzhfpv__uzhfpv_indoor_45","indoor_45_2_snapdragon_with_gt","run3","99.95457152164924","99.95457152164924","99.95457152164924","99.95457152164924","valid","sr"
"svo_mono","uzh-fpv","uzhfpv__uzhfpv_indoor_45","indoor_45_4_snapdragon_with_gt","run1","99.99884078640575","99.99884078640575","99.99884078640575","99.99884078640575","valid","sr"
"svo_mono","uzh-fpv","uzhfpv__uzhfpv_indoor_45","indoor_45_4_snapdragon_with_gt","run2","93.81251393943731","93.81251393943731","93.81251393943731","93.81251393943731","valid","sr"
"svo_mono","uzh-fpv","uzhfpv__uzhfpv_indoor_45","indoor_45_4_snapdragon_with_gt","run3","99.97605388598211","99.97605388598211","99.97605388598211","99.97605388598211","valid","sr"
"svo_mono","uzh-fpv","uzhfpv__uzhfpv_indoor_45","indoor_45_12_snapdragon_with_gt","run1","100","100.0","100","100.0","valid","sr"
"svo_mono","uzh-fpv","uzhfpv__uzhfpv_indoor_45","indoor_45_12_snapdragon_with_gt","run2","100","100.0","100","100.0","valid","sr"
"svo_mono","uzh-fpv","uzhfpv__uzhfpv_indoor_45","indoor_45_12_snapdragon_with_gt","run3","100","100.0","100","100.0","valid","sr"
"svo_mono","uzh-fpv","uzhfpv__uzhfpv_indoor_45","indoor_45_13_snapdragon_with_gt","run1","99.9666787944646","99.9666787944646","99.9666787944646","99.9666787944646","valid","sr"
"svo_mono","uzh-fpv","uzhfpv__uzhfpv_indoor_45","indoor_45_13_snapdragon_with_gt","run2","99.96360171000782","99.96360171000782","99.96360171000782","99.96360171000782","valid","sr"
"svo_mono","uzh-fpv","uzhfpv__uzhfpv_indoor_45","indoor_45_13_snapdragon_with_gt","run3","99.94458915881151","99.94458915881151","99.94458915881151","99.94458915881151","valid","sr"
"svo_mono","uzh-fpv","uzhfpv__uzhfpv_indoor_45","indoor_45_14_snapdragon_with_gt","run1","99.61377201722938","99.61377201722938","99.61377201722938","99.61377201722938","valid","sr"
"svo_mono","uzh-fpv","uzhfpv__uzhfpv_indoor_45","indoor_45_14_snapdragon_with_gt","run2","99.60071774572421","99.60071774572421","99.60071774572421","99.60071774572421","valid","sr"
"svo_mono","uzh-fpv","uzhfpv__uzhfpv_indoor_45","indoor_45_14_snapdragon_with_gt","run3","99.56500630329033","99.56500630329033","99.56500630329033","99.56500630329033","valid","sr"
"svo_stereo","uzh-fpv","uzhfpv__uzhfpv_indoor_45","indoor_45_2_snapdragon_with_gt","run1","99.99964848045225","99.99964848045225","99.99964848045225","99.99964848045225","valid","sr"
"svo_stereo","uzh-fpv","uzhfpv__uzhfpv_indoor_45","indoor_45_2_snapdragon_with_gt","run2","99.99964848045225","99.99964848045225","99.99964848045225","99.99964848045225","valid","sr"
"svo_stereo","uzh-fpv","uzhfpv__uzhfpv_indoor_45","indoor_45_2_snapdragon_with_gt","run3","99.99964848045225","99.99964848045225","99.99964848045225","99.99964848045225","valid","sr"
"svo_stereo","uzh-fpv","uzhfpv__uzhfpv_indoor_45","indoor_45_4_snapdragon_with_gt","run1","99.99989239141729","99.99989239141729","99.99989239141729","99.99989239141729","valid","sr"
"svo_stereo","uzh-fpv","uzhfpv__uzhfpv_indoor_45","indoor_45_4_snapdragon_with_gt","run2","99.99989239141729","99.99989239141729","99.99989239141729","99.99989239141729","valid","sr"
"svo_stereo","uzh-fpv","uzhfpv__uzhfpv_indoor_45","indoor_45_4_snapdragon_with_gt","run3","99.99989239141729","99.99989239141729","99.99989239141729","99.99989239141729","valid","sr"
"svo_stereo","uzh-fpv","uzhfpv__uzhfpv_indoor_45","indoor_45_12_snapdragon_with_gt","run1","100","100.0","100","100.0","valid","sr"
"svo_stereo","uzh-fpv","uzhfpv__uzhfpv_indoor_45","indoor_45_12_snapdragon_with_gt","run2","100","100.0","100","100.0","valid","sr"
"svo_stereo","uzh-fpv","uzhfpv__uzhfpv_indoor_45","indoor_45_12_snapdragon_with_gt","run3","100","100.0","100","100.0","valid","sr"
"svo_stereo","uzh-fpv","uzhfpv__uzhfpv_indoor_45","indoor_45_13_snapdragon_with_gt","run1","100","100.0","100","100.0","valid","sr"
"svo_stereo","uzh-fpv","uzhfpv__uzhfpv_indoor_45","indoor_45_13_snapdragon_with_gt","run2","100","100.0","100","100.0","valid","sr"
"svo_stereo","uzh-fpv","uzhfpv__uzhfpv_indoor_45","indoor_45_13_snapdragon_with_gt","run3","100","100.0","100","100.0","valid","sr"
"svo_stereo","uzh-fpv","uzhfpv__uzhfpv_indoor_45","indoor_45_14_snapdragon_with_gt","run1","99.94194724563123","99.94194724563123","99.94194724563123","99.94194724563123","valid","sr"
"svo_stereo","uzh-fpv","uzhfpv__uzhfpv_indoor_45","indoor_45_14_snapdragon_with_gt","run2","91.83161195678922","91.83161195678922","91.83161195678922","91.83161195678922","valid","sr"
"svo_stereo","uzh-fpv","uzhfpv__uzhfpv_indoor_45","indoor_45_14_snapdragon_with_gt","run3","90.78285285761339","90.78285285761339","90.78285285761339","90.78285285761339","valid","sr"
"vins-fusion_monoimu","uzh-fpv","uzhfpv__uzhfpv_indoor_45","indoor_45_2_snapdragon_with_gt","run1","98.76439350782161","98.76439350782161","98.76439350782161","98.76439350782161","valid","sr"
"vins-fusion_monoimu","uzh-fpv","uzhfpv__uzhfpv_indoor_45","indoor_45_2_snapdragon_with_gt","run2","98.76439350782161","98.76439350782161","98.76439350782161","98.76439350782161","valid","sr"
"vins-fusion_monoimu","uzh-fpv","uzhfpv__uzhfpv_indoor_45","indoor_45_2_snapdragon_with_gt","run3","98.76439350782161","98.76439350782161","98.76439350782161","98.76439350782161","valid","sr"
"vins-fusion_monoimu","uzh-fpv","uzhfpv__uzhfpv_indoor_45","indoor_45_4_snapdragon_with_gt","run1","100","100.0","100","100.0","valid","sr"
"vins-fusion_monoimu","uzh-fpv","uzhfpv__uzhfpv_indoor_45","indoor_45_4_snapdragon_with_gt","run2","100","100.0","100","100.0","valid","sr"
"vins-fusion_monoimu","uzh-fpv","uzhfpv__uzhfpv_indoor_45","indoor_45_4_snapdragon_with_gt","run3","100","100.0","100","100.0","valid","sr"
"vins-fusion_monoimu","uzh-fpv","uzhfpv__uzhfpv_indoor_45","indoor_45_12_snapdragon_with_gt","run1","100","100.0","100","100.0","valid","sr"
"vins-fusion_monoimu","uzh-fpv","uzhfpv__uzhfpv_indoor_45","indoor_45_12_snapdragon_with_gt","run2","100","100.0","100","100.0","valid","sr"
"vins-fusion_monoimu","uzh-fpv","uzhfpv__uzhfpv_indoor_45","indoor_45_12_snapdragon_with_gt","run3","100","100.0","100","100.0","valid","sr"
"vins-fusion_monoimu","uzh-fpv","uzhfpv__uzhfpv_indoor_45","indoor_45_13_snapdragon_with_gt","run1","100","100.0","100","100.0","valid","sr"
"vins-fusion_monoimu","uzh-fpv","uzhfpv__uzhfpv_indoor_45","indoor_45_13_snapdragon_with_gt","run2","100","100.0","100","100.0","valid","sr"
"vins-fusion_monoimu","uzh-fpv","uzhfpv__uzhfpv_indoor_45","indoor_45_13_snapdragon_with_gt","run3","100","100.0","100","100.0","valid","sr"
"vins-fusion_monoimu","uzh-fpv","uzhfpv__uzhfpv_indoor_45","indoor_45_14_snapdragon_with_gt","run1","100","100.0","100","100.0","valid","sr"
"vins-fusion_monoimu","uzh-fpv","uzhfpv__uzhfpv_indoor_45","indoor_45_14_snapdragon_with_gt","run2","100","100.0","100","100.0","valid","sr"
"vins-fusion_monoimu","uzh-fpv","uzhfpv__uzhfpv_indoor_45","indoor_45_14_snapdragon_with_gt","run3","100","100.0","100","100.0","valid","sr"
"vins-fusion_stereoimu","uzh-fpv","uzhfpv__uzhfpv_indoor_45","indoor_45_2_snapdragon_with_gt","run1","100","100.0","100","100.0","valid","sr"
"vins-fusion_stereoimu","uzh-fpv","uzhfpv__uzhfpv_indoor_45","indoor_45_2_snapdragon_with_gt","run2","100","100.0","100","100.0","valid","sr"
"vins-fusion_stereoimu","uzh-fpv","uzhfpv__uzhfpv_indoor_45","indoor_45_2_snapdragon_with_gt","run3","100","100.0","100","100.0","valid","sr"
"vins-fusion_stereoimu","uzh-fpv","uzhfpv__uzhfpv_indoor_45","indoor_45_4_snapdragon_with_gt","run1","100","100.0","100","100.0","valid","sr"
"vins-fusion_stereoimu","uzh-fpv","uzhfpv__uzhfpv_indoor_45","indoor_45_4_snapdragon_with_gt","run2","100","100.0","100","100.0","valid","sr"
"vins-fusion_stereoimu","uzh-fpv","uzhfpv__uzhfpv_indoor_45","indoor_45_4_snapdragon_with_gt","run3","100","100.0","100","100.0","valid","sr"
"vins-fusion_stereoimu","uzh-fpv","uzhfpv__uzhfpv_indoor_45","indoor_45_12_snapdragon_with_gt","run1","100","100.0","100","100.0","valid","sr"
"vins-fusion_stereoimu","uzh-fpv","uzhfpv__uzhfpv_indoor_45","indoor_45_12_snapdragon_with_gt","run2","96.71516665501646","96.71516665501646","96.71516665501646","96.71516665501646","valid","sr"
"vins-fusion_stereoimu","uzh-fpv","uzhfpv__uzhfpv_indoor_45","indoor_45_12_snapdragon_with_gt","run3","68.31750002529836","68.31750002529836","68.31750002529836","68.31750002529836","valid","sr"
"vins-fusion_stereoimu","uzh-fpv","uzhfpv__uzhfpv_indoor_45","indoor_45_13_snapdragon_with_gt","run1","100","100.0","100","100.0","valid","sr"
"vins-fusion_stereoimu","uzh-fpv","uzhfpv__uzhfpv_indoor_45","indoor_45_13_snapdragon_with_gt","run2","100","100.0","100","100.0","valid","sr"
"vins-fusion_stereoimu","uzh-fpv","uzhfpv__uzhfpv_indoor_45","indoor_45_13_snapdragon_with_gt","run3","100","100.0","100","100.0","valid","sr"
"vins-fusion_stereoimu","uzh-fpv","uzhfpv__uzhfpv_indoor_45","indoor_45_14_snapdragon_with_gt","run1","100","100.0","100","100.0","valid","sr"
"vins-fusion_stereoimu","uzh-fpv","uzhfpv__uzhfpv_indoor_45","indoor_45_14_snapdragon_with_gt","run2","100","100.0","100","100.0","valid","sr"
"vins-fusion_stereoimu","uzh-fpv","uzhfpv__uzhfpv_indoor_45","indoor_45_14_snapdragon_with_gt","run3","100","100.0","100","100.0","valid","sr"
"airslam","uzh-fpv","uzhfpv__uzhfpv_outdoor","outdoor_forward_1_snapdragon_with_gt","run1","99.12764026094194","99.12764026094194","99.12764026094194","99.12764026094194","valid","sr"
"airslam","uzh-fpv","uzhfpv__uzhfpv_outdoor","outdoor_forward_1_snapdragon_with_gt","run2","99.63074051100847","99.63074051100847","99.63074051100847","99.63074051100847","valid","sr"
"airslam","uzh-fpv","uzhfpv__uzhfpv_outdoor","outdoor_forward_1_snapdragon_with_gt","run3","99.63074051100847","99.63074051100847","99.63074051100847","99.63074051100847","valid","sr"
"airslam","uzh-fpv","uzhfpv__uzhfpv_outdoor","outdoor_forward_3_snapdragon_with_gt","run1","94.70174946433009","94.70174946433009","94.70174946433009","94.70174946433009","valid","sr"
"airslam","uzh-fpv","uzhfpv__uzhfpv_outdoor","outdoor_forward_3_snapdragon_with_gt","run2","99.936177964378","99.936177964378","99.936177964378","99.936177964378","valid","sr"
"airslam","uzh-fpv","uzhfpv__uzhfpv_outdoor","outdoor_forward_3_snapdragon_with_gt","run3","99.936177964378","99.936177964378","99.936177964378","99.936177964378","valid","sr"
"airslam","uzh-fpv","uzhfpv__uzhfpv_outdoor","outdoor_forward_5_snapdragon_with_gt","run1","77.87353436672987","77.87353436672987","77.87353436672987","77.87353436672987","valid","sr"
"airslam","uzh-fpv","uzhfpv__uzhfpv_outdoor","outdoor_forward_5_snapdragon_with_gt","run2","99.73957565567027","99.73957565567027","99.73957565567027","99.73957565567027","valid","sr"
"airslam","uzh-fpv","uzhfpv__uzhfpv_outdoor","outdoor_forward_5_snapdragon_with_gt","run3","99.73957565567027","99.73957565567027","99.73957565567027","99.73957565567027","valid","sr"
"basalt_stereo","uzh-fpv","uzhfpv__uzhfpv_outdoor","outdoor_forward_1_snapdragon_with_gt","run1","99.9999668044276","99.9999668044276","99.9999668044276","99.9999668044276","valid","sr"
"basalt_stereo","uzh-fpv","uzhfpv__uzhfpv_outdoor","outdoor_forward_1_snapdragon_with_gt","run2","99.9999668044276","99.9999668044276","99.9999668044276","99.9999668044276","valid","sr"
"basalt_stereo","uzh-fpv","uzhfpv__uzhfpv_outdoor","outdoor_forward_1_snapdragon_with_gt","run3","99.9999668044276","99.9999668044276","99.9999668044276","99.9999668044276","valid","sr"
"basalt_stereo","uzh-fpv","uzhfpv__uzhfpv_outdoor","outdoor_forward_3_snapdragon_with_gt","run1",,"","0","0.0","missing","sr"
"basalt_stereo","uzh-fpv","uzhfpv__uzhfpv_outdoor","outdoor_forward_3_snapdragon_with_gt","run2",,"","0","0.0","missing","sr"
"basalt_stereo","uzh-fpv","uzhfpv__uzhfpv_outdoor","outdoor_forward_3_snapdragon_with_gt","run3",,"","0","0.0","missing","sr"
"basalt_stereo","uzh-fpv","uzhfpv__uzhfpv_outdoor","outdoor_forward_5_snapdragon_with_gt","run1",,"","0","0.0","missing","sr"
"basalt_stereo","uzh-fpv","uzhfpv__uzhfpv_outdoor","outdoor_forward_5_snapdragon_with_gt","run2",,"","0","0.0","missing","sr"
"basalt_stereo","uzh-fpv","uzhfpv__uzhfpv_outdoor","outdoor_forward_5_snapdragon_with_gt","run3",,"","0","0.0","missing","sr"
"dm_vio","uzh-fpv","uzhfpv__uzhfpv_outdoor","outdoor_forward_1_snapdragon_with_gt","run1",,"","0","0.0","missing","sr"
"dm_vio","uzh-fpv","uzhfpv__uzhfpv_outdoor","outdoor_forward_1_snapdragon_with_gt","run2",,"","0","0.0","missing","sr"
"dm_vio","uzh-fpv","uzhfpv__uzhfpv_outdoor","outdoor_forward_1_snapdragon_with_gt","run3",,"","0","0.0","missing","sr"
"dm_vio","uzh-fpv","uzhfpv__uzhfpv_outdoor","outdoor_forward_3_snapdragon_with_gt","run1","99.98545630039185","99.98545630039185","99.98545630039185","99.98545630039185","valid","sr"
"dm_vio","uzh-fpv","uzhfpv__uzhfpv_outdoor","outdoor_forward_3_snapdragon_with_gt","run2","99.98545630039185","99.98545630039185","99.98545630039185","99.98545630039185","valid","sr"
"dm_vio","uzh-fpv","uzhfpv__uzhfpv_outdoor","outdoor_forward_3_snapdragon_with_gt","run3","99.98545630039185","99.98545630039185","99.98545630039185","99.98545630039185","valid","sr"
"dm_vio","uzh-fpv","uzhfpv__uzhfpv_outdoor","outdoor_forward_5_snapdragon_with_gt","run1",,"","0","0.0","missing","sr"
"dm_vio","uzh-fpv","uzhfpv__uzhfpv_outdoor","outdoor_forward_5_snapdragon_with_gt","run2",,"","0","0.0","missing","sr"
"dm_vio","uzh-fpv","uzhfpv__uzhfpv_outdoor","outdoor_forward_5_snapdragon_with_gt","run3",,"","0","0.0","missing","sr"
"kimera_vio_mono","uzh-fpv","uzhfpv__uzhfpv_outdoor","outdoor_forward_1_snapdragon_with_gt","run1","99.74622855765186","99.74622855765186","99.74622855765186","99.74622855765186","valid","sr"
"kimera_vio_mono","uzh-fpv","uzhfpv__uzhfpv_outdoor","outdoor_forward_1_snapdragon_with_gt","run2","99.74622855765186","99.74622855765186","99.74622855765186","99.74622855765186","valid","sr"
"kimera_vio_mono","uzh-fpv","uzhfpv__uzhfpv_outdoor","outdoor_forward_1_snapdragon_with_gt","run3","99.74622855765186","99.74622855765186","99.74622855765186","99.74622855765186","valid","sr"
"kimera_vio_mono","uzh-fpv","uzhfpv__uzhfpv_outdoor","outdoor_forward_3_snapdragon_with_gt","run1","99.71126458889555","99.71126458889555","99.71126458889555","99.71126458889555","valid","sr"
"kimera_vio_mono","uzh-fpv","uzhfpv__uzhfpv_outdoor","outdoor_forward_3_snapdragon_with_gt","run2","99.71126458889555","99.71126458889555","99.71126458889555","99.71126458889555","valid","sr"
"kimera_vio_mono","uzh-fpv","uzhfpv__uzhfpv_outdoor","outdoor_forward_3_snapdragon_with_gt","run3","99.71126458889555","99.71126458889555","99.71126458889555","99.71126458889555","valid","sr"
"kimera_vio_mono","uzh-fpv","uzhfpv__uzhfpv_outdoor","outdoor_forward_5_snapdragon_with_gt","run1","99.21404620704708","99.21404620704708","99.21404620704708","99.21404620704708","valid","sr"
"kimera_vio_mono","uzh-fpv","uzhfpv__uzhfpv_outdoor","outdoor_forward_5_snapdragon_with_gt","run2","99.21404620704708","99.21404620704708","99.21404620704708","99.21404620704708","valid","sr"
"kimera_vio_mono","uzh-fpv","uzhfpv__uzhfpv_outdoor","outdoor_forward_5_snapdragon_with_gt","run3","99.21404620704708","99.21404620704708","99.21404620704708","99.21404620704708","valid","sr"
"kimera_vio_stereo","uzh-fpv","uzhfpv__uzhfpv_outdoor","outdoor_forward_1_snapdragon_with_gt","run1","99.74395986321387","99.74395986321387","99.74395986321387","99.74395986321387","valid","sr"
"kimera_vio_stereo","uzh-fpv","uzhfpv__uzhfpv_outdoor","outdoor_forward_1_snapdragon_with_gt","run2","99.74395986321387","99.74395986321387","99.74395986321387","99.74395986321387","valid","sr"
"kimera_vio_stereo","uzh-fpv","uzhfpv__uzhfpv_outdoor","outdoor_forward_1_snapdragon_with_gt","run3","99.74395986321387","99.74395986321387","99.74395986321387","99.74395986321387","valid","sr"
"kimera_vio_stereo","uzh-fpv","uzhfpv__uzhfpv_outdoor","outdoor_forward_3_snapdragon_with_gt","run1","99.7111706045054","99.7111706045054","99.7111706045054","99.7111706045054","valid","sr"
"kimera_vio_stereo","uzh-fpv","uzhfpv__uzhfpv_outdoor","outdoor_forward_3_snapdragon_with_gt","run2","99.7111706045054","99.7111706045054","99.7111706045054","99.7111706045054","valid","sr"
"kimera_vio_stereo","uzh-fpv","uzhfpv__uzhfpv_outdoor","outdoor_forward_3_snapdragon_with_gt","run3","99.7111706045054","99.7111706045054","99.7111706045054","99.7111706045054","valid","sr"
"kimera_vio_stereo","uzh-fpv","uzhfpv__uzhfpv_outdoor","outdoor_forward_5_snapdragon_with_gt","run1","99.21273414555259","99.21273414555259","99.21273414555259","99.21273414555259","valid","sr"
"kimera_vio_stereo","uzh-fpv","uzhfpv__uzhfpv_outdoor","outdoor_forward_5_snapdragon_with_gt","run2","99.21273414555259","99.21273414555259","99.21273414555259","99.21273414555259","valid","sr"
"kimera_vio_stereo","uzh-fpv","uzhfpv__uzhfpv_outdoor","outdoor_forward_5_snapdragon_with_gt","run3","99.21273414555259","99.21273414555259","99.21273414555259","99.21273414555259","valid","sr"
"okvis2x_mono","uzh-fpv","uzhfpv__uzhfpv_outdoor","outdoor_forward_1_snapdragon_with_gt","run1",,"","0","0.0","missing","sr"
"okvis2x_mono","uzh-fpv","uzhfpv__uzhfpv_outdoor","outdoor_forward_1_snapdragon_with_gt","run2",,"","0","0.0","missing","sr"
"okvis2x_mono","uzh-fpv","uzhfpv__uzhfpv_outdoor","outdoor_forward_1_snapdragon_with_gt","run3",,"","0","0.0","missing","sr"
"okvis2x_mono","uzh-fpv","uzhfpv__uzhfpv_outdoor","outdoor_forward_3_snapdragon_with_gt","run1",,"","0","0.0","missing","sr"
"okvis2x_mono","uzh-fpv","uzhfpv__uzhfpv_outdoor","outdoor_forward_3_snapdragon_with_gt","run2",,"","0","0.0","missing","sr"
"okvis2x_mono","uzh-fpv","uzhfpv__uzhfpv_outdoor","outdoor_forward_3_snapdragon_with_gt","run3",,"","0","0.0","missing","sr"
"okvis2x_mono","uzh-fpv","uzhfpv__uzhfpv_outdoor","outdoor_forward_5_snapdragon_with_gt","run1",,"","0","0.0","missing","sr"
"okvis2x_mono","uzh-fpv","uzhfpv__uzhfpv_outdoor","outdoor_forward_5_snapdragon_with_gt","run2",,"","0","0.0","missing","sr"
"okvis2x_mono","uzh-fpv","uzhfpv__uzhfpv_outdoor","outdoor_forward_5_snapdragon_with_gt","run3",,"","0","0.0","missing","sr"
"okvis2x_stereo","uzh-fpv","uzhfpv__uzhfpv_outdoor","outdoor_forward_1_snapdragon_with_gt","run1",,"","0","0.0","missing","sr"
"okvis2x_stereo","uzh-fpv","uzhfpv__uzhfpv_outdoor","outdoor_forward_1_snapdragon_with_gt","run2",,"","0","0.0","missing","sr"
"okvis2x_stereo","uzh-fpv","uzhfpv__uzhfpv_outdoor","outdoor_forward_1_snapdragon_with_gt","run3",,"","0","0.0","missing","sr"
"okvis2x_stereo","uzh-fpv","uzhfpv__uzhfpv_outdoor","outdoor_forward_3_snapdragon_with_gt","run1",,"","0","0.0","missing","sr"
"okvis2x_stereo","uzh-fpv","uzhfpv__uzhfpv_outdoor","outdoor_forward_3_snapdragon_with_gt","run2",,"","0","0.0","missing","sr"
"okvis2x_stereo","uzh-fpv","uzhfpv__uzhfpv_outdoor","outdoor_forward_3_snapdragon_with_gt","run3",,"","0","0.0","missing","sr"
"okvis2x_stereo","uzh-fpv","uzhfpv__uzhfpv_outdoor","outdoor_forward_5_snapdragon_with_gt","run1",,"","0","0.0","missing","sr"
"okvis2x_stereo","uzh-fpv","uzhfpv__uzhfpv_outdoor","outdoor_forward_5_snapdragon_with_gt","run2",,"","0","0.0","missing","sr"
"okvis2x_stereo","uzh-fpv","uzhfpv__uzhfpv_outdoor","outdoor_forward_5_snapdragon_with_gt","run3",,"","0","0.0","missing","sr"
"open_vins_mono","uzh-fpv","uzhfpv__uzhfpv_outdoor","outdoor_forward_1_snapdragon_with_gt","run1","99.99996684300821","99.99996684300821","99.99996684300821","99.99996684300821","valid","sr"
"open_vins_mono","uzh-fpv","uzhfpv__uzhfpv_outdoor","outdoor_forward_1_snapdragon_with_gt","run2","99.99996684300821","99.99996684300821","99.99996684300821","99.99996684300821","valid","sr"
"open_vins_mono","uzh-fpv","uzhfpv__uzhfpv_outdoor","outdoor_forward_1_snapdragon_with_gt","run3","99.99996684300821","99.99996684300821","99.99996684300821","99.99996684300821","valid","sr"
"open_vins_mono","uzh-fpv","uzhfpv__uzhfpv_outdoor","outdoor_forward_3_snapdragon_with_gt","run1","99.99986100740976","99.99986100740976","99.99986100740976","99.99986100740976","valid","sr"
"open_vins_mono","uzh-fpv","uzhfpv__uzhfpv_outdoor","outdoor_forward_3_snapdragon_with_gt","run2","99.99986100740976","99.99986100740976","99.99986100740976","99.99986100740976","valid","sr"
"open_vins_mono","uzh-fpv","uzhfpv__uzhfpv_outdoor","outdoor_forward_3_snapdragon_with_gt","run3","99.99986100740976","99.99986100740976","99.99986100740976","99.99986100740976","valid","sr"
"open_vins_mono","uzh-fpv","uzhfpv__uzhfpv_outdoor","outdoor_forward_5_snapdragon_with_gt","run1","99.9999610277129","99.9999610277129","99.9999610277129","99.9999610277129","valid","sr"
"open_vins_mono","uzh-fpv","uzhfpv__uzhfpv_outdoor","outdoor_forward_5_snapdragon_with_gt","run2","99.9999610277129","99.9999610277129","99.9999610277129","99.9999610277129","valid","sr"
"open_vins_mono","uzh-fpv","uzhfpv__uzhfpv_outdoor","outdoor_forward_5_snapdragon_with_gt","run3","99.9999610277129","99.9999610277129","99.9999610277129","99.9999610277129","valid","sr"
"open_vins_stereo","uzh-fpv","uzhfpv__uzhfpv_outdoor","outdoor_forward_1_snapdragon_with_gt","run1","99.99996684300821","99.99996684300821","99.99996684300821","99.99996684300821","valid","sr"
"open_vins_stereo","uzh-fpv","uzhfpv__uzhfpv_outdoor","outdoor_forward_1_snapdragon_with_gt","run2","99.99996684300821","99.99996684300821","99.99996684300821","99.99996684300821","valid","sr"
"open_vins_stereo","uzh-fpv","uzhfpv__uzhfpv_outdoor","outdoor_forward_1_snapdragon_with_gt","run3","99.99996684300821","99.99996684300821","99.99996684300821","99.99996684300821","valid","sr"
"open_vins_stereo","uzh-fpv","uzhfpv__uzhfpv_outdoor","outdoor_forward_3_snapdragon_with_gt","run1","99.99986100740976","99.99986100740976","99.99986100740976","99.99986100740976","valid","sr"
"open_vins_stereo","uzh-fpv","uzhfpv__uzhfpv_outdoor","outdoor_forward_3_snapdragon_with_gt","run2","99.99986100740976","99.99986100740976","99.99986100740976","99.99986100740976","valid","sr"
"open_vins_stereo","uzh-fpv","uzhfpv__uzhfpv_outdoor","outdoor_forward_3_snapdragon_with_gt","run3","99.99986100740976","99.99986100740976","99.99986100740976","99.99986100740976","valid","sr"
"open_vins_stereo","uzh-fpv","uzhfpv__uzhfpv_outdoor","outdoor_forward_5_snapdragon_with_gt","run1","99.9999610277129","99.9999610277129","99.9999610277129","99.9999610277129","valid","sr"
"open_vins_stereo","uzh-fpv","uzhfpv__uzhfpv_outdoor","outdoor_forward_5_snapdragon_with_gt","run2","99.9999610277129","99.9999610277129","99.9999610277129","99.9999610277129","valid","sr"
"open_vins_stereo","uzh-fpv","uzhfpv__uzhfpv_outdoor","outdoor_forward_5_snapdragon_with_gt","run3","99.9999610277129","99.9999610277129","99.9999610277129","99.9999610277129","valid","sr"
"orb_slam3_mono","uzh-fpv","uzhfpv__uzhfpv_outdoor","outdoor_forward_1_snapdragon_with_gt","run1",,"","0","0.0","invalid","sr"
"orb_slam3_mono","uzh-fpv","uzhfpv__uzhfpv_outdoor","outdoor_forward_1_snapdragon_with_gt","run2","99.9997522058756","99.9997522058756","99.9997522058756","99.9997522058756","valid","sr"
"orb_slam3_mono","uzh-fpv","uzhfpv__uzhfpv_outdoor","outdoor_forward_1_snapdragon_with_gt","run3","99.99974938321908","99.99974938321908","99.99974938321908","99.99974938321908","valid","sr"
"orb_slam3_mono","uzh-fpv","uzhfpv__uzhfpv_outdoor","outdoor_forward_3_snapdragon_with_gt","run1",,"","0","0.0","missing","sr"
"orb_slam3_mono","uzh-fpv","uzhfpv__uzhfpv_outdoor","outdoor_forward_3_snapdragon_with_gt","run2","99.90961711404968","99.90961711404968","99.90961711404968","99.90961711404968","valid","sr"
"orb_slam3_mono","uzh-fpv","uzhfpv__uzhfpv_outdoor","outdoor_forward_3_snapdragon_with_gt","run3","99.46339428417329","99.46339428417329","99.46339428417329","99.46339428417329","valid","sr"
"orb_slam3_mono","uzh-fpv","uzhfpv__uzhfpv_outdoor","outdoor_forward_5_snapdragon_with_gt","run1","85.8864388206388","85.8864388206388","85.8864388206388","85.8864388206388","valid","sr"
"orb_slam3_mono","uzh-fpv","uzhfpv__uzhfpv_outdoor","outdoor_forward_5_snapdragon_with_gt","run2","85.88645860515481","85.88645860515481","85.88645860515481","85.88645860515481","valid","sr"
"orb_slam3_mono","uzh-fpv","uzhfpv__uzhfpv_outdoor","outdoor_forward_5_snapdragon_with_gt","run3","85.88645860515481","85.88645860515481","85.88645860515481","85.88645860515481","valid","sr"
"orb_slam3_stereo","uzh-fpv","uzhfpv__uzhfpv_outdoor","outdoor_forward_1_snapdragon_with_gt","run1","99.9986645355568","99.9986645355568","99.9986645355568","99.9986645355568","valid","sr"
"orb_slam3_stereo","uzh-fpv","uzhfpv__uzhfpv_outdoor","outdoor_forward_1_snapdragon_with_gt","run2","99.99987315036091","99.99987315036091","99.99987315036091","99.99987315036091","valid","sr"
"orb_slam3_stereo","uzh-fpv","uzhfpv__uzhfpv_outdoor","outdoor_forward_1_snapdragon_with_gt","run3","99.99985875903172","99.99985875903172","99.99985875903172","99.99985875903172","valid","sr"
"orb_slam3_stereo","uzh-fpv","uzhfpv__uzhfpv_outdoor","outdoor_forward_3_snapdragon_with_gt","run1","99.99926554655923","99.99926554655923","99.99926554655923","99.99926554655923","valid","sr"
"orb_slam3_stereo","uzh-fpv","uzhfpv__uzhfpv_outdoor","outdoor_forward_3_snapdragon_with_gt","run2","99.99952112806048","99.99952112806048","99.99952112806048","99.99952112806048","valid","sr"
"orb_slam3_stereo","uzh-fpv","uzhfpv__uzhfpv_outdoor","outdoor_forward_3_snapdragon_with_gt","run3","99.99697306722035","99.99697306722035","99.99697306722035","99.99697306722035","valid","sr"
"orb_slam3_stereo","uzh-fpv","uzhfpv__uzhfpv_outdoor","outdoor_forward_5_snapdragon_with_gt","run1","99.99941604055736","99.99941604055736","99.99941604055736","99.99941604055736","valid","sr"
"orb_slam3_stereo","uzh-fpv","uzhfpv__uzhfpv_outdoor","outdoor_forward_5_snapdragon_with_gt","run2","91.05857691080098","91.05857691080098","91.05857691080098","91.05857691080098","valid","sr"
"orb_slam3_stereo","uzh-fpv","uzhfpv__uzhfpv_outdoor","outdoor_forward_5_snapdragon_with_gt","run3","99.76870660796718","99.76870660796718","99.76870660796718","99.76870660796718","valid","sr"
"rovio","uzh-fpv","uzhfpv__uzhfpv_outdoor","outdoor_forward_1_snapdragon_with_gt","run1","99.9999668044276","99.9999668044276","99.9999668044276","99.9999668044276","valid","sr"
"rovio","uzh-fpv","uzhfpv__uzhfpv_outdoor","outdoor_forward_1_snapdragon_with_gt","run2","99.9999668044276","99.9999668044276","99.9999668044276","99.9999668044276","valid","sr"
"rovio","uzh-fpv","uzhfpv__uzhfpv_outdoor","outdoor_forward_1_snapdragon_with_gt","run3","99.9999668044276","99.9999668044276","99.9999668044276","99.9999668044276","valid","sr"
"rovio","uzh-fpv","uzhfpv__uzhfpv_outdoor","outdoor_forward_3_snapdragon_with_gt","run1","99.99981348328876","99.99981348328876","99.99981348328876","99.99981348328876","valid","sr"
"rovio","uzh-fpv","uzhfpv__uzhfpv_outdoor","outdoor_forward_3_snapdragon_with_gt","run2","99.99981348328876","99.99981348328876","99.99981348328876","99.99981348328876","valid","sr"
"rovio","uzh-fpv","uzhfpv__uzhfpv_outdoor","outdoor_forward_3_snapdragon_with_gt","run3","99.99981348328876","99.99981348328876","99.99981348328876","99.99981348328876","valid","sr"
"rovio","uzh-fpv","uzhfpv__uzhfpv_outdoor","outdoor_forward_5_snapdragon_with_gt","run1","99.99996257290715","99.99996257290715","99.99996257290715","99.99996257290715","valid","sr"
"rovio","uzh-fpv","uzhfpv__uzhfpv_outdoor","outdoor_forward_5_snapdragon_with_gt","run2","99.99996257290715","99.99996257290715","99.99996257290715","99.99996257290715","valid","sr"
"rovio","uzh-fpv","uzhfpv__uzhfpv_outdoor","outdoor_forward_5_snapdragon_with_gt","run3","99.99996257290715","99.99996257290715","99.99996257290715","99.99996257290715","valid","sr"
"sqrtvins_mono","uzh-fpv","uzhfpv__uzhfpv_outdoor","outdoor_forward_1_snapdragon_with_gt","run1","99.99996684300821","99.99996684300821","99.99996684300821","99.99996684300821","valid","sr"
"sqrtvins_mono","uzh-fpv","uzhfpv__uzhfpv_outdoor","outdoor_forward_1_snapdragon_with_gt","run2","99.99996684300821","99.99996684300821","99.99996684300821","99.99996684300821","valid","sr"
"sqrtvins_mono","uzh-fpv","uzhfpv__uzhfpv_outdoor","outdoor_forward_1_snapdragon_with_gt","run3","99.99996684300821","99.99996684300821","99.99996684300821","99.99996684300821","valid","sr"
"sqrtvins_mono","uzh-fpv","uzhfpv__uzhfpv_outdoor","outdoor_forward_3_snapdragon_with_gt","run1","99.99986100740976","99.99986100740976","99.99986100740976","99.99986100740976","valid","sr"
"sqrtvins_mono","uzh-fpv","uzhfpv__uzhfpv_outdoor","outdoor_forward_3_snapdragon_with_gt","run2","99.99986100740976","99.99986100740976","99.99986100740976","99.99986100740976","valid","sr"
"sqrtvins_mono","uzh-fpv","uzhfpv__uzhfpv_outdoor","outdoor_forward_3_snapdragon_with_gt","run3","99.99986100740976","99.99986100740976","99.99986100740976","99.99986100740976","valid","sr"
"sqrtvins_mono","uzh-fpv","uzhfpv__uzhfpv_outdoor","outdoor_forward_5_snapdragon_with_gt","run1","99.99992010509334","99.99992010509334","99.99992010509334","99.99992010509334","valid","sr"
"sqrtvins_mono","uzh-fpv","uzhfpv__uzhfpv_outdoor","outdoor_forward_5_snapdragon_with_gt","run2","99.99992010509334","99.99992010509334","99.99992010509334","99.99992010509334","valid","sr"
"sqrtvins_mono","uzh-fpv","uzhfpv__uzhfpv_outdoor","outdoor_forward_5_snapdragon_with_gt","run3","99.99992010509334","99.99992010509334","99.99992010509334","99.99992010509334","valid","sr"
"sqrtvins_stereo","uzh-fpv","uzhfpv__uzhfpv_outdoor","outdoor_forward_1_snapdragon_with_gt","run1","99.99996684300821","99.99996684300821","99.99996684300821","99.99996684300821","valid","sr"
"sqrtvins_stereo","uzh-fpv","uzhfpv__uzhfpv_outdoor","outdoor_forward_1_snapdragon_with_gt","run2","99.99996684300821","99.99996684300821","99.99996684300821","99.99996684300821","valid","sr"
"sqrtvins_stereo","uzh-fpv","uzhfpv__uzhfpv_outdoor","outdoor_forward_1_snapdragon_with_gt","run3","99.99996684300821","99.99996684300821","99.99996684300821","99.99996684300821","valid","sr"
"sqrtvins_stereo","uzh-fpv","uzhfpv__uzhfpv_outdoor","outdoor_forward_3_snapdragon_with_gt","run1","99.99986100740976","99.99986100740976","99.99986100740976","99.99986100740976","valid","sr"
"sqrtvins_stereo","uzh-fpv","uzhfpv__uzhfpv_outdoor","outdoor_forward_3_snapdragon_with_gt","run2","99.99986100740976","99.99986100740976","99.99986100740976","99.99986100740976","valid","sr"
"sqrtvins_stereo","uzh-fpv","uzhfpv__uzhfpv_outdoor","outdoor_forward_3_snapdragon_with_gt","run3","99.99986100740976","99.99986100740976","99.99986100740976","99.99986100740976","valid","sr"
"sqrtvins_stereo","uzh-fpv","uzhfpv__uzhfpv_outdoor","outdoor_forward_5_snapdragon_with_gt","run1","99.9999610277129","99.9999610277129","99.9999610277129","99.9999610277129","valid","sr"
"sqrtvins_stereo","uzh-fpv","uzhfpv__uzhfpv_outdoor","outdoor_forward_5_snapdragon_with_gt","run2","99.9999610277129","99.9999610277129","99.9999610277129","99.9999610277129","valid","sr"
"sqrtvins_stereo","uzh-fpv","uzhfpv__uzhfpv_outdoor","outdoor_forward_5_snapdragon_with_gt","run3","99.9999610277129","99.9999610277129","99.9999610277129","99.9999610277129","valid","sr"
"svo_mono","uzh-fpv","uzhfpv__uzhfpv_outdoor","outdoor_forward_1_snapdragon_with_gt","run1","99.99980508896758","99.99980508896758","99.99980508896758","99.99980508896758","valid","sr"
"svo_mono","uzh-fpv","uzhfpv__uzhfpv_outdoor","outdoor_forward_1_snapdragon_with_gt","run2","99.99952952381287","99.99952952381287","99.99952952381287","99.99952952381287","valid","sr"
"svo_mono","uzh-fpv","uzhfpv__uzhfpv_outdoor","outdoor_forward_1_snapdragon_with_gt","run3","99.99988403610918","99.99988403610918","99.99988403610918","99.99988403610918","valid","sr"
"svo_mono","uzh-fpv","uzhfpv__uzhfpv_outdoor","outdoor_forward_3_snapdragon_with_gt","run1","99.99935021458352","99.99935021458352","99.99935021458352","99.99935021458352","valid","sr"
"svo_mono","uzh-fpv","uzhfpv__uzhfpv_outdoor","outdoor_forward_3_snapdragon_with_gt","run2","99.99905847348022","99.99905847348022","99.99905847348022","99.99905847348022","valid","sr"
"svo_mono","uzh-fpv","uzhfpv__uzhfpv_outdoor","outdoor_forward_3_snapdragon_with_gt","run3","99.99910783859455","99.99910783859455","99.99910783859455","99.99910783859455","valid","sr"
"svo_mono","uzh-fpv","uzhfpv__uzhfpv_outdoor","outdoor_forward_5_snapdragon_with_gt","run1","99.99996257290715","99.99996257290715","99.99996257290715","99.99996257290715","valid","sr"
"svo_mono","uzh-fpv","uzhfpv__uzhfpv_outdoor","outdoor_forward_5_snapdragon_with_gt","run2","99.999719168526","99.999719168526","99.999719168526","99.999719168526","valid","sr"
"svo_mono","uzh-fpv","uzhfpv__uzhfpv_outdoor","outdoor_forward_5_snapdragon_with_gt","run3","99.9997186882466","99.9997186882466","99.9997186882466","99.9997186882466","valid","sr"
"svo_stereo","uzh-fpv","uzhfpv__uzhfpv_outdoor","outdoor_forward_1_snapdragon_with_gt","run1","99.9999668044276","99.9999668044276","99.9999668044276","99.9999668044276","valid","sr"
"svo_stereo","uzh-fpv","uzhfpv__uzhfpv_outdoor","outdoor_forward_1_snapdragon_with_gt","run2","99.9999668044276","99.9999668044276","99.9999668044276","99.9999668044276","valid","sr"
"svo_stereo","uzh-fpv","uzhfpv__uzhfpv_outdoor","outdoor_forward_1_snapdragon_with_gt","run3","99.9999668044276","99.9999668044276","99.9999668044276","99.9999668044276","valid","sr"
"svo_stereo","uzh-fpv","uzhfpv__uzhfpv_outdoor","outdoor_forward_3_snapdragon_with_gt","run1","99.99981348328876","99.99981348328876","99.99981348328876","99.99981348328876","valid","sr"
"svo_stereo","uzh-fpv","uzhfpv__uzhfpv_outdoor","outdoor_forward_3_snapdragon_with_gt","run2","99.99981348328876","99.99981348328876","99.99981348328876","99.99981348328876","valid","sr"
"svo_stereo","uzh-fpv","uzhfpv__uzhfpv_outdoor","outdoor_forward_3_snapdragon_with_gt","run3","99.99981348328876","99.99981348328876","99.99981348328876","99.99981348328876","valid","sr"
"svo_stereo","uzh-fpv","uzhfpv__uzhfpv_outdoor","outdoor_forward_5_snapdragon_with_gt","run1","99.99996257290715","99.99996257290715","99.99996257290715","99.99996257290715","valid","sr"
"svo_stereo","uzh-fpv","uzhfpv__uzhfpv_outdoor","outdoor_forward_5_snapdragon_with_gt","run2","99.99996257290715","99.99996257290715","99.99996257290715","99.99996257290715","valid","sr"
"svo_stereo","uzh-fpv","uzhfpv__uzhfpv_outdoor","outdoor_forward_5_snapdragon_with_gt","run3","99.99996257290715","99.99996257290715","99.99996257290715","99.99996257290715","valid","sr"
"vins-fusion_monoimu","uzh-fpv","uzhfpv__uzhfpv_outdoor","outdoor_forward_1_snapdragon_with_gt","run1","100","100.0","100","100.0","valid","sr"
"vins-fusion_monoimu","uzh-fpv","uzhfpv__uzhfpv_outdoor","outdoor_forward_1_snapdragon_with_gt","run2","100","100.0","100","100.0","valid","sr"
"vins-fusion_monoimu","uzh-fpv","uzhfpv__uzhfpv_outdoor","outdoor_forward_1_snapdragon_with_gt","run3","100","100.0","100","100.0","valid","sr"
"vins-fusion_monoimu","uzh-fpv","uzhfpv__uzhfpv_outdoor","outdoor_forward_3_snapdragon_with_gt","run1","100","100.0","100","100.0","valid","sr"
"vins-fusion_monoimu","uzh-fpv","uzhfpv__uzhfpv_outdoor","outdoor_forward_3_snapdragon_with_gt","run2","100","100.0","100","100.0","valid","sr"
"vins-fusion_monoimu","uzh-fpv","uzhfpv__uzhfpv_outdoor","outdoor_forward_3_snapdragon_with_gt","run3","100","100.0","100","100.0","valid","sr"
"vins-fusion_monoimu","uzh-fpv","uzhfpv__uzhfpv_outdoor","outdoor_forward_5_snapdragon_with_gt","run1","71.39862528733147","71.39862528733147","71.39862528733147","71.39862528733147","valid","sr"
"vins-fusion_monoimu","uzh-fpv","uzhfpv__uzhfpv_outdoor","outdoor_forward_5_snapdragon_with_gt","run2","71.39862528733147","71.39862528733147","71.39862528733147","71.39862528733147","valid","sr"
"vins-fusion_monoimu","uzh-fpv","uzhfpv__uzhfpv_outdoor","outdoor_forward_5_snapdragon_with_gt","run3","100","100.0","100","100.0","valid","sr"
"vins-fusion_stereoimu","uzh-fpv","uzhfpv__uzhfpv_outdoor","outdoor_forward_1_snapdragon_with_gt","run1","100","100.0","100","100.0","valid","sr"
"vins-fusion_stereoimu","uzh-fpv","uzhfpv__uzhfpv_outdoor","outdoor_forward_1_snapdragon_with_gt","run2","100","100.0","100","100.0","valid","sr"
"vins-fusion_stereoimu","uzh-fpv","uzhfpv__uzhfpv_outdoor","outdoor_forward_1_snapdragon_with_gt","run3","100","100.0","100","100.0","valid","sr"
"vins-fusion_stereoimu","uzh-fpv","uzhfpv__uzhfpv_outdoor","outdoor_forward_3_snapdragon_with_gt","run1","100","100.0","100","100.0","valid","sr"
"vins-fusion_stereoimu","uzh-fpv","uzhfpv__uzhfpv_outdoor","outdoor_forward_3_snapdragon_with_gt","run2","100","100.0","100","100.0","valid","sr"
"vins-fusion_stereoimu","uzh-fpv","uzhfpv__uzhfpv_outdoor","outdoor_forward_3_snapdragon_with_gt","run3","100","100.0","100","100.0","valid","sr"
"vins-fusion_stereoimu","uzh-fpv","uzhfpv__uzhfpv_outdoor","outdoor_forward_5_snapdragon_with_gt","run1","100","100.0","100","100.0","valid","sr"
"vins-fusion_stereoimu","uzh-fpv","uzhfpv__uzhfpv_outdoor","outdoor_forward_5_snapdragon_with_gt","run2","100","100.0","100","100.0","valid","sr"
"vins-fusion_stereoimu","uzh-fpv","uzhfpv__uzhfpv_outdoor","outdoor_forward_5_snapdragon_with_gt","run3","100","100.0","100","100.0","valid","sr"
"airslam","uzh-fpv","uzhfpv__uzhfpv_outdoor_45","outdoor_45_1_snapdragon_with_gt","run1","99.97011713626503","99.97011713626503","99.97011713626503","99.97011713626503","valid","sr"
"airslam","uzh-fpv","uzhfpv__uzhfpv_outdoor_45","outdoor_45_1_snapdragon_with_gt","run2","99.97011713626503","99.97011713626503","99.97011713626503","99.97011713626503","valid","sr"
"airslam","uzh-fpv","uzhfpv__uzhfpv_outdoor_45","outdoor_45_1_snapdragon_with_gt","run3","99.97011713626503","99.97011713626503","99.97011713626503","99.97011713626503","valid","sr"
"basalt_stereo","uzh-fpv","uzhfpv__uzhfpv_outdoor_45","outdoor_45_1_snapdragon_with_gt","run1",,"","0","0.0","missing","sr"
"basalt_stereo","uzh-fpv","uzhfpv__uzhfpv_outdoor_45","outdoor_45_1_snapdragon_with_gt","run2",,"","0","0.0","missing","sr"
"basalt_stereo","uzh-fpv","uzhfpv__uzhfpv_outdoor_45","outdoor_45_1_snapdragon_with_gt","run3",,"","0","0.0","missing","sr"
"dm_vio","uzh-fpv","uzhfpv__uzhfpv_outdoor_45","outdoor_45_1_snapdragon_with_gt","run1","26.467579526093022","26.467579526093022","26.467579526093022","26.467579526093022","valid","sr"
"dm_vio","uzh-fpv","uzhfpv__uzhfpv_outdoor_45","outdoor_45_1_snapdragon_with_gt","run2","22.51543245233766","22.51543245233766","22.51543245233766","22.51543245233766","valid","sr"
"dm_vio","uzh-fpv","uzhfpv__uzhfpv_outdoor_45","outdoor_45_1_snapdragon_with_gt","run3","34.95496076204647","34.95496076204647","34.95496076204647","34.95496076204647","valid","sr"
"kimera_vio_mono","uzh-fpv","uzhfpv__uzhfpv_outdoor_45","outdoor_45_1_snapdragon_with_gt","run1","99.54342465409579","99.54342465409579","99.54342465409579","99.54342465409579","valid","sr"
"kimera_vio_mono","uzh-fpv","uzhfpv__uzhfpv_outdoor_45","outdoor_45_1_snapdragon_with_gt","run2","99.54342465409579","99.54342465409579","99.54342465409579","99.54342465409579","valid","sr"
"kimera_vio_mono","uzh-fpv","uzhfpv__uzhfpv_outdoor_45","outdoor_45_1_snapdragon_with_gt","run3","99.54342465409579","99.54342465409579","99.54342465409579","99.54342465409579","valid","sr"
"kimera_vio_stereo","uzh-fpv","uzhfpv__uzhfpv_outdoor_45","outdoor_45_1_snapdragon_with_gt","run1","99.53395455821999","99.53395455821999","99.53395455821999","99.53395455821999","valid","sr"
"kimera_vio_stereo","uzh-fpv","uzhfpv__uzhfpv_outdoor_45","outdoor_45_1_snapdragon_with_gt","run2","99.53395455821999","99.53395455821999","99.53395455821999","99.53395455821999","valid","sr"
"kimera_vio_stereo","uzh-fpv","uzhfpv__uzhfpv_outdoor_45","outdoor_45_1_snapdragon_with_gt","run3","99.53395455821999","99.53395455821999","99.53395455821999","99.53395455821999","valid","sr"
"okvis2x_mono","uzh-fpv","uzhfpv__uzhfpv_outdoor_45","outdoor_45_1_snapdragon_with_gt","run1","99.9999753495114","99.9999753495114","99.9999753495114","99.9999753495114","valid","sr"
"okvis2x_mono","uzh-fpv","uzhfpv__uzhfpv_outdoor_45","outdoor_45_1_snapdragon_with_gt","run2","99.9999753495114","99.9999753495114","99.9999753495114","99.9999753495114","valid","sr"
"okvis2x_mono","uzh-fpv","uzhfpv__uzhfpv_outdoor_45","outdoor_45_1_snapdragon_with_gt","run3","99.9999753495114","99.9999753495114","99.9999753495114","99.9999753495114","valid","sr"
"okvis2x_stereo","uzh-fpv","uzhfpv__uzhfpv_outdoor_45","outdoor_45_1_snapdragon_with_gt","run1","99.9999753495114","99.9999753495114","99.9999753495114","99.9999753495114","valid","sr"
"okvis2x_stereo","uzh-fpv","uzhfpv__uzhfpv_outdoor_45","outdoor_45_1_snapdragon_with_gt","run2","99.9999753495114","99.9999753495114","99.9999753495114","99.9999753495114","valid","sr"
"okvis2x_stereo","uzh-fpv","uzhfpv__uzhfpv_outdoor_45","outdoor_45_1_snapdragon_with_gt","run3","99.9999753495114","99.9999753495114","99.9999753495114","99.9999753495114","valid","sr"
"open_vins_mono","uzh-fpv","uzhfpv__uzhfpv_outdoor_45","outdoor_45_1_snapdragon_with_gt","run1","99.99997570372024","99.99997570372024","99.99997570372024","99.99997570372024","valid","sr"
"open_vins_mono","uzh-fpv","uzhfpv__uzhfpv_outdoor_45","outdoor_45_1_snapdragon_with_gt","run2","99.99997570372024","99.99997570372024","99.99997570372024","99.99997570372024","valid","sr"
"open_vins_mono","uzh-fpv","uzhfpv__uzhfpv_outdoor_45","outdoor_45_1_snapdragon_with_gt","run3","99.99997570372024","99.99997570372024","99.99997570372024","99.99997570372024","valid","sr"
"open_vins_stereo","uzh-fpv","uzhfpv__uzhfpv_outdoor_45","outdoor_45_1_snapdragon_with_gt","run1","99.99997570372024","99.99997570372024","99.99997570372024","99.99997570372024","valid","sr"
"open_vins_stereo","uzh-fpv","uzhfpv__uzhfpv_outdoor_45","outdoor_45_1_snapdragon_with_gt","run2","99.99997570372024","99.99997570372024","99.99997570372024","99.99997570372024","valid","sr"
"open_vins_stereo","uzh-fpv","uzhfpv__uzhfpv_outdoor_45","outdoor_45_1_snapdragon_with_gt","run3","99.99997570372024","99.99997570372024","99.99997570372024","99.99997570372024","valid","sr"
"orb_slam3_mono","uzh-fpv","uzhfpv__uzhfpv_outdoor_45","outdoor_45_1_snapdragon_with_gt","run1",,"","0","0.0","missing","sr"
"orb_slam3_mono","uzh-fpv","uzhfpv__uzhfpv_outdoor_45","outdoor_45_1_snapdragon_with_gt","run2",,"","0","0.0","missing","sr"
"orb_slam3_mono","uzh-fpv","uzhfpv__uzhfpv_outdoor_45","outdoor_45_1_snapdragon_with_gt","run3",,"","0","0.0","missing","sr"
"orb_slam3_stereo","uzh-fpv","uzhfpv__uzhfpv_outdoor_45","outdoor_45_1_snapdragon_with_gt","run1",,"","0","0.0","missing","sr"
"orb_slam3_stereo","uzh-fpv","uzhfpv__uzhfpv_outdoor_45","outdoor_45_1_snapdragon_with_gt","run2",,"","0","0.0","missing","sr"
"orb_slam3_stereo","uzh-fpv","uzhfpv__uzhfpv_outdoor_45","outdoor_45_1_snapdragon_with_gt","run3",,"","0","0.0","missing","sr"
"rovio","uzh-fpv","uzhfpv__uzhfpv_outdoor_45","outdoor_45_1_snapdragon_with_gt","run1","99.9999753495114","99.9999753495114","99.9999753495114","99.9999753495114","valid","sr"
"rovio","uzh-fpv","uzhfpv__uzhfpv_outdoor_45","outdoor_45_1_snapdragon_with_gt","run2","99.9999753495114","99.9999753495114","99.9999753495114","99.9999753495114","valid","sr"
"rovio","uzh-fpv","uzhfpv__uzhfpv_outdoor_45","outdoor_45_1_snapdragon_with_gt","run3","99.9999753495114","99.9999753495114","99.9999753495114","99.9999753495114","valid","sr"
"sqrtvins_mono","uzh-fpv","uzhfpv__uzhfpv_outdoor_45","outdoor_45_1_snapdragon_with_gt","run1","99.99997570372024","99.99997570372024","99.99997570372024","99.99997570372024","valid","sr"
"sqrtvins_mono","uzh-fpv","uzhfpv__uzhfpv_outdoor_45","outdoor_45_1_snapdragon_with_gt","run2","99.99997570372024","99.99997570372024","99.99997570372024","99.99997570372024","valid","sr"
"sqrtvins_mono","uzh-fpv","uzhfpv__uzhfpv_outdoor_45","outdoor_45_1_snapdragon_with_gt","run3","99.99997570372024","99.99997570372024","99.99997570372024","99.99997570372024","valid","sr"
"sqrtvins_stereo","uzh-fpv","uzhfpv__uzhfpv_outdoor_45","outdoor_45_1_snapdragon_with_gt","run1","99.99997718032976","99.99997718032976","99.99997718032976","99.99997718032976","valid","sr"
"sqrtvins_stereo","uzh-fpv","uzhfpv__uzhfpv_outdoor_45","outdoor_45_1_snapdragon_with_gt","run2","99.99997718032976","99.99997718032976","99.99997718032976","99.99997718032976","valid","sr"
"sqrtvins_stereo","uzh-fpv","uzhfpv__uzhfpv_outdoor_45","outdoor_45_1_snapdragon_with_gt","run3","99.99997718032976","99.99997718032976","99.99997718032976","99.99997718032976","valid","sr"
"svo_mono","uzh-fpv","uzhfpv__uzhfpv_outdoor_45","outdoor_45_1_snapdragon_with_gt","run1","98.18479733320001","98.18479733320001","98.18479733320001","98.18479733320001","valid","sr"
"svo_mono","uzh-fpv","uzhfpv__uzhfpv_outdoor_45","outdoor_45_1_snapdragon_with_gt","run2","99.90097117835998","99.90097117835998","99.90097117835998","99.90097117835998","valid","sr"
"svo_mono","uzh-fpv","uzhfpv__uzhfpv_outdoor_45","outdoor_45_1_snapdragon_with_gt","run3","70.55480493378708","70.55480493378708","70.55480493378708","70.55480493378708","valid","sr"
"svo_stereo","uzh-fpv","uzhfpv__uzhfpv_outdoor_45","outdoor_45_1_snapdragon_with_gt","run1","99.9999753495114","99.9999753495114","99.9999753495114","99.9999753495114","valid","sr"
"svo_stereo","uzh-fpv","uzhfpv__uzhfpv_outdoor_45","outdoor_45_1_snapdragon_with_gt","run2","99.9999753495114","99.9999753495114","99.9999753495114","99.9999753495114","valid","sr"
"svo_stereo","uzh-fpv","uzhfpv__uzhfpv_outdoor_45","outdoor_45_1_snapdragon_with_gt","run3","99.9999753495114","99.9999753495114","99.9999753495114","99.9999753495114","valid","sr"
"vins-fusion_monoimu","uzh-fpv","uzhfpv__uzhfpv_outdoor_45","outdoor_45_1_snapdragon_with_gt","run1","100","100.0","100","100.0","valid","sr"
"vins-fusion_monoimu","uzh-fpv","uzhfpv__uzhfpv_outdoor_45","outdoor_45_1_snapdragon_with_gt","run2","100","100.0","100","100.0","valid","sr"
"vins-fusion_monoimu","uzh-fpv","uzhfpv__uzhfpv_outdoor_45","outdoor_45_1_snapdragon_with_gt","run3","100","100.0","100","100.0","valid","sr"
"vins-fusion_stereoimu","uzh-fpv","uzhfpv__uzhfpv_outdoor_45","outdoor_45_1_snapdragon_with_gt","run1","100","100.0","100","100.0","valid","sr"
"vins-fusion_stereoimu","uzh-fpv","uzhfpv__uzhfpv_outdoor_45","outdoor_45_1_snapdragon_with_gt","run2","98.9136458240159","98.9136458240159","98.9136458240159","98.9136458240159","valid","sr"
"vins-fusion_stereoimu","uzh-fpv","uzhfpv__uzhfpv_outdoor_45","outdoor_45_1_snapdragon_with_gt","run3","100","100.0","100","100.0","valid","sr"
