"configurationId","datasetId","group","sequence","value","valueText","expectedRuns","validRuns","missingRuns","invalidRuns","sourceId"
"dm_vio","aqualoc","aqualoc__archaeo__archaeo1","archaeo_sequence_1","51.28368914537382","51.28368914537382","3","3","0","0","sr"
"dm_vio","aqualoc","aqualoc__archaeo__archaeo1","archaeo_sequence_2","12.19440508880549","12.19440508880549","3","3","0","0","sr"
"dm_vio","aqualoc","aqualoc__archaeo__archaeo1","archaeo_sequence_3","33.314814634460255","33.314814634460255","3","3","0","0","sr"
"dm_vio","aqualoc","aqualoc__archaeo__archaeo1","archaeo_sequence_4","5.7775279001165165","5.7775279001165165","3","3","0","0","sr"
"dm_vio","aqualoc","aqualoc__archaeo__archaeo1","archaeo_sequence_5","0","0.0","3","0","3","0","sr"
"kimera_vio_mono","aqualoc","aqualoc__archaeo__archaeo1","archaeo_sequence_1","0","0.0","3","3","0","0","sr"
"kimera_vio_mono","aqualoc","aqualoc__archaeo__archaeo1","archaeo_sequence_2","0","0.0","3","3","0","0","sr"
"kimera_vio_mono","aqualoc","aqualoc__archaeo__archaeo1","archaeo_sequence_3","0","0.0","3","3","0","0","sr"
"kimera_vio_mono","aqualoc","aqualoc__archaeo__archaeo1","archaeo_sequence_4","0","0.0","3","3","0","0","sr"
"kimera_vio_mono","aqualoc","aqualoc__archaeo__archaeo1","archaeo_sequence_5","0","0.0","3","3","0","0","sr"
"okvis2x_mono","aqualoc","aqualoc__archaeo__archaeo1","archaeo_sequence_1","1.1737528058526048","1.1737528058526048","3","3","0","0","sr"
"okvis2x_mono","aqualoc","aqualoc__archaeo__archaeo1","archaeo_sequence_2","7.549252508141998","7.549252508141998","3","3","0","0","sr"
"okvis2x_mono","aqualoc","aqualoc__archaeo__archaeo1","archaeo_sequence_3","30.800097855548028","30.800097855548028","3","3","0","0","sr"
"okvis2x_mono","aqualoc","aqualoc__archaeo__archaeo1","archaeo_sequence_4","19.05511289633601","19.05511289633601","3","3","0","0","sr"
"okvis2x_mono","aqualoc","aqualoc__archaeo__archaeo1","archaeo_sequence_5","2.158741173861597","2.158741173861597","3","3","0","0","sr"
"open_vins_mono","aqualoc","aqualoc__archaeo__archaeo1","archaeo_sequence_1","61.256090931482","61.256090931482","3","3","0","0","sr"
"open_vins_mono","aqualoc","aqualoc__archaeo__archaeo1","archaeo_sequence_2","17.452771211592147","17.452771211592147","3","3","0","0","sr"
"open_vins_mono","aqualoc","aqualoc__archaeo__archaeo1","archaeo_sequence_3","92.61548122400946","92.61548122400946","3","3","0","0","sr"
"open_vins_mono","aqualoc","aqualoc__archaeo__archaeo1","archaeo_sequence_4","34.99790519298809","34.99790519298809","3","3","0","0","sr"
"open_vins_mono","aqualoc","aqualoc__archaeo__archaeo1","archaeo_sequence_5","48.49453438882974","48.49453438882974","3","3","0","0","sr"
"orb_slam3_mono","aqualoc","aqualoc__archaeo__archaeo1","archaeo_sequence_1","60.76932747787948","60.76932747787948","3","3","0","0","sr"
"orb_slam3_mono","aqualoc","aqualoc__archaeo__archaeo1","archaeo_sequence_2","26.7198552904366","26.7198552904366","3","3","0","0","sr"
"orb_slam3_mono","aqualoc","aqualoc__archaeo__archaeo1","archaeo_sequence_3","94.34214010632405","94.34214010632405","3","3","0","0","sr"
"orb_slam3_mono","aqualoc","aqualoc__archaeo__archaeo1","archaeo_sequence_4","0","0.0","3","0","3","0","sr"
"orb_slam3_mono","aqualoc","aqualoc__archaeo__archaeo1","archaeo_sequence_5","97.82656037466451","97.82656037466451","3","3","0","0","sr"
"rovio","aqualoc","aqualoc__archaeo__archaeo1","archaeo_sequence_1","31.369563305635328","31.369563305635328","3","3","0","0","sr"
"rovio","aqualoc","aqualoc__archaeo__archaeo1","archaeo_sequence_2","15.577509815824165","15.577509815824165","3","3","0","0","sr"
"rovio","aqualoc","aqualoc__archaeo__archaeo1","archaeo_sequence_3","87.55041083975452","87.55041083975452","3","3","0","0","sr"
"rovio","aqualoc","aqualoc__archaeo__archaeo1","archaeo_sequence_4","79.17404598495933","79.17404598495933","3","3","0","0","sr"
"rovio","aqualoc","aqualoc__archaeo__archaeo1","archaeo_sequence_5","8.01530415624401","8.01530415624401","3","3","0","0","sr"
"sqrtvins_mono","aqualoc","aqualoc__archaeo__archaeo1","archaeo_sequence_1","79.69790792001683","79.69790792001683","3","3","0","0","sr"
"sqrtvins_mono","aqualoc","aqualoc__archaeo__archaeo1","archaeo_sequence_2","98.65683271539966","98.65683271539966","3","3","0","0","sr"
"sqrtvins_mono","aqualoc","aqualoc__archaeo__archaeo1","archaeo_sequence_3","99.01815673304543","99.01815673304543","3","3","0","0","sr"
"sqrtvins_mono","aqualoc","aqualoc__archaeo__archaeo1","archaeo_sequence_4","99.39497016829931","99.39497016829931","3","3","0","0","sr"
"sqrtvins_mono","aqualoc","aqualoc__archaeo__archaeo1","archaeo_sequence_5","99.54010196042702","99.54010196042702","3","3","0","0","sr"
"svo_mono","aqualoc","aqualoc__archaeo__archaeo1","archaeo_sequence_1","0","0.0","3","3","0","0","sr"
"svo_mono","aqualoc","aqualoc__archaeo__archaeo1","archaeo_sequence_2","97.64963087121687","97.64963087121687","3","3","0","0","sr"
"svo_mono","aqualoc","aqualoc__archaeo__archaeo1","archaeo_sequence_3","98.87106694005645","98.87106694005645","3","3","0","0","sr"
"svo_mono","aqualoc","aqualoc__archaeo__archaeo1","archaeo_sequence_4","30.36910264835359","30.36910264835359","3","3","0","0","sr"
"svo_mono","aqualoc","aqualoc__archaeo__archaeo1","archaeo_sequence_5","100","100.0","3","3","0","0","sr"
"vins-fusion_monoimu","aqualoc","aqualoc__archaeo__archaeo1","archaeo_sequence_1","99.41182816329359","99.41182816329359","3","3","0","0","sr"
"vins-fusion_monoimu","aqualoc","aqualoc__archaeo__archaeo1","archaeo_sequence_2","17.374806925053175","17.374806925053175","3","3","0","0","sr"
"vins-fusion_monoimu","aqualoc","aqualoc__archaeo__archaeo1","archaeo_sequence_3","0","0.0","3","0","0","3","sr"
"vins-fusion_monoimu","aqualoc","aqualoc__archaeo__archaeo1","archaeo_sequence_4","81.96484400124318","81.96484400124318","3","3","0","0","sr"
"vins-fusion_monoimu","aqualoc","aqualoc__archaeo__archaeo1","archaeo_sequence_5","100","100.0","3","3","0","0","sr"
"dm_vio","aqualoc","aqualoc__archaeo__archaeo2","archaeo_sequence_6","6.5319549629966245","6.5319549629966245","3","3","0","0","sr"
"dm_vio","aqualoc","aqualoc__archaeo__archaeo2","archaeo_sequence_7","36.61470618619283","36.61470618619283","3","3","0","0","sr"
"dm_vio","aqualoc","aqualoc__archaeo__archaeo2","archaeo_sequence_8","2.9699900542620967","2.9699900542620967","3","3","0","0","sr"
"dm_vio","aqualoc","aqualoc__archaeo__archaeo2","archaeo_sequence_9","71.95722336927336","71.95722336927336","3","3","0","0","sr"
"dm_vio","aqualoc","aqualoc__archaeo__archaeo2","archaeo_sequence_10","76.66209499439822","76.66209499439822","3","3","0","0","sr"
"kimera_vio_mono","aqualoc","aqualoc__archaeo__archaeo2","archaeo_sequence_6","0","0.0","3","3","0","0","sr"
"kimera_vio_mono","aqualoc","aqualoc__archaeo__archaeo2","archaeo_sequence_7","2.6683594897512215","2.6683594897512215","3","1","0","2","sr"
"kimera_vio_mono","aqualoc","aqualoc__archaeo__archaeo2","archaeo_sequence_8","0","0.0","3","3","0","0","sr"
"kimera_vio_mono","aqualoc","aqualoc__archaeo__archaeo2","archaeo_sequence_9","2.929385753605492","2.929385753605492","3","3","0","0","sr"
"kimera_vio_mono","aqualoc","aqualoc__archaeo__archaeo2","archaeo_sequence_10","10.98427964447871","10.98427964447871","3","3","0","0","sr"
"okvis2x_mono","aqualoc","aqualoc__archaeo__archaeo2","archaeo_sequence_6","26.8413032686616","26.8413032686616","3","3","0","0","sr"
"okvis2x_mono","aqualoc","aqualoc__archaeo__archaeo2","archaeo_sequence_7","2.3600840270121384","2.3600840270121384","3","3","0","0","sr"
"okvis2x_mono","aqualoc","aqualoc__archaeo__archaeo2","archaeo_sequence_8","3.1977872483607044","3.1977872483607044","3","3","0","0","sr"
"okvis2x_mono","aqualoc","aqualoc__archaeo__archaeo2","archaeo_sequence_9","3.0971741974860874","3.0971741974860874","3","3","0","0","sr"
"okvis2x_mono","aqualoc","aqualoc__archaeo__archaeo2","archaeo_sequence_10","2.546211757143567","2.546211757143567","3","3","0","0","sr"
"open_vins_mono","aqualoc","aqualoc__archaeo__archaeo2","archaeo_sequence_6","85.06241421787382","85.06241421787382","3","3","0","0","sr"
"open_vins_mono","aqualoc","aqualoc__archaeo__archaeo2","archaeo_sequence_7","79.59300027060694","79.59300027060694","3","3","0","0","sr"
"open_vins_mono","aqualoc","aqualoc__archaeo__archaeo2","archaeo_sequence_8","99.31038620564999","99.31038620564999","3","3","0","0","sr"
"open_vins_mono","aqualoc","aqualoc__archaeo__archaeo2","archaeo_sequence_9","96.15090240369541","96.15090240369541","3","3","0","0","sr"
"open_vins_mono","aqualoc","aqualoc__archaeo__archaeo2","archaeo_sequence_10","98.48097184139492","98.48097184139492","3","3","0","0","sr"
"orb_slam3_mono","aqualoc","aqualoc__archaeo__archaeo2","archaeo_sequence_6","54.98050778689014","54.98050778689014","3","3","0","0","sr"
"orb_slam3_mono","aqualoc","aqualoc__archaeo__archaeo2","archaeo_sequence_7","2.119931861651829","2.119931861651829","3","3","0","0","sr"
"orb_slam3_mono","aqualoc","aqualoc__archaeo__archaeo2","archaeo_sequence_8","84.71680602702361","84.71680602702361","3","3","0","0","sr"
"orb_slam3_mono","aqualoc","aqualoc__archaeo__archaeo2","archaeo_sequence_9","48.93165844291054","48.93165844291054","3","3","0","0","sr"
"orb_slam3_mono","aqualoc","aqualoc__archaeo__archaeo2","archaeo_sequence_10","92.1557768755027","92.1557768755027","3","3","0","0","sr"
"rovio","aqualoc","aqualoc__archaeo__archaeo2","archaeo_sequence_6","35.447996751492084","35.447996751492084","3","3","0","0","sr"
"rovio","aqualoc","aqualoc__archaeo__archaeo2","archaeo_sequence_7","29.12572736742612","29.12572736742612","3","3","0","0","sr"
"rovio","aqualoc","aqualoc__archaeo__archaeo2","archaeo_sequence_8","100","100.0","3","3","0","0","sr"
"rovio","aqualoc","aqualoc__archaeo__archaeo2","archaeo_sequence_9","91.72463988714667","91.72463988714667","3","3","0","0","sr"
"rovio","aqualoc","aqualoc__archaeo__archaeo2","archaeo_sequence_10","76.74225851279616","76.74225851279616","3","3","0","0","sr"
"sqrtvins_mono","aqualoc","aqualoc__archaeo__archaeo2","archaeo_sequence_6","97.32786655349791","97.32786655349791","3","3","0","0","sr"
"sqrtvins_mono","aqualoc","aqualoc__archaeo__archaeo2","archaeo_sequence_7","91.69823983387282","91.69823983387282","3","3","0","0","sr"
"sqrtvins_mono","aqualoc","aqualoc__archaeo__archaeo2","archaeo_sequence_8","79.26395456699748","79.26395456699748","3","3","0","0","sr"
"sqrtvins_mono","aqualoc","aqualoc__archaeo__archaeo2","archaeo_sequence_9","99.37404174255839","99.37404174255839","3","3","0","0","sr"
"sqrtvins_mono","aqualoc","aqualoc__archaeo__archaeo2","archaeo_sequence_10","70.90754632885978","70.90754632885978","3","3","0","0","sr"
"svo_mono","aqualoc","aqualoc__archaeo__archaeo2","archaeo_sequence_6","98.59211160056394","98.59211160056394","3","3","0","0","sr"
"svo_mono","aqualoc","aqualoc__archaeo__archaeo2","archaeo_sequence_7","98.06469839623422","98.06469839623422","3","3","0","0","sr"
"svo_mono","aqualoc","aqualoc__archaeo__archaeo2","archaeo_sequence_8","99.48260046737603","99.48260046737603","3","3","0","0","sr"
"svo_mono","aqualoc","aqualoc__archaeo__archaeo2","archaeo_sequence_9","99.67053512144098","99.67053512144098","3","3","0","0","sr"
"svo_mono","aqualoc","aqualoc__archaeo__archaeo2","archaeo_sequence_10","99.75957000851606","99.75957000851606","3","3","0","0","sr"
"vins-fusion_monoimu","aqualoc","aqualoc__archaeo__archaeo2","archaeo_sequence_6","94.59332477091873","94.59332477091873","3","3","0","0","sr"
"vins-fusion_monoimu","aqualoc","aqualoc__archaeo__archaeo2","archaeo_sequence_7","0.8670589129407832","0.8670589129407832","3","3","0","0","sr"
"vins-fusion_monoimu","aqualoc","aqualoc__archaeo__archaeo2","archaeo_sequence_8","99.15603134628971","99.15603134628971","3","3","0","0","sr"
"vins-fusion_monoimu","aqualoc","aqualoc__archaeo__archaeo2","archaeo_sequence_9","99.0527137026531","99.0527137026531","3","3","0","0","sr"
"vins-fusion_monoimu","aqualoc","aqualoc__archaeo__archaeo2","archaeo_sequence_10","99.47323168030363","99.47323168030363","3","3","0","0","sr"
"dm_vio","aqualoc","aqualoc__harbor","harbor_sequence_1","32.87000445752015","32.87000445752015","3","1","0","2","sr"
"dm_vio","aqualoc","aqualoc__harbor","harbor_sequence_2","14.750473658227355","14.750473658227355","3","3","0","0","sr"
"dm_vio","aqualoc","aqualoc__harbor","harbor_sequence_3","3.4029868699853303","3.4029868699853303","3","3","0","0","sr"
"dm_vio","aqualoc","aqualoc__harbor","harbor_sequence_4","41.263196704006596","41.263196704006596","3","3","0","0","sr"
"dm_vio","aqualoc","aqualoc__harbor","harbor_sequence_5","99.99882720897197","99.99882720897197","3","3","0","0","sr"
"dm_vio","aqualoc","aqualoc__harbor","harbor_sequence_6","15.883420086489695","15.883420086489695","3","3","0","0","sr"
"dm_vio","aqualoc","aqualoc__harbor","harbor_sequence_7","32.27060156741272","32.27060156741272","3","1","0","2","sr"
"kimera_vio_mono","aqualoc","aqualoc__harbor","harbor_sequence_1","6.440882116477515","6.440882116477515","3","3","0","0","sr"
"kimera_vio_mono","aqualoc","aqualoc__harbor","harbor_sequence_2","7.195128318689826","7.195128318689826","3","3","0","0","sr"
"kimera_vio_mono","aqualoc","aqualoc__harbor","harbor_sequence_3","7.233867746424235","7.233867746424235","3","3","0","0","sr"
"kimera_vio_mono","aqualoc","aqualoc__harbor","harbor_sequence_4","0","0.0","3","3","0","0","sr"
"kimera_vio_mono","aqualoc","aqualoc__harbor","harbor_sequence_5","31.575528780318393","31.575528780318393","3","3","0","0","sr"
"kimera_vio_mono","aqualoc","aqualoc__harbor","harbor_sequence_6","0.4530230096405347","0.4530230096405347","3","3","0","0","sr"
"kimera_vio_mono","aqualoc","aqualoc__harbor","harbor_sequence_7","0","0.0","3","3","0","0","sr"
"okvis2x_mono","aqualoc","aqualoc__harbor","harbor_sequence_1","97.12399252896148","97.12399252896148","3","3","0","0","sr"
"okvis2x_mono","aqualoc","aqualoc__harbor","harbor_sequence_2","99.29162762398778","99.29162762398778","3","3","0","0","sr"
"okvis2x_mono","aqualoc","aqualoc__harbor","harbor_sequence_3","96.9469863039195","96.9469863039195","3","3","0","0","sr"
"okvis2x_mono","aqualoc","aqualoc__harbor","harbor_sequence_4","15.592257466722835","15.592257466722835","3","3","0","0","sr"
"okvis2x_mono","aqualoc","aqualoc__harbor","harbor_sequence_5","98.49787736195242","98.49787736195242","3","3","0","0","sr"
"okvis2x_mono","aqualoc","aqualoc__harbor","harbor_sequence_6","91.40154436486883","91.40154436486883","3","3","0","0","sr"
"okvis2x_mono","aqualoc","aqualoc__harbor","harbor_sequence_7","9.011266551568808","9.011266551568808","3","3","0","0","sr"
"open_vins_mono","aqualoc","aqualoc__harbor","harbor_sequence_1","98.46781799125925","98.46781799125925","3","3","0","0","sr"
"open_vins_mono","aqualoc","aqualoc__harbor","harbor_sequence_2","99.29453435463074","99.29453435463074","3","3","0","0","sr"
"open_vins_mono","aqualoc","aqualoc__harbor","harbor_sequence_3","98.91356056009279","98.91356056009279","3","3","0","0","sr"
"open_vins_mono","aqualoc","aqualoc__harbor","harbor_sequence_4","58.302834908195756","58.302834908195756","3","3","0","0","sr"
"open_vins_mono","aqualoc","aqualoc__harbor","harbor_sequence_5","96.45774443136207","96.45774443136207","3","3","0","0","sr"
"open_vins_mono","aqualoc","aqualoc__harbor","harbor_sequence_6","99.03769067149523","99.03769067149523","3","3","0","0","sr"
"open_vins_mono","aqualoc","aqualoc__harbor","harbor_sequence_7","94.10028174225796","94.10028174225796","3","3","0","0","sr"
"orb_slam3_mono","aqualoc","aqualoc__harbor","harbor_sequence_1","96.97995501810216","96.97995501810216","3","3","0","0","sr"
"orb_slam3_mono","aqualoc","aqualoc__harbor","harbor_sequence_2","25.706534818569878","25.706534818569878","3","3","0","0","sr"
"orb_slam3_mono","aqualoc","aqualoc__harbor","harbor_sequence_3","15.753972133132928","15.753972133132928","3","3","0","0","sr"
"orb_slam3_mono","aqualoc","aqualoc__harbor","harbor_sequence_4","24.204600061807906","24.204600061807906","3","3","0","0","sr"
"orb_slam3_mono","aqualoc","aqualoc__harbor","harbor_sequence_5","23.777006790650066","23.777006790650066","3","3","0","0","sr"
"orb_slam3_mono","aqualoc","aqualoc__harbor","harbor_sequence_6","24.725385646323335","24.725385646323335","3","3","0","0","sr"
"orb_slam3_mono","aqualoc","aqualoc__harbor","harbor_sequence_7","14.386619807020992","14.386619807020992","3","3","0","0","sr"
"rovio","aqualoc","aqualoc__harbor","harbor_sequence_1","99.89751220971783","99.89751220971783","3","3","0","0","sr"
"rovio","aqualoc","aqualoc__harbor","harbor_sequence_2","99.97997121166925","99.97997121166925","3","3","0","0","sr"
"rovio","aqualoc","aqualoc__harbor","harbor_sequence_3","99.93308815689437","99.93308815689437","3","3","0","0","sr"
"rovio","aqualoc","aqualoc__harbor","harbor_sequence_4","97.29876498671537","97.29876498671537","3","3","0","0","sr"
"rovio","aqualoc","aqualoc__harbor","harbor_sequence_5","99.8796735852434","99.8796735852434","3","3","0","0","sr"
"rovio","aqualoc","aqualoc__harbor","harbor_sequence_6","99.90409199947798","99.90409199947798","3","3","0","0","sr"
"rovio","aqualoc","aqualoc__harbor","harbor_sequence_7","99.74305259094429","99.74305259094429","3","3","0","0","sr"
"sqrtvins_mono","aqualoc","aqualoc__harbor","harbor_sequence_1","99.58503844682578","99.58503844682578","3","3","0","0","sr"
"sqrtvins_mono","aqualoc","aqualoc__harbor","harbor_sequence_2","99.90826819037551","99.90826819037551","3","3","0","0","sr"
"sqrtvins_mono","aqualoc","aqualoc__harbor","harbor_sequence_3","98.76970753029009","98.76970753029009","3","3","0","0","sr"
"sqrtvins_mono","aqualoc","aqualoc__harbor","harbor_sequence_4","97.84227997474039","97.84227997474039","3","3","0","0","sr"
"sqrtvins_mono","aqualoc","aqualoc__harbor","harbor_sequence_5","98.86528455412673","98.86528455412673","3","3","0","0","sr"
"sqrtvins_mono","aqualoc","aqualoc__harbor","harbor_sequence_6","99.58444581467752","99.58444581467752","3","3","0","0","sr"
"sqrtvins_mono","aqualoc","aqualoc__harbor","harbor_sequence_7","98.88905071311622","98.88905071311622","3","3","0","0","sr"
"svo_mono","aqualoc","aqualoc__harbor","harbor_sequence_1","99.2360284542836","99.2360284542836","3","3","0","0","sr"
"svo_mono","aqualoc","aqualoc__harbor","harbor_sequence_2","99.75839450405635","99.75839450405635","3","3","0","0","sr"
"svo_mono","aqualoc","aqualoc__harbor","harbor_sequence_3","97.89230924144863","97.89230924144863","3","3","0","0","sr"
"svo_mono","aqualoc","aqualoc__harbor","harbor_sequence_4","98.69491699094336","98.69491699094336","3","3","0","0","sr"
"svo_mono","aqualoc","aqualoc__harbor","harbor_sequence_5","99.73801595135444","99.73801595135444","3","3","0","0","sr"
"svo_mono","aqualoc","aqualoc__harbor","harbor_sequence_6","93.41914793794486","93.41914793794486","3","3","0","0","sr"
"svo_mono","aqualoc","aqualoc__harbor","harbor_sequence_7","99.21887089208929","99.21887089208929","3","3","0","0","sr"
"vins-fusion_monoimu","aqualoc","aqualoc__harbor","harbor_sequence_1","55.778574331746405","55.778574331746405","3","3","0","0","sr"
"vins-fusion_monoimu","aqualoc","aqualoc__harbor","harbor_sequence_2","0","0.0","3","3","0","0","sr"
"vins-fusion_monoimu","aqualoc","aqualoc__harbor","harbor_sequence_3","98.49115917326988","98.49115917326988","3","3","0","0","sr"
"vins-fusion_monoimu","aqualoc","aqualoc__harbor","harbor_sequence_4","3.4523001917691563","3.4523001917691563","3","3","0","0","sr"
"vins-fusion_monoimu","aqualoc","aqualoc__harbor","harbor_sequence_5","99.50271425798235","99.50271425798235","3","3","0","0","sr"
"vins-fusion_monoimu","aqualoc","aqualoc__harbor","harbor_sequence_6","98.57350916456569","98.57350916456569","3","3","0","0","sr"
"vins-fusion_monoimu","aqualoc","aqualoc__harbor","harbor_sequence_7","34.35878014752256","34.35878014752256","3","3","0","0","sr"
"airslam","euroc","euroc_mav__vicon_room","V1_01_easy","95.19959383875505","95.19959383875505","3","3","0","0","sr"
"airslam","euroc","euroc_mav__vicon_room","V1_02_medium","97.01822394920431","97.01822394920431","3","3","0","0","sr"
"airslam","euroc","euroc_mav__vicon_room","V1_03_difficult","97.84548905857075","97.84548905857075","3","3","0","0","sr"
"airslam","euroc","euroc_mav__vicon_room","V2_01_easy","82.3429737114676","82.3429737114676","3","3","0","0","sr"
"airslam","euroc","euroc_mav__vicon_room","V2_02_medium","97.54914979545107","97.54914979545107","3","3","0","0","sr"
"airslam","euroc","euroc_mav__vicon_room","V2_03_difficult","90.62720970603459","90.62720970603459","3","3","0","0","sr"
"basalt_stereo","euroc","euroc_mav__vicon_room","V1_01_easy","99.9997453084256","99.9997453084256","3","3","0","0","sr"
"basalt_stereo","euroc","euroc_mav__vicon_room","V1_02_medium","100","100.0","3","3","0","0","sr"
"basalt_stereo","euroc","euroc_mav__vicon_room","V1_03_difficult","100","100.0","3","3","0","0","sr"
"basalt_stereo","euroc","euroc_mav__vicon_room","V2_01_easy","100","100.0","3","3","0","0","sr"
"basalt_stereo","euroc","euroc_mav__vicon_room","V2_02_medium","100","100.0","3","3","0","0","sr"
"basalt_stereo","euroc","euroc_mav__vicon_room","V2_03_difficult","99.74704171464288","99.74704171464288","3","3","0","0","sr"
"dm_vio","euroc","euroc_mav__vicon_room","V1_01_easy","99.70052773257505","99.70052773257505","3","3","0","0","sr"
"dm_vio","euroc","euroc_mav__vicon_room","V1_02_medium","47.110242364281476","47.110242364281476","3","3","0","0","sr"
"dm_vio","euroc","euroc_mav__vicon_room","V1_03_difficult","36.485571260961365","36.485571260961365","3","3","0","0","sr"
"dm_vio","euroc","euroc_mav__vicon_room","V2_01_easy","98.59636900612445","98.59636900612445","3","3","0","0","sr"
"dm_vio","euroc","euroc_mav__vicon_room","V2_02_medium","99.96424884463676","99.96424884463676","3","3","0","0","sr"
"dm_vio","euroc","euroc_mav__vicon_room","V2_03_difficult","87.69732911305499","87.69732911305499","3","3","0","0","sr"
"kimera_vio_mono","euroc","euroc_mav__vicon_room","V1_01_easy","96.74468475468068","96.74468475468068","3","3","0","0","sr"
"kimera_vio_mono","euroc","euroc_mav__vicon_room","V1_02_medium","99.71640589261214","99.71640589261214","3","3","0","0","sr"
"kimera_vio_mono","euroc","euroc_mav__vicon_room","V1_03_difficult","99.30497843911523","99.30497843911523","3","3","0","0","sr"
"kimera_vio_mono","euroc","euroc_mav__vicon_room","V2_01_easy","96.06365859535443","96.06365859535443","3","3","0","0","sr"
"kimera_vio_mono","euroc","euroc_mav__vicon_room","V2_02_medium","99.37656622071074","99.37656622071074","3","3","0","0","sr"
"kimera_vio_mono","euroc","euroc_mav__vicon_room","V2_03_difficult","99.42742177661438","99.42742177661438","3","3","0","0","sr"
"kimera_vio_stereo","euroc","euroc_mav__vicon_room","V1_01_easy","99.73834039705747","99.73834039705747","3","3","0","0","sr"
"kimera_vio_stereo","euroc","euroc_mav__vicon_room","V1_02_medium","99.677773756217","99.677773756217","3","3","0","0","sr"
"kimera_vio_stereo","euroc","euroc_mav__vicon_room","V1_03_difficult","99.42328347492098","99.42328347492098","3","3","0","0","sr"
"kimera_vio_stereo","euroc","euroc_mav__vicon_room","V2_01_easy","99.28502337138745","99.28502337138745","3","3","0","0","sr"
"kimera_vio_stereo","euroc","euroc_mav__vicon_room","V2_02_medium","99.38939284673062","99.38939284673062","3","3","0","0","sr"
"kimera_vio_stereo","euroc","euroc_mav__vicon_room","V2_03_difficult","99.40888521488777","99.40888521488777","3","3","0","0","sr"
"okvis2x_mono","euroc","euroc_mav__vicon_room","V1_01_easy","99.99774611671678","99.99774611671678","3","3","0","0","sr"
"okvis2x_mono","euroc","euroc_mav__vicon_room","V1_02_medium","99.99905107581215","99.99905107581215","3","3","0","0","sr"
"okvis2x_mono","euroc","euroc_mav__vicon_room","V1_03_difficult","100","100.0","3","3","0","0","sr"
"okvis2x_mono","euroc","euroc_mav__vicon_room","V2_01_easy","99.02825720202539","99.02825720202539","3","3","0","0","sr"
"okvis2x_mono","euroc","euroc_mav__vicon_room","V2_02_medium","99.99880136777786","99.99880136777786","3","3","0","0","sr"
"okvis2x_mono","euroc","euroc_mav__vicon_room","V2_03_difficult","99.99904422715493","99.99904422715493","3","3","0","0","sr"
"okvis2x_stereo","euroc","euroc_mav__vicon_room","V1_01_easy","99.9963450570217","99.9963450570217","3","3","0","0","sr"
"okvis2x_stereo","euroc","euroc_mav__vicon_room","V1_02_medium","100","100.0","3","3","0","0","sr"
"okvis2x_stereo","euroc","euroc_mav__vicon_room","V1_03_difficult","100","100.0","3","3","0","0","sr"
"okvis2x_stereo","euroc","euroc_mav__vicon_room","V2_01_easy","100","100.0","3","3","0","0","sr"
"okvis2x_stereo","euroc","euroc_mav__vicon_room","V2_02_medium","100","100.0","3","3","0","0","sr"
"okvis2x_stereo","euroc","euroc_mav__vicon_room","V2_03_difficult","100","100.0","3","3","0","0","sr"
"open_vins_mono","euroc","euroc_mav__vicon_room","V1_01_easy","99.80503660732502","99.80503660732502","3","3","0","0","sr"
"open_vins_mono","euroc","euroc_mav__vicon_room","V1_02_medium","99.87888928803108","99.87888928803108","3","3","0","0","sr"
"open_vins_mono","euroc","euroc_mav__vicon_room","V1_03_difficult","99.91723361556592","99.91723361556592","3","3","0","0","sr"
"open_vins_mono","euroc","euroc_mav__vicon_room","V2_01_easy","99.72197726101426","99.72197726101426","3","3","0","0","sr"
"open_vins_mono","euroc","euroc_mav__vicon_room","V2_02_medium","99.81680044622316","99.81680044622316","3","3","0","0","sr"
"open_vins_mono","euroc","euroc_mav__vicon_room","V2_03_difficult","99.91586198854992","99.91586198854992","3","3","0","0","sr"
"open_vins_stereo","euroc","euroc_mav__vicon_room","V1_01_easy","99.80503660732502","99.80503660732502","3","3","0","0","sr"
"open_vins_stereo","euroc","euroc_mav__vicon_room","V1_02_medium","99.87888928803108","99.87888928803108","3","3","0","0","sr"
"open_vins_stereo","euroc","euroc_mav__vicon_room","V1_03_difficult","99.9168773626093","99.9168773626093","3","3","0","0","sr"
"open_vins_stereo","euroc","euroc_mav__vicon_room","V2_01_easy","99.72197726101426","99.72197726101426","3","3","0","0","sr"
"open_vins_stereo","euroc","euroc_mav__vicon_room","V2_02_medium","99.8142288256987","99.8142288256987","3","3","0","0","sr"
"open_vins_stereo","euroc","euroc_mav__vicon_room","V2_03_difficult","99.91586198854992","99.91586198854992","3","3","0","0","sr"
"orb_slam3_mono","euroc","euroc_mav__vicon_room","V1_01_easy","98.76750877582974","98.76750877582974","3","3","0","0","sr"
"orb_slam3_mono","euroc","euroc_mav__vicon_room","V1_02_medium","95.57501049017166","95.57501049017166","3","3","0","0","sr"
"orb_slam3_mono","euroc","euroc_mav__vicon_room","V1_03_difficult","97.71299180483565","97.71299180483565","3","3","0","0","sr"
"orb_slam3_mono","euroc","euroc_mav__vicon_room","V2_01_easy","97.22137737422469","97.22137737422469","3","3","0","0","sr"
"orb_slam3_mono","euroc","euroc_mav__vicon_room","V2_02_medium","96.94181261966031","96.94181261966031","3","3","0","0","sr"
"orb_slam3_mono","euroc","euroc_mav__vicon_room","V2_03_difficult","65.60524412798661","65.60524412798661","3","2","1","0","sr"
"orb_slam3_stereo","euroc","euroc_mav__vicon_room","V1_01_easy","99.11335041824994","99.11335041824994","3","3","0","0","sr"
"orb_slam3_stereo","euroc","euroc_mav__vicon_room","V1_02_medium","96.83185679286514","96.83185679286514","3","3","0","0","sr"
"orb_slam3_stereo","euroc","euroc_mav__vicon_room","V1_03_difficult","98.58368040406451","98.58368040406451","3","3","0","0","sr"
"orb_slam3_stereo","euroc","euroc_mav__vicon_room","V2_01_easy","98.70034740626038","98.70034740626038","3","3","0","0","sr"
"orb_slam3_stereo","euroc","euroc_mav__vicon_room","V2_02_medium","98.80992293672911","98.80992293672911","3","3","0","0","sr"
"orb_slam3_stereo","euroc","euroc_mav__vicon_room","V2_03_difficult","98.45594851473625","98.45594851473625","3","3","0","0","sr"
"rovio","euroc","euroc_mav__vicon_room","V1_01_easy","99.9997453084256","99.9997453084256","3","3","0","0","sr"
"rovio","euroc","euroc_mav__vicon_room","V1_02_medium","100","100.0","3","3","0","0","sr"
"rovio","euroc","euroc_mav__vicon_room","V1_03_difficult","99.64819787616848","99.64819787616848","3","3","0","0","sr"
"rovio","euroc","euroc_mav__vicon_room","V2_01_easy","98.80324926319163","98.80324926319163","3","3","0","0","sr"
"rovio","euroc","euroc_mav__vicon_room","V2_02_medium","100","100.0","3","3","0","0","sr"
"rovio","euroc","euroc_mav__vicon_room","V2_03_difficult","100","100.0","3","3","0","0","sr"
"sqrtvins_mono","euroc","euroc_mav__vicon_room","V1_01_easy","99.95476089994527","99.95476089994527","3","3","0","0","sr"
"sqrtvins_mono","euroc","euroc_mav__vicon_room","V1_02_medium","99.96247399976492","99.96247399976492","3","3","0","0","sr"
"sqrtvins_mono","euroc","euroc_mav__vicon_room","V1_03_difficult","99.97185692818202","99.97185692818202","3","3","0","0","sr"
"sqrtvins_mono","euroc","euroc_mav__vicon_room","V2_01_easy","99.93062279997694","99.93062279997694","3","3","0","0","sr"
"sqrtvins_mono","euroc","euroc_mav__vicon_room","V2_02_medium","99.97289451011083","99.97289451011083","3","3","0","0","sr"
"sqrtvins_mono","euroc","euroc_mav__vicon_room","V2_03_difficult","99.96729628768594","99.96729628768594","3","3","0","0","sr"
"sqrtvins_stereo","euroc","euroc_mav__vicon_room","V1_01_easy","99.95476089994527","99.95476089994527","3","3","0","0","sr"
"sqrtvins_stereo","euroc","euroc_mav__vicon_room","V1_02_medium","99.96866987797766","99.96866987797766","3","3","0","0","sr"
"sqrtvins_stereo","euroc","euroc_mav__vicon_room","V1_03_difficult","99.97135732663976","99.97135732663976","3","3","0","0","sr"
"sqrtvins_stereo","euroc","euroc_mav__vicon_room","V2_01_easy","99.93062279997694","99.93062279997694","3","3","0","0","sr"
"sqrtvins_stereo","euroc","euroc_mav__vicon_room","V2_02_medium","99.97289451011083","99.97289451011083","3","3","0","0","sr"
"sqrtvins_stereo","euroc","euroc_mav__vicon_room","V2_03_difficult","99.96810373212422","99.96810373212422","3","3","0","0","sr"
"svo_mono","euroc","euroc_mav__vicon_room","V1_01_easy","99.55967734750998","99.55967734750998","3","3","0","0","sr"
"svo_mono","euroc","euroc_mav__vicon_room","V1_02_medium","99.69885637237502","99.69885637237502","3","3","0","0","sr"
"svo_mono","euroc","euroc_mav__vicon_room","V1_03_difficult","67.34741535130509","67.34741535130509","3","3","0","0","sr"
"svo_mono","euroc","euroc_mav__vicon_room","V2_01_easy","97.85131540810708","97.85131540810708","3","3","0","0","sr"
"svo_mono","euroc","euroc_mav__vicon_room","V2_02_medium","0","0.0","3","3","0","0","sr"
"svo_mono","euroc","euroc_mav__vicon_room","V2_03_difficult","97.8626185742814","97.8626185742814","3","3","0","0","sr"
"svo_stereo","euroc","euroc_mav__vicon_room","V1_01_easy","100","100.0","3","3","0","0","sr"
"svo_stereo","euroc","euroc_mav__vicon_room","V1_02_medium","100","100.0","3","3","0","0","sr"
"svo_stereo","euroc","euroc_mav__vicon_room","V1_03_difficult","99.89575934970456","99.89575934970456","3","3","0","0","sr"
"svo_stereo","euroc","euroc_mav__vicon_room","V2_01_easy","99.78063534223283","99.78063534223283","3","3","0","0","sr"
"svo_stereo","euroc","euroc_mav__vicon_room","V2_02_medium","99.72030914641105","99.72030914641105","3","3","0","0","sr"
"svo_stereo","euroc","euroc_mav__vicon_room","V2_03_difficult","99.97232904767986","99.97232904767986","3","3","0","0","sr"
"vins-fusion_monoimu","euroc","euroc_mav__vicon_room","V1_01_easy","99.83970438606883","99.83970438606883","3","3","0","0","sr"
"vins-fusion_monoimu","euroc","euroc_mav__vicon_room","V1_02_medium","99.91223713139654","99.91223713139654","3","3","0","0","sr"
"vins-fusion_monoimu","euroc","euroc_mav__vicon_room","V1_03_difficult","98.1686851661288","98.1686851661288","3","3","0","0","sr"
"vins-fusion_monoimu","euroc","euroc_mav__vicon_room","V2_01_easy","97.1265061629693","97.1265061629693","3","3","0","0","sr"
"vins-fusion_monoimu","euroc","euroc_mav__vicon_room","V2_02_medium","8.821900317268563","8.821900317268563","3","3","0","0","sr"
"vins-fusion_monoimu","euroc","euroc_mav__vicon_room","V2_03_difficult","66.68615274508589","66.68615274508589","3","3","0","0","sr"
"vins-fusion_stereoimu","euroc","euroc_mav__vicon_room","V1_01_easy","99.7530782102652","99.7530782102652","3","3","0","0","sr"
"vins-fusion_stereoimu","euroc","euroc_mav__vicon_room","V1_02_medium","99.75113575615335","99.75113575615335","3","3","0","0","sr"
"vins-fusion_stereoimu","euroc","euroc_mav__vicon_room","V1_03_difficult","98.24510605258554","98.24510605258554","3","3","0","0","sr"
"vins-fusion_stereoimu","euroc","euroc_mav__vicon_room","V2_01_easy","96.10530221177635","96.10530221177635","3","3","0","0","sr"
"vins-fusion_stereoimu","euroc","euroc_mav__vicon_room","V2_02_medium","98.70029107684849","98.70029107684849","3","3","0","0","sr"
"vins-fusion_stereoimu","euroc","euroc_mav__vicon_room","V2_03_difficult","98.65142775265394","98.65142775265394","3","3","0","0","sr"
"airslam","euroc","euroc_mav__machine_hall","MH_01_easy","96.04586841521181","96.04586841521181","3","3","0","0","sr"
"airslam","euroc","euroc_mav__machine_hall","MH_02_easy","96.31732214495963","96.31732214495963","3","3","0","0","sr"
"airslam","euroc","euroc_mav__machine_hall","MH_03_medium","97.88182049676315","97.88182049676315","3","3","0","0","sr"
"airslam","euroc","euroc_mav__machine_hall","MH_04_difficult","97.35178378298474","97.35178378298474","3","3","0","0","sr"
"airslam","euroc","euroc_mav__machine_hall","MH_05_difficult","97.72956461348504","97.72956461348504","3","3","0","0","sr"
"basalt_stereo","euroc","euroc_mav__machine_hall","MH_01_easy","100","100.0","3","3","0","0","sr"
"basalt_stereo","euroc","euroc_mav__machine_hall","MH_02_easy","100","100.0","3","3","0","0","sr"
"basalt_stereo","euroc","euroc_mav__machine_hall","MH_03_medium","100","100.0","3","3","0","0","sr"
"basalt_stereo","euroc","euroc_mav__machine_hall","MH_04_difficult","100","100.0","3","3","0","0","sr"
"basalt_stereo","euroc","euroc_mav__machine_hall","MH_05_difficult","100","100.0","3","3","0","0","sr"
"dm_vio","euroc","euroc_mav__machine_hall","MH_01_easy","99.96239393530546","99.96239393530546","3","3","0","0","sr"
"dm_vio","euroc","euroc_mav__machine_hall","MH_02_easy","9.458943285517785","9.458943285517785","3","3","0","0","sr"
"dm_vio","euroc","euroc_mav__machine_hall","MH_03_medium","99.42744759742548","99.42744759742548","3","3","0","0","sr"
"dm_vio","euroc","euroc_mav__machine_hall","MH_04_difficult","99.36541526099576","99.36541526099576","3","3","0","0","sr"
"dm_vio","euroc","euroc_mav__machine_hall","MH_05_difficult","99.70593975333755","99.70593975333755","3","3","0","0","sr"
"kimera_vio_mono","euroc","euroc_mav__machine_hall","MH_01_easy","0","0.0","3","3","0","0","sr"
"kimera_vio_mono","euroc","euroc_mav__machine_hall","MH_02_easy","0","0.0","3","3","0","0","sr"
"kimera_vio_mono","euroc","euroc_mav__machine_hall","MH_03_medium","99.53727775297011","99.53727775297011","3","3","0","0","sr"
"kimera_vio_mono","euroc","euroc_mav__machine_hall","MH_04_difficult","99.7400817224174","99.7400817224174","3","3","0","0","sr"
"kimera_vio_mono","euroc","euroc_mav__machine_hall","MH_05_difficult","99.80800678039094","99.80800678039094","3","3","0","0","sr"
"kimera_vio_stereo","euroc","euroc_mav__machine_hall","MH_01_easy","0","0.0","3","3","0","0","sr"
"kimera_vio_stereo","euroc","euroc_mav__machine_hall","MH_02_easy","99.49011599618488","99.49011599618488","3","3","0","0","sr"
"kimera_vio_stereo","euroc","euroc_mav__machine_hall","MH_03_medium","99.64732189395617","99.64732189395617","3","3","0","0","sr"
"kimera_vio_stereo","euroc","euroc_mav__machine_hall","MH_04_difficult","99.73993095549753","99.73993095549753","3","3","0","0","sr"
"kimera_vio_stereo","euroc","euroc_mav__machine_hall","MH_05_difficult","99.78651941099268","99.78651941099268","3","3","0","0","sr"
"okvis2x_mono","euroc","euroc_mav__machine_hall","MH_01_easy","99.87377633862518","99.87377633862518","3","3","0","0","sr"
"okvis2x_mono","euroc","euroc_mav__machine_hall","MH_02_easy","99.92355760671632","99.92355760671632","3","3","0","0","sr"
"okvis2x_mono","euroc","euroc_mav__machine_hall","MH_03_medium","100","100.0","3","3","0","0","sr"
"okvis2x_mono","euroc","euroc_mav__machine_hall","MH_04_difficult","100","100.0","3","3","0","0","sr"
"okvis2x_mono","euroc","euroc_mav__machine_hall","MH_05_difficult","100","100.0","3","3","0","0","sr"
"okvis2x_stereo","euroc","euroc_mav__machine_hall","MH_01_easy","100","100.0","3","3","0","0","sr"
"okvis2x_stereo","euroc","euroc_mav__machine_hall","MH_02_easy","99.96193388490703","99.96193388490703","3","3","0","0","sr"
"okvis2x_stereo","euroc","euroc_mav__machine_hall","MH_03_medium","100","100.0","3","3","0","0","sr"
"okvis2x_stereo","euroc","euroc_mav__machine_hall","MH_04_difficult","100","100.0","3","3","0","0","sr"
"okvis2x_stereo","euroc","euroc_mav__machine_hall","MH_05_difficult","100","100.0","3","3","0","0","sr"
"open_vins_mono","euroc","euroc_mav__machine_hall","MH_01_easy","90.47816735575532","90.47816735575532","3","3","0","0","sr"
"open_vins_mono","euroc","euroc_mav__machine_hall","MH_02_easy","86.65512806844136","86.65512806844136","3","3","0","0","sr"
"open_vins_mono","euroc","euroc_mav__machine_hall","MH_03_medium","97.40529712078963","97.40529712078963","3","3","0","0","sr"
"open_vins_mono","euroc","euroc_mav__machine_hall","MH_04_difficult","96.64378893190117","96.64378893190117","3","3","0","0","sr"
"open_vins_mono","euroc","euroc_mav__machine_hall","MH_05_difficult","96.62050271915832","96.62050271915832","3","3","0","0","sr"
"open_vins_stereo","euroc","euroc_mav__machine_hall","MH_01_easy","90.58227701187916","90.58227701187916","3","3","0","0","sr"
"open_vins_stereo","euroc","euroc_mav__machine_hall","MH_02_easy","86.63914855231509","86.63914855231509","3","3","0","0","sr"
"open_vins_stereo","euroc","euroc_mav__machine_hall","MH_03_medium","97.40529712078963","97.40529712078963","3","3","0","0","sr"
"open_vins_stereo","euroc","euroc_mav__machine_hall","MH_04_difficult","96.63857194350324","96.63857194350324","3","3","0","0","sr"
"open_vins_stereo","euroc","euroc_mav__machine_hall","MH_05_difficult","96.61766377046128","96.61766377046128","3","3","0","0","sr"
"orb_slam3_mono","euroc","euroc_mav__machine_hall","MH_01_easy","86.82600866673711","86.82600866673711","3","3","0","0","sr"
"orb_slam3_mono","euroc","euroc_mav__machine_hall","MH_02_easy","78.05163332641975","78.05163332641975","3","3","0","0","sr"
"orb_slam3_mono","euroc","euroc_mav__machine_hall","MH_03_medium","90.99080003257656","90.99080003257656","3","3","0","0","sr"
"orb_slam3_mono","euroc","euroc_mav__machine_hall","MH_04_difficult","65.346675122814","65.346675122814","3","3","0","0","sr"
"orb_slam3_mono","euroc","euroc_mav__machine_hall","MH_05_difficult","97.22280947539126","97.22280947539126","3","3","0","0","sr"
"orb_slam3_stereo","euroc","euroc_mav__machine_hall","MH_01_easy","89.91917745566548","89.91917745566548","3","3","0","0","sr"
"orb_slam3_stereo","euroc","euroc_mav__machine_hall","MH_02_easy","86.46893146579812","86.46893146579812","3","3","0","0","sr"
"orb_slam3_stereo","euroc","euroc_mav__machine_hall","MH_03_medium","97.21684484077157","97.21684484077157","3","3","0","0","sr"
"orb_slam3_stereo","euroc","euroc_mav__machine_hall","MH_04_difficult","95.61858510495148","95.61858510495148","3","3","0","0","sr"
"orb_slam3_stereo","euroc","euroc_mav__machine_hall","MH_05_difficult","97.99790371716223","97.99790371716223","3","3","0","0","sr"
"rovio","euroc","euroc_mav__machine_hall","MH_01_easy","90.43411739114902","90.43411739114902","3","3","0","0","sr"
"rovio","euroc","euroc_mav__machine_hall","MH_02_easy","86.24787707029475","86.24787707029475","3","3","0","0","sr"
"rovio","euroc","euroc_mav__machine_hall","MH_03_medium","100","100.0","3","3","0","0","sr"
"rovio","euroc","euroc_mav__machine_hall","MH_04_difficult","96.71420600067627","96.71420600067627","3","3","0","0","sr"
"rovio","euroc","euroc_mav__machine_hall","MH_05_difficult","99.57196573542814","99.57196573542814","3","3","0","0","sr"
"sqrtvins_mono","euroc","euroc_mav__machine_hall","MH_01_easy","90.61286480721968","90.61286480721968","3","3","0","0","sr"
"sqrtvins_mono","euroc","euroc_mav__machine_hall","MH_02_easy","86.72923178122107","86.72923178122107","3","3","0","0","sr"
"sqrtvins_mono","euroc","euroc_mav__machine_hall","MH_03_medium","97.42001553591665","97.42001553591665","3","3","0","0","sr"
"sqrtvins_mono","euroc","euroc_mav__machine_hall","MH_04_difficult","96.69654344585437","96.69654344585437","3","3","0","0","sr"
"sqrtvins_mono","euroc","euroc_mav__machine_hall","MH_05_difficult","99.99012127531694","99.99012127531694","3","3","0","0","sr"
"sqrtvins_stereo","euroc","euroc_mav__machine_hall","MH_01_easy","90.61286480721968","90.61286480721968","3","3","0","0","sr"
"sqrtvins_stereo","euroc","euroc_mav__machine_hall","MH_02_easy","99.77067282014896","99.77067282014896","3","3","0","0","sr"
"sqrtvins_stereo","euroc","euroc_mav__machine_hall","MH_03_medium","97.41935026783615","97.41935026783615","3","3","0","0","sr"
"sqrtvins_stereo","euroc","euroc_mav__machine_hall","MH_04_difficult","96.69407742872347","96.69407742872347","3","3","0","0","sr"
"sqrtvins_stereo","euroc","euroc_mav__machine_hall","MH_05_difficult","96.64636323514596","96.64636323514596","3","3","0","0","sr"
"svo_mono","euroc","euroc_mav__machine_hall","MH_01_easy","97.92818717578179","97.92818717578179","3","3","0","0","sr"
"svo_mono","euroc","euroc_mav__machine_hall","MH_02_easy","100","100.0","3","3","0","0","sr"
"svo_mono","euroc","euroc_mav__machine_hall","MH_03_medium","96.9568009239472","96.9568009239472","3","3","0","0","sr"
"svo_mono","euroc","euroc_mav__machine_hall","MH_04_difficult","25.348548458107516","25.348548458107516","3","3","0","0","sr"
"svo_mono","euroc","euroc_mav__machine_hall","MH_05_difficult","99.09418748546035","99.09418748546035","3","3","0","0","sr"
"svo_stereo","euroc","euroc_mav__machine_hall","MH_01_easy","100","100.0","3","3","0","0","sr"
"svo_stereo","euroc","euroc_mav__machine_hall","MH_02_easy","100","100.0","3","3","0","0","sr"
"svo_stereo","euroc","euroc_mav__machine_hall","MH_03_medium","100","100.0","3","3","0","0","sr"
"svo_stereo","euroc","euroc_mav__machine_hall","MH_04_difficult","99.48398417483888","99.48398417483888","3","3","0","0","sr"
"svo_stereo","euroc","euroc_mav__machine_hall","MH_05_difficult","99.6393297157973","99.6393297157973","3","3","0","0","sr"
"vins-fusion_monoimu","euroc","euroc_mav__machine_hall","MH_01_easy","99.22882748664624","99.22882748664624","3","3","0","0","sr"
"vins-fusion_monoimu","euroc","euroc_mav__machine_hall","MH_02_easy","99.77067282014896","99.77067282014896","3","3","0","0","sr"
"vins-fusion_monoimu","euroc","euroc_mav__machine_hall","MH_03_medium","98.8795114468441","98.8795114468441","3","3","0","0","sr"
"vins-fusion_monoimu","euroc","euroc_mav__machine_hall","MH_04_difficult","99.77760248376144","99.77760248376144","3","3","0","0","sr"
"vins-fusion_monoimu","euroc","euroc_mav__machine_hall","MH_05_difficult","99.1832751636757","99.1832751636757","3","3","0","0","sr"
"vins-fusion_stereoimu","euroc","euroc_mav__machine_hall","MH_01_easy","99.59988554763099","99.59988554763099","3","3","0","0","sr"
"vins-fusion_stereoimu","euroc","euroc_mav__machine_hall","MH_02_easy","99.89490641278194","99.89490641278194","3","3","0","0","sr"
"vins-fusion_stereoimu","euroc","euroc_mav__machine_hall","MH_03_medium","99.15067748090921","99.15067748090921","3","3","0","0","sr"
"vins-fusion_stereoimu","euroc","euroc_mav__machine_hall","MH_04_difficult","100","100.0","3","3","0","0","sr"
"vins-fusion_stereoimu","euroc","euroc_mav__machine_hall","MH_05_difficult","99.58799756167372","99.58799756167372","3","3","0","0","sr"
"airslam","grandtour","grand_tour__group1","2024-10-01-11-29-55","97.55996767080939","97.55996767080939","3","3","0","0","sr"
"airslam","grandtour","grand_tour__group1","2024-10-01-12-00-49","92.3372236490571","92.3372236490571","3","3","0","0","sr"
"airslam","grandtour","grand_tour__group1","2024-11-02-17-10-25","93.04810825465349","93.04810825465349","3","3","0","0","sr"
"airslam","grandtour","grand_tour__group1","2024-11-02-17-43-10","98.1932008067755","98.1932008067755","3","3","0","0","sr"
"airslam","grandtour","grand_tour__group1","2024-11-02-21-12-51","84.16778820544333","84.16778820544333","3","3","0","0","sr"
"basalt_stereo","grandtour","grand_tour__group1","2024-10-01-11-29-55","98.39646344799002","98.39646344799002","3","3","0","0","sr"
"basalt_stereo","grandtour","grand_tour__group1","2024-10-01-12-00-49","0","0.0","3","0","3","0","sr"
"basalt_stereo","grandtour","grand_tour__group1","2024-11-02-17-10-25","99.8695807783843","99.8695807783843","3","3","0","0","sr"
"basalt_stereo","grandtour","grand_tour__group1","2024-11-02-17-43-10","94.61491810035216","94.61491810035216","3","3","0","0","sr"
"basalt_stereo","grandtour","grand_tour__group1","2024-11-02-21-12-51","90.72272052019143","90.72272052019143","3","3","0","0","sr"
"dm_vio","grandtour","grand_tour__group1","2024-10-01-11-29-55","98.64339637406714","98.64339637406714","3","3","0","0","sr"
"dm_vio","grandtour","grand_tour__group1","2024-10-01-12-00-49","0.49424554234685775","0.49424554234685775","3","3","0","0","sr"
"dm_vio","grandtour","grand_tour__group1","2024-11-02-17-10-25","22.991270251391615","22.991270251391615","3","2","1","0","sr"
"dm_vio","grandtour","grand_tour__group1","2024-11-02-17-43-10","18.2585777781869","18.2585777781869","3","3","0","0","sr"
"dm_vio","grandtour","grand_tour__group1","2024-11-02-21-12-51","37.40310368813149","37.40310368813149","3","3","0","0","sr"
"kimera_vio_mono","grandtour","grand_tour__group1","2024-10-01-11-29-55","89.06239151471941","89.06239151471941","3","3","0","0","sr"
"kimera_vio_mono","grandtour","grand_tour__group1","2024-10-01-12-00-49","96.81513599468825","96.81513599468825","3","3","0","0","sr"
"kimera_vio_mono","grandtour","grand_tour__group1","2024-11-02-17-10-25","94.59302126958585","94.59302126958585","3","3","0","0","sr"
"kimera_vio_mono","grandtour","grand_tour__group1","2024-11-02-17-43-10","87.36397074693257","87.36397074693257","3","3","0","0","sr"
"kimera_vio_mono","grandtour","grand_tour__group1","2024-11-02-21-12-51","0.09103411839130592","0.09103411839130592","3","3","0","0","sr"
"kimera_vio_stereo","grandtour","grand_tour__group1","2024-10-01-11-29-55","1.1353696384178797","1.1353696384178797","3","3","0","0","sr"
"kimera_vio_stereo","grandtour","grand_tour__group1","2024-10-01-12-00-49","96.74388324766842","96.74388324766842","3","3","0","0","sr"
"kimera_vio_stereo","grandtour","grand_tour__group1","2024-11-02-17-10-25","93.71292916921247","93.71292916921247","3","3","0","0","sr"
"kimera_vio_stereo","grandtour","grand_tour__group1","2024-11-02-17-43-10","88.19133689250312","88.19133689250312","3","3","0","0","sr"
"kimera_vio_stereo","grandtour","grand_tour__group1","2024-11-02-21-12-51","0.02053326910549196","0.02053326910549196","3","3","0","0","sr"
"okvis2x_mono","grandtour","grand_tour__group1","2024-10-01-11-29-55","99.03434166525302","99.03434166525302","3","3","0","0","sr"
"okvis2x_mono","grandtour","grand_tour__group1","2024-10-01-12-00-49","84.96607573802588","84.96607573802588","3","3","0","0","sr"
"okvis2x_mono","grandtour","grand_tour__group1","2024-11-02-17-10-25","32.841027018266004","32.841027018266004","3","3","0","0","sr"
"okvis2x_mono","grandtour","grand_tour__group1","2024-11-02-17-43-10","15.25697416624427","15.25697416624427","3","2","0","1","sr"
"okvis2x_mono","grandtour","grand_tour__group1","2024-11-02-21-12-51","55.163698032725726","55.163698032725726","3","3","0","0","sr"
"okvis2x_stereo","grandtour","grand_tour__group1","2024-10-01-11-29-55","99.98909977293452","99.98909977293452","3","3","0","0","sr"
"okvis2x_stereo","grandtour","grand_tour__group1","2024-10-01-12-00-49","99.98321284017273","99.98321284017273","3","3","0","0","sr"
"okvis2x_stereo","grandtour","grand_tour__group1","2024-11-02-17-10-25","99.8695807783843","99.8695807783843","3","3","0","0","sr"
"okvis2x_stereo","grandtour","grand_tour__group1","2024-11-02-17-43-10","97.60577540213019","97.60577540213019","3","3","0","0","sr"
"okvis2x_stereo","grandtour","grand_tour__group1","2024-11-02-21-12-51","97.22115065480853","97.22115065480853","3","3","0","0","sr"
"open_vins_mono","grandtour","grand_tour__group1","2024-10-01-11-29-55","99.54306071528977","99.54306071528977","3","3","0","0","sr"
"open_vins_mono","grandtour","grand_tour__group1","2024-10-01-12-00-49","95.39857731839409","95.39857731839409","3","3","0","0","sr"
"open_vins_mono","grandtour","grand_tour__group1","2024-11-02-17-10-25","99.8695807783843","99.8695807783843","3","3","0","0","sr"
"open_vins_mono","grandtour","grand_tour__group1","2024-11-02-17-43-10","99.48179068807337","99.48179068807337","3","3","0","0","sr"
"open_vins_mono","grandtour","grand_tour__group1","2024-11-02-21-12-51","92.27802110495183","92.27802110495183","3","3","0","0","sr"
"open_vins_stereo","grandtour","grand_tour__group1","2024-10-01-11-29-55","99.37824697018003","99.37824697018003","3","3","0","0","sr"
"open_vins_stereo","grandtour","grand_tour__group1","2024-10-01-12-00-49","65.36251291215895","65.36251291215895","3","3","0","0","sr"
"open_vins_stereo","grandtour","grand_tour__group1","2024-11-02-17-10-25","66.57972051892287","66.57972051892287","3","3","0","0","sr"
"open_vins_stereo","grandtour","grand_tour__group1","2024-11-02-17-43-10","99.54425640713696","99.54425640713696","3","3","0","0","sr"
"open_vins_stereo","grandtour","grand_tour__group1","2024-11-02-21-12-51","59.47166142650289","59.47166142650289","3","3","0","0","sr"
"orb_slam3_mono","grandtour","grand_tour__group1","2024-10-01-11-29-55","56.99281080184938","56.99281080184938","3","3","0","0","sr"
"orb_slam3_mono","grandtour","grand_tour__group1","2024-10-01-12-00-49","32.16849362997795","32.16849362997795","3","3","0","0","sr"
"orb_slam3_mono","grandtour","grand_tour__group1","2024-11-02-17-10-25","9.782400250366216","9.782400250366216","3","1","2","0","sr"
"orb_slam3_mono","grandtour","grand_tour__group1","2024-11-02-17-43-10","0","0.0","3","0","3","0","sr"
"orb_slam3_mono","grandtour","grand_tour__group1","2024-11-02-21-12-51","2.295154683464125","2.295154683464125","3","1","2","0","sr"
"orb_slam3_stereo","grandtour","grand_tour__group1","2024-10-01-11-29-55","21.746807352093402","21.746807352093402","3","3","0","0","sr"
"orb_slam3_stereo","grandtour","grand_tour__group1","2024-10-01-12-00-49","14.513380860496845","14.513380860496845","3","3","0","0","sr"
"orb_slam3_stereo","grandtour","grand_tour__group1","2024-11-02-17-10-25","0","0.0","3","0","3","0","sr"
"orb_slam3_stereo","grandtour","grand_tour__group1","2024-11-02-17-43-10","13.489276730417116","13.489276730417116","3","3","0","0","sr"
"orb_slam3_stereo","grandtour","grand_tour__group1","2024-11-02-21-12-51","0.13739127252420433","0.13739127252420433","3","3","0","0","sr"
"rovio","grandtour","grand_tour__group1","2024-10-01-11-29-55","97.09007299087814","97.09007299087814","3","3","0","0","sr"
"rovio","grandtour","grand_tour__group1","2024-10-01-12-00-49","96.08017927180322","96.08017927180322","3","3","0","0","sr"
"rovio","grandtour","grand_tour__group1","2024-11-02-17-10-25","99.86955548518296","99.86955548518296","3","3","0","0","sr"
"rovio","grandtour","grand_tour__group1","2024-11-02-17-43-10","98.46441867800358","98.46441867800358","3","3","0","0","sr"
"rovio","grandtour","grand_tour__group1","2024-11-02-21-12-51","51.0913380183844","51.0913380183844","3","3","0","0","sr"
"sqrtvins_mono","grandtour","grand_tour__group1","2024-10-01-11-29-55","99.96746400428117","99.96746400428117","3","3","0","0","sr"
"sqrtvins_mono","grandtour","grand_tour__group1","2024-10-01-12-00-49","99.71321654336201","99.71321654336201","3","3","0","0","sr"
"sqrtvins_mono","grandtour","grand_tour__group1","2024-11-02-17-10-25","99.86955548518296","99.86955548518296","3","3","0","0","sr"
"sqrtvins_mono","grandtour","grand_tour__group1","2024-11-02-17-43-10","99.62320420958368","99.62320420958368","3","3","0","0","sr"
"sqrtvins_mono","grandtour","grand_tour__group1","2024-11-02-21-12-51","92.7409851759365","92.7409851759365","3","3","0","0","sr"
"sqrtvins_stereo","grandtour","grand_tour__group1","2024-10-01-11-29-55","99.96746400428117","99.96746400428117","3","3","0","0","sr"
"sqrtvins_stereo","grandtour","grand_tour__group1","2024-10-01-12-00-49","99.96323385196762","99.96323385196762","3","3","0","0","sr"
"sqrtvins_stereo","grandtour","grand_tour__group1","2024-11-02-17-10-25","99.86955548518296","99.86955548518296","3","3","0","0","sr"
"sqrtvins_stereo","grandtour","grand_tour__group1","2024-11-02-17-43-10","99.92734997517964","99.92734997517964","3","3","0","0","sr"
"sqrtvins_stereo","grandtour","grand_tour__group1","2024-11-02-21-12-51","92.33058707618208","92.33058707618208","3","3","0","0","sr"
"svo_mono","grandtour","grand_tour__group1","2024-10-01-11-29-55","97.08361440248098","97.08361440248098","3","3","0","0","sr"
"svo_mono","grandtour","grand_tour__group1","2024-10-01-12-00-49","88.53626690730721","88.53626690730721","3","3","0","0","sr"
"svo_mono","grandtour","grand_tour__group1","2024-11-02-17-10-25","0","0.0","3","3","0","0","sr"
"svo_mono","grandtour","grand_tour__group1","2024-11-02-17-43-10","85.07193877150723","85.07193877150723","3","3","0","0","sr"
"svo_mono","grandtour","grand_tour__group1","2024-11-02-21-12-51","81.05303861046504","81.05303861046504","3","3","0","0","sr"
"svo_stereo","grandtour","grand_tour__group1","2024-10-01-11-29-55","98.75271886401246","98.75271886401246","3","3","0","0","sr"
"svo_stereo","grandtour","grand_tour__group1","2024-10-01-12-00-49","96.48714469058227","96.48714469058227","3","3","0","0","sr"
"svo_stereo","grandtour","grand_tour__group1","2024-11-02-17-10-25","96.3431209778629","96.3431209778629","3","3","0","0","sr"
"svo_stereo","grandtour","grand_tour__group1","2024-11-02-17-43-10","95.65625110737572","95.65625110737572","3","3","0","0","sr"
"svo_stereo","grandtour","grand_tour__group1","2024-11-02-21-12-51","99.30645614828468","99.30645614828468","3","3","0","0","sr"
"vins-fusion_monoimu","grandtour","grand_tour__group1","2024-10-01-11-29-55","93.01612753393317","93.01612753393317","3","3","0","0","sr"
"vins-fusion_monoimu","grandtour","grand_tour__group1","2024-10-01-12-00-49","35.17362505513897","35.17362505513897","3","3","0","0","sr"
"vins-fusion_monoimu","grandtour","grand_tour__group1","2024-11-02-17-10-25","0","0.0","3","3","0","0","sr"
"vins-fusion_monoimu","grandtour","grand_tour__group1","2024-11-02-17-43-10","32.297676492081834","32.297676492081834","3","3","0","0","sr"
"vins-fusion_monoimu","grandtour","grand_tour__group1","2024-11-02-21-12-51","2.1659091637846015","2.1659091637846015","3","3","0","0","sr"
"vins-fusion_stereoimu","grandtour","grand_tour__group1","2024-10-01-11-29-55","98.71237725398385","98.71237725398385","3","3","0","0","sr"
"vins-fusion_stereoimu","grandtour","grand_tour__group1","2024-10-01-12-00-49","97.01616542172371","97.01616542172371","3","3","0","0","sr"
"vins-fusion_stereoimu","grandtour","grand_tour__group1","2024-11-02-17-10-25","96.75319367735138","96.75319367735138","3","3","0","0","sr"
"vins-fusion_stereoimu","grandtour","grand_tour__group1","2024-11-02-17-43-10","95.23720945652673","95.23720945652673","3","3","0","0","sr"
"vins-fusion_stereoimu","grandtour","grand_tour__group1","2024-11-02-21-12-51","78.01154754289948","78.01154754289948","3","3","0","0","sr"
"airslam","grandtour","grand_tour__group2","2024-11-03-07-52-45","55.39034790373844","55.39034790373844","3","3","0","0","sr"
"airslam","grandtour","grand_tour__group2","2024-11-03-08-17-23","95.06868564320907","95.06868564320907","3","3","0","0","sr"
"airslam","grandtour","grand_tour__group2","2024-11-03-13-59-54","95.51152693505868","95.51152693505868","3","3","0","0","sr"
"airslam","grandtour","grand_tour__group2","2024-11-04-10-57-34","97.6186570226405","97.6186570226405","3","3","0","0","sr"
"airslam","grandtour","grand_tour__group2","2024-11-04-12-55-59","86.97110248208499","86.97110248208499","3","3","0","0","sr"
"basalt_stereo","grandtour","grand_tour__group2","2024-11-03-07-52-45","97.63218705275379","97.63218705275379","3","3","0","0","sr"
"basalt_stereo","grandtour","grand_tour__group2","2024-11-03-08-17-23","98.2525795507475","98.2525795507475","3","3","0","0","sr"
"basalt_stereo","grandtour","grand_tour__group2","2024-11-03-13-59-54","0","0.0","3","0","3","0","sr"
"basalt_stereo","grandtour","grand_tour__group2","2024-11-04-10-57-34","99.88913103664306","99.88913103664306","3","3","0","0","sr"
"basalt_stereo","grandtour","grand_tour__group2","2024-11-04-12-55-59","99.8680253995132","99.8680253995132","3","3","0","0","sr"
"dm_vio","grandtour","grand_tour__group2","2024-11-03-07-52-45","72.0266676793056","72.0266676793056","3","3","0","0","sr"
"dm_vio","grandtour","grand_tour__group2","2024-11-03-08-17-23","98.19699307522167","98.19699307522167","3","3","0","0","sr"
"dm_vio","grandtour","grand_tour__group2","2024-11-03-13-59-54","97.68688282825701","97.68688282825701","3","3","0","0","sr"
"dm_vio","grandtour","grand_tour__group2","2024-11-04-10-57-34","80.38801916743544","80.38801916743544","3","3","0","0","sr"
"dm_vio","grandtour","grand_tour__group2","2024-11-04-12-55-59","86.50023013582597","86.50023013582597","3","3","0","0","sr"
"kimera_vio_mono","grandtour","grand_tour__group2","2024-11-03-07-52-45","0.03483576060239735","0.03483576060239735","3","3","0","0","sr"
"kimera_vio_mono","grandtour","grand_tour__group2","2024-11-03-08-17-23","0","0.0","3","3","0","0","sr"
"kimera_vio_mono","grandtour","grand_tour__group2","2024-11-03-13-59-54","35.00038837298866","35.00038837298866","3","3","0","0","sr"
"kimera_vio_mono","grandtour","grand_tour__group2","2024-11-04-10-57-34","97.82680617481442","97.82680617481442","3","3","0","0","sr"
"kimera_vio_mono","grandtour","grand_tour__group2","2024-11-04-12-55-59","97.53052774865762","97.53052774865762","3","3","0","0","sr"
"kimera_vio_stereo","grandtour","grand_tour__group2","2024-11-03-07-52-45","0.03483576060239735","0.03483576060239735","3","3","0","0","sr"
"kimera_vio_stereo","grandtour","grand_tour__group2","2024-11-03-08-17-23","0","0.0","3","3","0","0","sr"
"kimera_vio_stereo","grandtour","grand_tour__group2","2024-11-03-13-59-54","35.000350593322395","35.000350593322395","3","3","0","0","sr"
"kimera_vio_stereo","grandtour","grand_tour__group2","2024-11-04-10-57-34","94.7909145778068","94.7909145778068","3","3","0","0","sr"
"kimera_vio_stereo","grandtour","grand_tour__group2","2024-11-04-12-55-59","26.04770566669735","26.04770566669735","3","3","0","0","sr"
"okvis2x_mono","grandtour","grand_tour__group2","2024-11-03-07-52-45","80.91518219037854","80.91518219037854","3","3","0","0","sr"
"okvis2x_mono","grandtour","grand_tour__group2","2024-11-03-08-17-23","92.06133965326048","92.06133965326048","3","3","0","0","sr"
"okvis2x_mono","grandtour","grand_tour__group2","2024-11-03-13-59-54","51.63423675687114","51.63423675687114","3","3","0","0","sr"
"okvis2x_mono","grandtour","grand_tour__group2","2024-11-04-10-57-34","98.52422409251324","98.52422409251324","3","3","0","0","sr"
"okvis2x_mono","grandtour","grand_tour__group2","2024-11-04-12-55-59","99.49080405130825","99.49080405130825","3","3","0","0","sr"
"okvis2x_stereo","grandtour","grand_tour__group2","2024-11-03-07-52-45","99.8982151869884","99.8982151869884","3","3","0","0","sr"
"okvis2x_stereo","grandtour","grand_tour__group2","2024-11-03-08-17-23","98.25079910773472","98.25079910773472","3","3","0","0","sr"
"okvis2x_stereo","grandtour","grand_tour__group2","2024-11-03-13-59-54","99.59841498274606","99.59841498274606","3","3","0","0","sr"
"okvis2x_stereo","grandtour","grand_tour__group2","2024-11-04-10-57-34","99.97851140621896","99.97851140621896","3","3","0","0","sr"
"okvis2x_stereo","grandtour","grand_tour__group2","2024-11-04-12-55-59","99.86760891327121","99.86760891327121","3","3","0","0","sr"
"open_vins_mono","grandtour","grand_tour__group2","2024-11-03-07-52-45","94.96924059691554","94.96924059691554","3","3","0","0","sr"
"open_vins_mono","grandtour","grand_tour__group2","2024-11-03-08-17-23","97.92897775000652","97.92897775000652","3","3","0","0","sr"
"open_vins_mono","grandtour","grand_tour__group2","2024-11-03-13-59-54","53.46164266237006","53.46164266237006","3","3","0","0","sr"
"open_vins_mono","grandtour","grand_tour__group2","2024-11-04-10-57-34","99.90357067548867","99.90357067548867","3","3","0","0","sr"
"open_vins_mono","grandtour","grand_tour__group2","2024-11-04-12-55-59","99.76640970739167","99.76640970739167","3","3","0","0","sr"
"open_vins_stereo","grandtour","grand_tour__group2","2024-11-03-07-52-45","97.69092593795231","97.69092593795231","3","3","0","0","sr"
"open_vins_stereo","grandtour","grand_tour__group2","2024-11-03-08-17-23","97.92774766442028","97.92774766442028","3","3","0","0","sr"
"open_vins_stereo","grandtour","grand_tour__group2","2024-11-03-13-59-54","51.62144633706487","51.62144633706487","3","3","0","0","sr"
"open_vins_stereo","grandtour","grand_tour__group2","2024-11-04-10-57-34","99.83926714870502","99.83926714870502","3","3","0","0","sr"
"open_vins_stereo","grandtour","grand_tour__group2","2024-11-04-12-55-59","98.83857588410773","98.83857588410773","3","3","0","0","sr"
"orb_slam3_mono","grandtour","grand_tour__group2","2024-11-03-07-52-45","55.31676741240076","55.31676741240076","3","3","0","0","sr"
"orb_slam3_mono","grandtour","grand_tour__group2","2024-11-03-08-17-23","17.62792179334355","17.62792179334355","3","3","0","0","sr"
"orb_slam3_mono","grandtour","grand_tour__group2","2024-11-03-13-59-54","35.635594908598314","35.635594908598314","3","3","0","0","sr"
"orb_slam3_mono","grandtour","grand_tour__group2","2024-11-04-10-57-34","29.173872647222737","29.173872647222737","3","3","0","0","sr"
"orb_slam3_mono","grandtour","grand_tour__group2","2024-11-04-12-55-59","63.494293788210946","63.494293788210946","3","3","0","0","sr"
"orb_slam3_stereo","grandtour","grand_tour__group2","2024-11-03-07-52-45","12.940257877846827","12.940257877846827","3","1","2","0","sr"
"orb_slam3_stereo","grandtour","grand_tour__group2","2024-11-03-08-17-23","18.019727743298976","18.019727743298976","3","3","0","0","sr"
"orb_slam3_stereo","grandtour","grand_tour__group2","2024-11-03-13-59-54","33.429472510183814","33.429472510183814","3","3","0","0","sr"
"orb_slam3_stereo","grandtour","grand_tour__group2","2024-11-04-10-57-34","39.25086930082685","39.25086930082685","3","3","0","0","sr"
"orb_slam3_stereo","grandtour","grand_tour__group2","2024-11-04-12-55-59","13.306327215718868","13.306327215718868","3","3","0","0","sr"
"rovio","grandtour","grand_tour__group2","2024-11-03-07-52-45","95.56749056244446","95.56749056244446","3","3","0","0","sr"
"rovio","grandtour","grand_tour__group2","2024-11-03-08-17-23","54.84368995054408","54.84368995054408","3","3","0","0","sr"
"rovio","grandtour","grand_tour__group2","2024-11-03-13-59-54","60.79538764078021","60.79538764078021","3","3","0","0","sr"
"rovio","grandtour","grand_tour__group2","2024-11-04-10-57-34","98.30217683528866","98.30217683528866","3","3","0","0","sr"
"rovio","grandtour","grand_tour__group2","2024-11-04-12-55-59","99.12168348099597","99.12168348099597","3","3","0","0","sr"
"sqrtvins_mono","grandtour","grand_tour__group2","2024-11-03-07-52-45","98.0237216445139","98.0237216445139","3","3","0","0","sr"
"sqrtvins_mono","grandtour","grand_tour__group2","2024-11-03-08-17-23","98.11131366266424","98.11131366266424","3","3","0","0","sr"
"sqrtvins_mono","grandtour","grand_tour__group2","2024-11-03-13-59-54","61.47688035583395","61.47688035583395","3","3","0","0","sr"
"sqrtvins_mono","grandtour","grand_tour__group2","2024-11-04-10-57-34","99.94901180247138","99.94901180247138","3","3","0","0","sr"
"sqrtvins_mono","grandtour","grand_tour__group2","2024-11-04-12-55-59","98.5004812630494","98.5004812630494","3","3","0","0","sr"
"sqrtvins_stereo","grandtour","grand_tour__group2","2024-11-03-07-52-45","96.67660312408891","96.67660312408891","3","3","0","0","sr"
"sqrtvins_stereo","grandtour","grand_tour__group2","2024-11-03-08-17-23","98.15235349238564","98.15235349238564","3","3","0","0","sr"
"sqrtvins_stereo","grandtour","grand_tour__group2","2024-11-03-13-59-54","54.77182635538127","54.77182635538127","3","3","0","0","sr"
"sqrtvins_stereo","grandtour","grand_tour__group2","2024-11-04-10-57-34","99.94841763419682","99.94841763419682","3","3","0","0","sr"
"sqrtvins_stereo","grandtour","grand_tour__group2","2024-11-04-12-55-59","98.49423163089189","98.49423163089189","3","3","0","0","sr"
"svo_mono","grandtour","grand_tour__group2","2024-11-03-07-52-45","93.51320265215044","93.51320265215044","3","3","0","0","sr"
"svo_mono","grandtour","grand_tour__group2","2024-11-03-08-17-23","60.47563833607018","60.47563833607018","3","3","0","0","sr"
"svo_mono","grandtour","grand_tour__group2","2024-11-03-13-59-54","59.281159991495656","59.281159991495656","3","3","0","0","sr"
"svo_mono","grandtour","grand_tour__group2","2024-11-04-10-57-34","96.63907893945105","96.63907893945105","3","3","0","0","sr"
"svo_mono","grandtour","grand_tour__group2","2024-11-04-12-55-59","60.10784648102658","60.10784648102658","3","3","0","0","sr"
"svo_stereo","grandtour","grand_tour__group2","2024-11-03-07-52-45","76.87099990655801","76.87099990655801","3","3","0","0","sr"
"svo_stereo","grandtour","grand_tour__group2","2024-11-03-08-17-23","98.25079910773472","98.25079910773472","3","3","0","0","sr"
"svo_stereo","grandtour","grand_tour__group2","2024-11-03-13-59-54","93.59803451980262","93.59803451980262","3","3","0","0","sr"
"svo_stereo","grandtour","grand_tour__group2","2024-11-04-10-57-34","99.87948187729387","99.87948187729387","3","3","0","0","sr"
"svo_stereo","grandtour","grand_tour__group2","2024-11-04-12-55-59","91.57236820518521","91.57236820518521","3","3","0","0","sr"
"vins-fusion_monoimu","grandtour","grand_tour__group2","2024-11-03-07-52-45","94.27777442807985","94.27777442807985","3","3","0","0","sr"
"vins-fusion_monoimu","grandtour","grand_tour__group2","2024-11-03-08-17-23","96.40611823193551","96.40611823193551","3","3","0","0","sr"
"vins-fusion_monoimu","grandtour","grand_tour__group2","2024-11-03-13-59-54","0.20768094172504428","0.20768094172504428","3","3","0","0","sr"
"vins-fusion_monoimu","grandtour","grand_tour__group2","2024-11-04-10-57-34","98.78864753454296","98.78864753454296","3","3","0","0","sr"
"vins-fusion_monoimu","grandtour","grand_tour__group2","2024-11-04-12-55-59","98.57854529233016","98.57854529233016","3","3","0","0","sr"
"vins-fusion_stereoimu","grandtour","grand_tour__group2","2024-11-03-07-52-45","94.65508371562214","94.65508371562214","3","3","0","0","sr"
"vins-fusion_stereoimu","grandtour","grand_tour__group2","2024-11-03-08-17-23","96.5301211565784","96.5301211565784","3","3","0","0","sr"
"vins-fusion_stereoimu","grandtour","grand_tour__group2","2024-11-03-13-59-54","35.48787285798111","35.48787285798111","3","3","0","0","sr"
"vins-fusion_stereoimu","grandtour","grand_tour__group2","2024-11-04-10-57-34","98.82534846448753","98.82534846448753","3","3","0","0","sr"
"vins-fusion_stereoimu","grandtour","grand_tour__group2","2024-11-04-12-55-59","98.58971631559136","98.58971631559136","3","3","0","0","sr"
"airslam","grandtour","grand_tour__group3","2024-11-04-13-07-13","96.54521407142171","96.54521407142171","3","3","0","0","sr"
"airslam","grandtour","grand_tour__group3","2024-11-04-16-05-00","97.9930909603351","97.9930909603351","3","3","0","0","sr"
"airslam","grandtour","grand_tour__group3","2024-11-11-12-07-40","88.0543670306018","88.0543670306018","3","3","0","0","sr"
"airslam","grandtour","grand_tour__group3","2024-11-11-12-42-47","96.3300306615206","96.3300306615206","3","3","0","0","sr"
"airslam","grandtour","grand_tour__group3","2024-11-11-14-29-44","96.12349275890885","96.12349275890885","3","3","0","0","sr"
"basalt_stereo","grandtour","grand_tour__group3","2024-11-04-13-07-13","100","100.0","3","3","0","0","sr"
"basalt_stereo","grandtour","grand_tour__group3","2024-11-04-16-05-00","100","100.0","3","3","0","0","sr"
"basalt_stereo","grandtour","grand_tour__group3","2024-11-11-12-07-40","0","0.0","3","0","3","0","sr"
"basalt_stereo","grandtour","grand_tour__group3","2024-11-11-12-42-47","97.95307183064931","97.95307183064931","3","3","0","0","sr"
"basalt_stereo","grandtour","grand_tour__group3","2024-11-11-14-29-44","99.81729750093773","99.81729750093773","3","3","0","0","sr"
"dm_vio","grandtour","grand_tour__group3","2024-11-04-13-07-13","97.08397935060862","97.08397935060862","3","3","0","0","sr"
"dm_vio","grandtour","grand_tour__group3","2024-11-04-16-05-00","61.013542617233675","61.013542617233675","3","2","1","0","sr"
"dm_vio","grandtour","grand_tour__group3","2024-11-11-12-07-40","9.769178134713748","9.769178134713748","3","3","0","0","sr"
"dm_vio","grandtour","grand_tour__group3","2024-11-11-12-42-47","30.974718524196486","30.974718524196486","3","3","0","0","sr"
"dm_vio","grandtour","grand_tour__group3","2024-11-11-14-29-44","98.85222783206773","98.85222783206773","3","3","0","0","sr"
"kimera_vio_mono","grandtour","grand_tour__group3","2024-11-04-13-07-13","96.05949486297693","96.05949486297693","3","3","0","0","sr"
"kimera_vio_mono","grandtour","grand_tour__group3","2024-11-04-16-05-00","98.16460312295582","98.16460312295582","3","3","0","0","sr"
"kimera_vio_mono","grandtour","grand_tour__group3","2024-11-11-12-07-40","12.312116622010882","12.312116622010882","3","3","0","0","sr"
"kimera_vio_mono","grandtour","grand_tour__group3","2024-11-11-12-42-47","0.9719484470418508","0.9719484470418508","3","3","0","0","sr"
"kimera_vio_mono","grandtour","grand_tour__group3","2024-11-11-14-29-44","0","0.0","3","3","0","0","sr"
"kimera_vio_stereo","grandtour","grand_tour__group3","2024-11-04-13-07-13","77.84270727523594","77.84270727523594","3","3","0","0","sr"
"kimera_vio_stereo","grandtour","grand_tour__group3","2024-11-04-16-05-00","98.15826570255062","98.15826570255062","3","3","0","0","sr"
"kimera_vio_stereo","grandtour","grand_tour__group3","2024-11-11-12-07-40","12.142847444654867","12.142847444654867","3","3","0","0","sr"
"kimera_vio_stereo","grandtour","grand_tour__group3","2024-11-11-12-42-47","0.7980805108009812","0.7980805108009812","3","3","0","0","sr"
"kimera_vio_stereo","grandtour","grand_tour__group3","2024-11-11-14-29-44","96.6555404312691","96.6555404312691","3","3","0","0","sr"
"okvis2x_mono","grandtour","grand_tour__group3","2024-11-04-13-07-13","98.21726826264148","98.21726826264148","3","3","0","0","sr"
"okvis2x_mono","grandtour","grand_tour__group3","2024-11-04-16-05-00","99.88836638370817","99.88836638370817","3","3","0","0","sr"
"okvis2x_mono","grandtour","grand_tour__group3","2024-11-11-12-07-40","88.03558852588333","88.03558852588333","3","3","0","0","sr"
"okvis2x_mono","grandtour","grand_tour__group3","2024-11-11-12-42-47","96.16768099636347","96.16768099636347","3","3","0","0","sr"
"okvis2x_mono","grandtour","grand_tour__group3","2024-11-11-14-29-44","94.29381869144841","94.29381869144841","3","3","0","0","sr"
"okvis2x_stereo","grandtour","grand_tour__group3","2024-11-04-13-07-13","99.99989281897474","99.99989281897474","3","3","0","0","sr"
"okvis2x_stereo","grandtour","grand_tour__group3","2024-11-04-16-05-00","99.99999371681844","99.99999371681844","3","3","0","0","sr"
"okvis2x_stereo","grandtour","grand_tour__group3","2024-11-11-12-07-40","99.99005351413409","99.99005351413409","3","3","0","0","sr"
"okvis2x_stereo","grandtour","grand_tour__group3","2024-11-11-12-42-47","99.34344207988254","99.34344207988254","3","3","0","0","sr"
"okvis2x_stereo","grandtour","grand_tour__group3","2024-11-11-14-29-44","99.81525538807527","99.81525538807527","3","3","0","0","sr"
"open_vins_mono","grandtour","grand_tour__group3","2024-11-04-13-07-13","99.2904366912012","99.2904366912012","3","3","0","0","sr"
"open_vins_mono","grandtour","grand_tour__group3","2024-11-04-16-05-00","99.90693276389071","99.90693276389071","3","3","0","0","sr"
"open_vins_mono","grandtour","grand_tour__group3","2024-11-11-12-07-40","0","0.0","3","0","3","0","sr"
"open_vins_mono","grandtour","grand_tour__group3","2024-11-11-12-42-47","97.83368649409181","97.83368649409181","3","3","0","0","sr"
"open_vins_mono","grandtour","grand_tour__group3","2024-11-11-14-29-44","99.6626773229943","99.6626773229943","3","3","0","0","sr"
"open_vins_stereo","grandtour","grand_tour__group3","2024-11-04-13-07-13","99.0615537613984","99.0615537613984","3","3","0","0","sr"
"open_vins_stereo","grandtour","grand_tour__group3","2024-11-04-16-05-00","99.91200967237762","99.91200967237762","3","3","0","0","sr"
"open_vins_stereo","grandtour","grand_tour__group3","2024-11-11-12-07-40","0","0.0","3","0","3","0","sr"
"open_vins_stereo","grandtour","grand_tour__group3","2024-11-11-12-42-47","67.7368297792337","67.7368297792337","3","3","0","0","sr"
"open_vins_stereo","grandtour","grand_tour__group3","2024-11-11-14-29-44","99.66615443143475","99.66615443143475","3","3","0","0","sr"
"orb_slam3_mono","grandtour","grand_tour__group3","2024-11-04-13-07-13","94.11696294190665","94.11696294190665","3","3","0","0","sr"
"orb_slam3_mono","grandtour","grand_tour__group3","2024-11-04-16-05-00","66.02428482455609","66.02428482455609","3","3","0","0","sr"
"orb_slam3_mono","grandtour","grand_tour__group3","2024-11-11-12-07-40","10.079982377378574","10.079982377378574","3","3","0","0","sr"
"orb_slam3_mono","grandtour","grand_tour__group3","2024-11-11-12-42-47","26.358307718819002","26.358307718819002","3","3","0","0","sr"
"orb_slam3_mono","grandtour","grand_tour__group3","2024-11-11-14-29-44","41.469184110809415","41.469184110809415","3","3","0","0","sr"
"orb_slam3_stereo","grandtour","grand_tour__group3","2024-11-04-13-07-13","94.50309080696074","94.50309080696074","3","3","0","0","sr"
"orb_slam3_stereo","grandtour","grand_tour__group3","2024-11-04-16-05-00","39.53603593040116","39.53603593040116","3","3","0","0","sr"
"orb_slam3_stereo","grandtour","grand_tour__group3","2024-11-11-12-07-40","14.523865342914371","14.523865342914371","3","3","0","0","sr"
"orb_slam3_stereo","grandtour","grand_tour__group3","2024-11-11-12-42-47","1.7404111167267236","1.7404111167267236","3","3","0","0","sr"
"orb_slam3_stereo","grandtour","grand_tour__group3","2024-11-11-14-29-44","25.18169184437701","25.18169184437701","3","3","0","0","sr"
"rovio","grandtour","grand_tour__group3","2024-11-04-13-07-13","99.99989281897474","99.99989281897474","3","3","0","0","sr"
"rovio","grandtour","grand_tour__group3","2024-11-04-16-05-00","93.94337541036316","93.94337541036316","3","3","0","0","sr"
"rovio","grandtour","grand_tour__group3","2024-11-11-12-07-40","24.10953640409289","24.10953640409289","3","3","0","0","sr"
"rovio","grandtour","grand_tour__group3","2024-11-11-12-42-47","33.51786887586253","33.51786887586253","3","3","0","0","sr"
"rovio","grandtour","grand_tour__group3","2024-11-11-14-29-44","99.80038078364133","99.80038078364133","3","3","0","0","sr"
"sqrtvins_mono","grandtour","grand_tour__group3","2024-11-04-13-07-13","99.90414856804618","99.90414856804618","3","3","0","0","sr"
"sqrtvins_mono","grandtour","grand_tour__group3","2024-11-04-16-05-00","99.9567758892138","99.9567758892138","3","3","0","0","sr"
"sqrtvins_mono","grandtour","grand_tour__group3","2024-11-11-12-07-40","70.11615233572644","70.11615233572644","3","3","0","0","sr"
"sqrtvins_mono","grandtour","grand_tour__group3","2024-11-11-12-42-47","99.2505989013719","99.2505989013719","3","3","0","0","sr"
"sqrtvins_mono","grandtour","grand_tour__group3","2024-11-11-14-29-44","99.71204933993603","99.71204933993603","3","3","0","0","sr"
"sqrtvins_stereo","grandtour","grand_tour__group3","2024-11-04-13-07-13","99.8859801577584","99.8859801577584","3","3","0","0","sr"
"sqrtvins_stereo","grandtour","grand_tour__group3","2024-11-04-16-05-00","99.9567758892138","99.9567758892138","3","3","0","0","sr"
"sqrtvins_stereo","grandtour","grand_tour__group3","2024-11-11-12-07-40","69.47177602415101","69.47177602415101","3","3","0","0","sr"
"sqrtvins_stereo","grandtour","grand_tour__group3","2024-11-11-12-42-47","99.16021647332207","99.16021647332207","3","3","0","0","sr"
"sqrtvins_stereo","grandtour","grand_tour__group3","2024-11-11-14-29-44","99.71204933993603","99.71204933993603","3","3","0","0","sr"
"svo_mono","grandtour","grand_tour__group3","2024-11-04-13-07-13","98.8605769815096","98.8605769815096","3","3","0","0","sr"
"svo_mono","grandtour","grand_tour__group3","2024-11-04-16-05-00","98.53436627139813","98.53436627139813","3","3","0","0","sr"
"svo_mono","grandtour","grand_tour__group3","2024-11-11-12-07-40","78.30821753522402","78.30821753522402","3","3","0","0","sr"
"svo_mono","grandtour","grand_tour__group3","2024-11-11-12-42-47","0.029343969239608705","0.029343969239608705","3","3","0","0","sr"
"svo_mono","grandtour","grand_tour__group3","2024-11-11-14-29-44","98.41868618301841","98.41868618301841","3","3","0","0","sr"
"svo_stereo","grandtour","grand_tour__group3","2024-11-04-13-07-13","94.92027324701759","94.92027324701759","3","3","0","0","sr"
"svo_stereo","grandtour","grand_tour__group3","2024-11-04-16-05-00","98.4547336884837","98.4547336884837","3","3","0","0","sr"
"svo_stereo","grandtour","grand_tour__group3","2024-11-11-12-07-40","80.8926139888837","80.8926139888837","3","3","0","0","sr"
"svo_stereo","grandtour","grand_tour__group3","2024-11-11-12-42-47","76.30153130547194","76.30153130547194","3","3","0","0","sr"
"svo_stereo","grandtour","grand_tour__group3","2024-11-11-14-29-44","99.25766045238153","99.25766045238153","3","3","0","0","sr"
"vins-fusion_monoimu","grandtour","grand_tour__group3","2024-11-04-13-07-13","97.82310611725433","97.82310611725433","3","3","0","0","sr"
"vins-fusion_monoimu","grandtour","grand_tour__group3","2024-11-04-16-05-00","98.70108672368796","98.70108672368796","3","3","0","0","sr"
"vins-fusion_monoimu","grandtour","grand_tour__group3","2024-11-11-12-07-40","31.03540415468908","31.03540415468908","3","3","0","0","sr"
"vins-fusion_monoimu","grandtour","grand_tour__group3","2024-11-11-12-42-47","3.0436583621931383","3.0436583621931383","3","3","0","0","sr"
"vins-fusion_monoimu","grandtour","grand_tour__group3","2024-11-11-14-29-44","97.6618467877156","97.6618467877156","3","3","0","0","sr"
"vins-fusion_stereoimu","grandtour","grand_tour__group3","2024-11-04-13-07-13","97.74910937503107","97.74910937503107","3","3","0","0","sr"
"vins-fusion_stereoimu","grandtour","grand_tour__group3","2024-11-04-16-05-00","98.78272974735864","98.78272974735864","3","3","0","0","sr"
"vins-fusion_stereoimu","grandtour","grand_tour__group3","2024-11-11-12-07-40","52.42381835529596","52.42381835529596","3","3","0","0","sr"
"vins-fusion_stereoimu","grandtour","grand_tour__group3","2024-11-11-12-42-47","97.29187872546943","97.29187872546943","3","3","0","0","sr"
"vins-fusion_stereoimu","grandtour","grand_tour__group3","2024-11-11-14-29-44","97.89630952917109","97.89630952917109","3","3","0","0","sr"
"airslam","grandtour","grand_tour__group4","2024-11-14-11-17-02","97.07977254310958","97.07977254310958","3","3","0","0","sr"
"airslam","grandtour","grand_tour__group4","2024-11-14-12-01-26","95.07910988101266","95.07910988101266","3","3","0","0","sr"
"airslam","grandtour","grand_tour__group4","2024-11-14-14-36-02","93.31627420081162","93.31627420081162","3","3","0","0","sr"
"airslam","grandtour","grand_tour__group4","2024-11-14-15-22-43","96.01875773884099","96.01875773884099","3","3","0","0","sr"
"airslam","grandtour","grand_tour__group4","2024-11-14-16-04-09","98.45445813967466","98.45445813967466","3","3","0","0","sr"
"basalt_stereo","grandtour","grand_tour__group4","2024-11-14-11-17-02","99.82876018133182","99.82876018133182","3","3","0","0","sr"
"basalt_stereo","grandtour","grand_tour__group4","2024-11-14-12-01-26","99.13607947435327","99.13607947435327","3","3","0","0","sr"
"basalt_stereo","grandtour","grand_tour__group4","2024-11-14-14-36-02","99.71668216286322","99.71668216286322","3","3","0","0","sr"
"basalt_stereo","grandtour","grand_tour__group4","2024-11-14-15-22-43","99.61756862214183","99.61756862214183","3","3","0","0","sr"
"basalt_stereo","grandtour","grand_tour__group4","2024-11-14-16-04-09","99.9166003272647","99.9166003272647","3","3","0","0","sr"
"dm_vio","grandtour","grand_tour__group4","2024-11-14-11-17-02","91.33187476919831","91.33187476919831","3","3","0","0","sr"
"dm_vio","grandtour","grand_tour__group4","2024-11-14-12-01-26","74.50561964092996","74.50561964092996","3","3","0","0","sr"
"dm_vio","grandtour","grand_tour__group4","2024-11-14-14-36-02","8.629451978128587","8.629451978128587","3","3","0","0","sr"
"dm_vio","grandtour","grand_tour__group4","2024-11-14-15-22-43","84.66132975075102","84.66132975075102","3","3","0","0","sr"
"dm_vio","grandtour","grand_tour__group4","2024-11-14-16-04-09","43.258619434467924","43.258619434467924","3","3","0","0","sr"
"kimera_vio_mono","grandtour","grand_tour__group4","2024-11-14-11-17-02","97.53037487768454","97.53037487768454","3","3","0","0","sr"
"kimera_vio_mono","grandtour","grand_tour__group4","2024-11-14-12-01-26","4.346028547925215","4.346028547925215","3","3","0","0","sr"
"kimera_vio_mono","grandtour","grand_tour__group4","2024-11-14-14-36-02","94.03127503897493","94.03127503897493","3","3","0","0","sr"
"kimera_vio_mono","grandtour","grand_tour__group4","2024-11-14-15-22-43","96.401569239951","96.401569239951","3","3","0","0","sr"
"kimera_vio_mono","grandtour","grand_tour__group4","2024-11-14-16-04-09","52.60148086765866","52.60148086765866","3","3","0","0","sr"
"kimera_vio_stereo","grandtour","grand_tour__group4","2024-11-14-11-17-02","97.66332688450365","97.66332688450365","3","3","0","0","sr"
"kimera_vio_stereo","grandtour","grand_tour__group4","2024-11-14-12-01-26","96.26269619595253","96.26269619595253","3","3","0","0","sr"
"kimera_vio_stereo","grandtour","grand_tour__group4","2024-11-14-14-36-02","94.30318727211473","94.30318727211473","3","3","0","0","sr"
"kimera_vio_stereo","grandtour","grand_tour__group4","2024-11-14-15-22-43","96.63683479937487","96.63683479937487","3","3","0","0","sr"
"kimera_vio_stereo","grandtour","grand_tour__group4","2024-11-14-16-04-09","53.512259842112144","53.512259842112144","3","3","0","0","sr"
"okvis2x_mono","grandtour","grand_tour__group4","2024-11-14-11-17-02","99.46343450740325","99.46343450740325","3","3","0","0","sr"
"okvis2x_mono","grandtour","grand_tour__group4","2024-11-14-12-01-26","97.93912962354949","97.93912962354949","3","3","0","0","sr"
"okvis2x_mono","grandtour","grand_tour__group4","2024-11-14-14-36-02","99.39819338101624","99.39819338101624","3","3","0","0","sr"
"okvis2x_mono","grandtour","grand_tour__group4","2024-11-14-15-22-43","97.14517159529089","97.14517159529089","3","3","0","0","sr"
"okvis2x_mono","grandtour","grand_tour__group4","2024-11-14-16-04-09","99.3092180658151","99.3092180658151","3","3","0","0","sr"
"okvis2x_stereo","grandtour","grand_tour__group4","2024-11-14-11-17-02","99.94016698737755","99.94016698737755","3","3","0","0","sr"
"okvis2x_stereo","grandtour","grand_tour__group4","2024-11-14-12-01-26","99.9970989574736","99.9970989574736","3","3","0","0","sr"
"okvis2x_stereo","grandtour","grand_tour__group4","2024-11-14-14-36-02","99.99230932879998","99.99230932879998","3","3","0","0","sr"
"okvis2x_stereo","grandtour","grand_tour__group4","2024-11-14-15-22-43","99.61755326743376","99.61755326743376","3","3","0","0","sr"
"okvis2x_stereo","grandtour","grand_tour__group4","2024-11-14-16-04-09","99.99495978307884","99.99495978307884","3","3","0","0","sr"
"open_vins_mono","grandtour","grand_tour__group4","2024-11-14-11-17-02","99.89281341649075","99.89281341649075","3","3","0","0","sr"
"open_vins_mono","grandtour","grand_tour__group4","2024-11-14-12-01-26","99.74842534107489","99.74842534107489","3","3","0","0","sr"
"open_vins_mono","grandtour","grand_tour__group4","2024-11-14-14-36-02","99.89588782311593","99.89588782311593","3","3","0","0","sr"
"open_vins_mono","grandtour","grand_tour__group4","2024-11-14-15-22-43","99.54366212961115","99.54366212961115","3","3","0","0","sr"
"open_vins_mono","grandtour","grand_tour__group4","2024-11-14-16-04-09","99.89969351201307","99.89969351201307","3","3","0","0","sr"
"open_vins_stereo","grandtour","grand_tour__group4","2024-11-14-11-17-02","99.92627173155051","99.92627173155051","3","3","0","0","sr"
"open_vins_stereo","grandtour","grand_tour__group4","2024-11-14-12-01-26","99.46893474046617","99.46893474046617","3","3","0","0","sr"
"open_vins_stereo","grandtour","grand_tour__group4","2024-11-14-14-36-02","99.89117058505083","99.89117058505083","3","3","0","0","sr"
"open_vins_stereo","grandtour","grand_tour__group4","2024-11-14-15-22-43","99.54117140486953","99.54117140486953","3","3","0","0","sr"
"open_vins_stereo","grandtour","grand_tour__group4","2024-11-14-16-04-09","99.90972140873737","99.90972140873737","3","3","0","0","sr"
"orb_slam3_mono","grandtour","grand_tour__group4","2024-11-14-11-17-02","95.59270670126598","95.59270670126598","3","3","0","0","sr"
"orb_slam3_mono","grandtour","grand_tour__group4","2024-11-14-12-01-26","35.77997221154465","35.77997221154465","3","3","0","0","sr"
"orb_slam3_mono","grandtour","grand_tour__group4","2024-11-14-14-36-02","48.968994334520566","48.968994334520566","3","3","0","0","sr"
"orb_slam3_mono","grandtour","grand_tour__group4","2024-11-14-15-22-43","72.63417427807173","72.63417427807173","3","3","0","0","sr"
"orb_slam3_mono","grandtour","grand_tour__group4","2024-11-14-16-04-09","98.52767978791853","98.52767978791853","3","3","0","0","sr"
"orb_slam3_stereo","grandtour","grand_tour__group4","2024-11-14-11-17-02","63.19920238188444","63.19920238188444","3","3","0","0","sr"
"orb_slam3_stereo","grandtour","grand_tour__group4","2024-11-14-12-01-26","55.26735265881979","55.26735265881979","3","3","0","0","sr"
"orb_slam3_stereo","grandtour","grand_tour__group4","2024-11-14-14-36-02","6.858317022347976","6.858317022347976","3","3","0","0","sr"
"orb_slam3_stereo","grandtour","grand_tour__group4","2024-11-14-15-22-43","16.424689149187625","16.424689149187625","3","3","0","0","sr"
"orb_slam3_stereo","grandtour","grand_tour__group4","2024-11-14-16-04-09","36.2140101335393","36.2140101335393","3","3","0","0","sr"
"rovio","grandtour","grand_tour__group4","2024-11-14-11-17-02","99.77961282981168","99.77961282981168","3","3","0","0","sr"
"rovio","grandtour","grand_tour__group4","2024-11-14-12-01-26","99.2874409540409","99.2874409540409","3","3","0","0","sr"
"rovio","grandtour","grand_tour__group4","2024-11-14-14-36-02","99.28654202756816","99.28654202756816","3","3","0","0","sr"
"rovio","grandtour","grand_tour__group4","2024-11-14-15-22-43","99.4399238681009","99.4399238681009","3","3","0","0","sr"
"rovio","grandtour","grand_tour__group4","2024-11-14-16-04-09","99.55203346033464","99.55203346033464","3","3","0","0","sr"
"sqrtvins_mono","grandtour","grand_tour__group4","2024-11-14-11-17-02","99.97599593594465","99.97599593594465","3","3","0","0","sr"
"sqrtvins_mono","grandtour","grand_tour__group4","2024-11-14-12-01-26","99.90933535443496","99.90933535443496","3","3","0","0","sr"
"sqrtvins_mono","grandtour","grand_tour__group4","2024-11-14-14-36-02","99.94964187025751","99.94964187025751","3","3","0","0","sr"
"sqrtvins_mono","grandtour","grand_tour__group4","2024-11-14-15-22-43","99.52308683251896","99.52308683251896","3","3","0","0","sr"
"sqrtvins_mono","grandtour","grand_tour__group4","2024-11-14-16-04-09","99.96783058351495","99.96783058351495","3","3","0","0","sr"
"sqrtvins_stereo","grandtour","grand_tour__group4","2024-11-14-11-17-02","99.97599593594465","99.97599593594465","3","3","0","0","sr"
"sqrtvins_stereo","grandtour","grand_tour__group4","2024-11-14-12-01-26","99.77661574535021","99.77661574535021","3","3","0","0","sr"
"sqrtvins_stereo","grandtour","grand_tour__group4","2024-11-14-14-36-02","99.94964187025751","99.94964187025751","3","3","0","0","sr"
"sqrtvins_stereo","grandtour","grand_tour__group4","2024-11-14-15-22-43","99.54808050896308","99.54808050896308","3","3","0","0","sr"
"sqrtvins_stereo","grandtour","grand_tour__group4","2024-11-14-16-04-09","99.89455133588616","99.89455133588616","3","3","0","0","sr"
"svo_mono","grandtour","grand_tour__group4","2024-11-14-11-17-02","98.84636615937876","98.84636615937876","3","3","0","0","sr"
"svo_mono","grandtour","grand_tour__group4","2024-11-14-12-01-26","66.10783795332296","66.10783795332296","3","3","0","0","sr"
"svo_mono","grandtour","grand_tour__group4","2024-11-14-14-36-02","99.36191100937377","99.36191100937377","3","3","0","0","sr"
"svo_mono","grandtour","grand_tour__group4","2024-11-14-15-22-43","96.80300641344913","96.80300641344913","3","3","0","0","sr"
"svo_mono","grandtour","grand_tour__group4","2024-11-14-16-04-09","98.69274261553396","98.69274261553396","3","3","0","0","sr"
"svo_stereo","grandtour","grand_tour__group4","2024-11-14-11-17-02","99.12845431011215","99.12845431011215","3","3","0","0","sr"
"svo_stereo","grandtour","grand_tour__group4","2024-11-14-12-01-26","99.59949687322292","99.59949687322292","3","3","0","0","sr"
"svo_stereo","grandtour","grand_tour__group4","2024-11-14-14-36-02","97.13254337979863","97.13254337979863","3","3","0","0","sr"
"svo_stereo","grandtour","grand_tour__group4","2024-11-14-15-22-43","98.58595824206556","98.58595824206556","3","3","0","0","sr"
"svo_stereo","grandtour","grand_tour__group4","2024-11-14-16-04-09","95.63988405795975","95.63988405795975","3","3","0","0","sr"
"vins-fusion_monoimu","grandtour","grand_tour__group4","2024-11-14-11-17-02","98.34383280586364","98.34383280586364","3","3","0","0","sr"
"vins-fusion_monoimu","grandtour","grand_tour__group4","2024-11-14-12-01-26","97.25533215013301","97.25533215013301","3","3","0","0","sr"
"vins-fusion_monoimu","grandtour","grand_tour__group4","2024-11-14-14-36-02","96.62520064871937","96.62520064871937","3","3","0","0","sr"
"vins-fusion_monoimu","grandtour","grand_tour__group4","2024-11-14-15-22-43","97.82568246520846","97.82568246520846","3","3","0","0","sr"
"vins-fusion_monoimu","grandtour","grand_tour__group4","2024-11-14-16-04-09","98.92446411614168","98.92446411614168","3","3","0","0","sr"
"vins-fusion_stereoimu","grandtour","grand_tour__group4","2024-11-14-11-17-02","98.35982870011354","98.35982870011354","3","3","0","0","sr"
"vins-fusion_stereoimu","grandtour","grand_tour__group4","2024-11-14-12-01-26","97.62720459609692","97.62720459609692","3","3","0","0","sr"
"vins-fusion_stereoimu","grandtour","grand_tour__group4","2024-11-14-14-36-02","96.64114336096624","96.64114336096624","3","3","0","0","sr"
"vins-fusion_stereoimu","grandtour","grand_tour__group4","2024-11-14-15-22-43","97.89054140674371","97.89054140674371","3","3","0","0","sr"
"vins-fusion_stereoimu","grandtour","grand_tour__group4","2024-11-14-16-04-09","99.12302759973727","99.12302759973727","3","3","0","0","sr"
"airslam","grandtour","grand_tour__group5","2024-11-15-10-16-35","96.90666221574888","96.90666221574888","3","3","0","0","sr"
"airslam","grandtour","grand_tour__group5","2024-11-15-11-18-14","89.66391009763966","89.66391009763966","3","3","0","0","sr"
"airslam","grandtour","grand_tour__group5","2024-11-15-11-37-15","90.55135869750927","90.55135869750927","3","3","0","0","sr"
"airslam","grandtour","grand_tour__group5","2024-11-15-12-06-03","91.39408144314541","91.39408144314541","3","3","0","0","sr"
"airslam","grandtour","grand_tour__group5","2024-11-15-14-14-12","78.8829081081385","78.8829081081385","3","3","0","0","sr"
"basalt_stereo","grandtour","grand_tour__group5","2024-11-15-10-16-35","98.9518399463639","98.9518399463639","3","3","0","0","sr"
"basalt_stereo","grandtour","grand_tour__group5","2024-11-15-11-18-14","99.01749732714035","99.01749732714035","3","3","0","0","sr"
"basalt_stereo","grandtour","grand_tour__group5","2024-11-15-11-37-15","98.53946593189592","98.53946593189592","3","3","0","0","sr"
"basalt_stereo","grandtour","grand_tour__group5","2024-11-15-12-06-03","99.86082755303659","99.86082755303659","3","3","0","0","sr"
"basalt_stereo","grandtour","grand_tour__group5","2024-11-15-14-14-12","94.94663863349912","94.94663863349912","3","3","0","0","sr"
"dm_vio","grandtour","grand_tour__group5","2024-11-15-10-16-35","49.31676301674084","49.31676301674084","3","3","0","0","sr"
"dm_vio","grandtour","grand_tour__group5","2024-11-15-11-18-14","87.51077026363754","87.51077026363754","3","3","0","0","sr"
"dm_vio","grandtour","grand_tour__group5","2024-11-15-11-37-15","57.38960665901746","57.38960665901746","3","3","0","0","sr"
"dm_vio","grandtour","grand_tour__group5","2024-11-15-12-06-03","99.00867453775065","99.00867453775065","3","3","0","0","sr"
"dm_vio","grandtour","grand_tour__group5","2024-11-15-14-14-12","0.824469483555332","0.824469483555332","3","3","0","0","sr"
"kimera_vio_mono","grandtour","grand_tour__group5","2024-11-15-10-16-35","97.29059566333531","97.29059566333531","3","3","0","0","sr"
"kimera_vio_mono","grandtour","grand_tour__group5","2024-11-15-11-18-14","92.4337676141568","92.4337676141568","3","3","0","0","sr"
"kimera_vio_mono","grandtour","grand_tour__group5","2024-11-15-11-37-15","92.08608772846367","92.08608772846367","3","3","0","0","sr"
"kimera_vio_mono","grandtour","grand_tour__group5","2024-11-15-12-06-03","93.25740370271366","93.25740370271366","3","3","0","0","sr"
"kimera_vio_mono","grandtour","grand_tour__group5","2024-11-15-14-14-12","90.1193370584545","90.1193370584545","3","3","0","0","sr"
"kimera_vio_stereo","grandtour","grand_tour__group5","2024-11-15-10-16-35","33.69302353394267","33.69302353394267","3","3","0","0","sr"
"kimera_vio_stereo","grandtour","grand_tour__group5","2024-11-15-11-18-14","90.73983510470721","90.73983510470721","3","3","0","0","sr"
"kimera_vio_stereo","grandtour","grand_tour__group5","2024-11-15-11-37-15","20.296275007587724","20.296275007587724","3","3","0","0","sr"
"kimera_vio_stereo","grandtour","grand_tour__group5","2024-11-15-12-06-03","93.48079091092491","93.48079091092491","3","3","0","0","sr"
"kimera_vio_stereo","grandtour","grand_tour__group5","2024-11-15-14-14-12","72.13577430958004","72.13577430958004","3","3","0","0","sr"
"okvis2x_mono","grandtour","grand_tour__group5","2024-11-15-10-16-35","98.62136060169782","98.62136060169782","3","3","0","0","sr"
"okvis2x_mono","grandtour","grand_tour__group5","2024-11-15-11-18-14","97.40429354150471","97.40429354150471","3","3","0","0","sr"
"okvis2x_mono","grandtour","grand_tour__group5","2024-11-15-11-37-15","71.96764199065409","71.96764199065409","3","3","0","0","sr"
"okvis2x_mono","grandtour","grand_tour__group5","2024-11-15-12-06-03","95.1310709832315","95.1310709832315","3","3","0","0","sr"
"okvis2x_mono","grandtour","grand_tour__group5","2024-11-15-14-14-12","94.33822576922279","94.33822576922279","3","3","0","0","sr"
"okvis2x_stereo","grandtour","grand_tour__group5","2024-11-15-10-16-35","99.9942482119622","99.9942482119622","3","3","0","0","sr"
"okvis2x_stereo","grandtour","grand_tour__group5","2024-11-15-11-18-14","99.01654029045478","99.01654029045478","3","3","0","0","sr"
"okvis2x_stereo","grandtour","grand_tour__group5","2024-11-15-11-37-15","99.8203867325848","99.8203867325848","3","3","0","0","sr"
"okvis2x_stereo","grandtour","grand_tour__group5","2024-11-15-12-06-03","99.85250029412565","99.85250029412565","3","3","0","0","sr"
"okvis2x_stereo","grandtour","grand_tour__group5","2024-11-15-14-14-12","95.70073028212612","95.70073028212612","3","3","0","0","sr"
"open_vins_mono","grandtour","grand_tour__group5","2024-11-15-10-16-35","99.869043446421","99.869043446421","3","3","0","0","sr"
"open_vins_mono","grandtour","grand_tour__group5","2024-11-15-11-18-14","98.86107977186255","98.86107977186255","3","3","0","0","sr"
"open_vins_mono","grandtour","grand_tour__group5","2024-11-15-11-37-15","99.77706893033628","99.77706893033628","3","3","0","0","sr"
"open_vins_mono","grandtour","grand_tour__group5","2024-11-15-12-06-03","99.5871133007746","99.5871133007746","3","3","0","0","sr"
"open_vins_mono","grandtour","grand_tour__group5","2024-11-15-14-14-12","95.52678734230362","95.52678734230362","3","3","0","0","sr"
"open_vins_stereo","grandtour","grand_tour__group5","2024-11-15-10-16-35","99.85677418740886","99.85677418740886","3","3","0","0","sr"
"open_vins_stereo","grandtour","grand_tour__group5","2024-11-15-11-18-14","98.86070992358187","98.86070992358187","3","3","0","0","sr"
"open_vins_stereo","grandtour","grand_tour__group5","2024-11-15-11-37-15","99.68091387066029","99.68091387066029","3","3","0","0","sr"
"open_vins_stereo","grandtour","grand_tour__group5","2024-11-15-12-06-03","99.59888306146378","99.59888306146378","3","3","0","0","sr"
"open_vins_stereo","grandtour","grand_tour__group5","2024-11-15-14-14-12","95.56888128032817","95.56888128032817","3","3","0","0","sr"
"orb_slam3_mono","grandtour","grand_tour__group5","2024-11-15-10-16-35","69.10401944138137","69.10401944138137","3","3","0","0","sr"
"orb_slam3_mono","grandtour","grand_tour__group5","2024-11-15-11-18-14","67.65134740659113","67.65134740659113","3","3","0","0","sr"
"orb_slam3_mono","grandtour","grand_tour__group5","2024-11-15-11-37-15","48.262622501404714","48.262622501404714","3","3","0","0","sr"
"orb_slam3_mono","grandtour","grand_tour__group5","2024-11-15-12-06-03","70.01491673629934","70.01491673629934","3","3","0","0","sr"
"orb_slam3_mono","grandtour","grand_tour__group5","2024-11-15-14-14-12","27.224964588583745","27.224964588583745","3","3","0","0","sr"
"orb_slam3_stereo","grandtour","grand_tour__group5","2024-11-15-10-16-35","35.71027689399738","35.71027689399738","3","3","0","0","sr"
"orb_slam3_stereo","grandtour","grand_tour__group5","2024-11-15-11-18-14","35.95131789157498","35.95131789157498","3","3","0","0","sr"
"orb_slam3_stereo","grandtour","grand_tour__group5","2024-11-15-11-37-15","37.97762099065536","37.97762099065536","3","3","0","0","sr"
"orb_slam3_stereo","grandtour","grand_tour__group5","2024-11-15-12-06-03","71.50336473454502","71.50336473454502","3","3","0","0","sr"
"orb_slam3_stereo","grandtour","grand_tour__group5","2024-11-15-14-14-12","21.0485647525793","21.0485647525793","3","3","0","0","sr"
"rovio","grandtour","grand_tour__group5","2024-11-15-10-16-35","99.44564935234835","99.44564935234835","3","3","0","0","sr"
"rovio","grandtour","grand_tour__group5","2024-11-15-11-18-14","90.00743118764298","90.00743118764298","3","3","0","0","sr"
"rovio","grandtour","grand_tour__group5","2024-11-15-11-37-15","98.77458461105188","98.77458461105188","3","3","0","0","sr"
"rovio","grandtour","grand_tour__group5","2024-11-15-12-06-03","99.86080365404639","99.86080365404639","3","3","0","0","sr"
"rovio","grandtour","grand_tour__group5","2024-11-15-14-14-12","16.411901267182742","16.411901267182742","3","3","0","0","sr"
"sqrtvins_mono","grandtour","grand_tour__group5","2024-11-15-10-16-35","99.96533531038916","99.96533531038916","3","3","0","0","sr"
"sqrtvins_mono","grandtour","grand_tour__group5","2024-11-15-11-18-14","98.8799822059916","98.8799822059916","3","3","0","0","sr"
"sqrtvins_mono","grandtour","grand_tour__group5","2024-11-15-11-37-15","99.6885111020808","99.6885111020808","3","3","0","0","sr"
"sqrtvins_mono","grandtour","grand_tour__group5","2024-11-15-12-06-03","99.6966580411426","99.6966580411426","3","3","0","0","sr"
"sqrtvins_mono","grandtour","grand_tour__group5","2024-11-15-14-14-12","95.64338397043976","95.64338397043976","3","3","0","0","sr"
"sqrtvins_stereo","grandtour","grand_tour__group5","2024-11-15-10-16-35","99.95004748434737","99.95004748434737","3","3","0","0","sr"
"sqrtvins_stereo","grandtour","grand_tour__group5","2024-11-15-11-18-14","98.91984420627843","98.91984420627843","3","3","0","0","sr"
"sqrtvins_stereo","grandtour","grand_tour__group5","2024-11-15-11-37-15","99.6885111020808","99.6885111020808","3","3","0","0","sr"
"sqrtvins_stereo","grandtour","grand_tour__group5","2024-11-15-12-06-03","99.6966580411426","99.6966580411426","3","3","0","0","sr"
"sqrtvins_stereo","grandtour","grand_tour__group5","2024-11-15-14-14-12","95.4299178059348","95.4299178059348","3","3","0","0","sr"
"svo_mono","grandtour","grand_tour__group5","2024-11-15-10-16-35","99.51673798227263","99.51673798227263","3","3","0","0","sr"
"svo_mono","grandtour","grand_tour__group5","2024-11-15-11-18-14","65.67140595110575","65.67140595110575","3","3","0","0","sr"
"svo_mono","grandtour","grand_tour__group5","2024-11-15-11-37-15","99.25443709361586","99.25443709361586","3","3","0","0","sr"
"svo_mono","grandtour","grand_tour__group5","2024-11-15-12-06-03","95.77772296884909","95.77772296884909","3","3","0","0","sr"
"svo_mono","grandtour","grand_tour__group5","2024-11-15-14-14-12","94.79588888442542","94.79588888442542","3","3","0","0","sr"
"svo_stereo","grandtour","grand_tour__group5","2024-11-15-10-16-35","97.47329529466741","97.47329529466741","3","3","0","0","sr"
"svo_stereo","grandtour","grand_tour__group5","2024-11-15-11-18-14","99.01654029045478","99.01654029045478","3","3","0","0","sr"
"svo_stereo","grandtour","grand_tour__group5","2024-11-15-11-37-15","86.94642274992388","86.94642274992388","3","3","0","0","sr"
"svo_stereo","grandtour","grand_tour__group5","2024-11-15-12-06-03","98.95684824480104","98.95684824480104","3","3","0","0","sr"
"svo_stereo","grandtour","grand_tour__group5","2024-11-15-14-14-12","64.01823087596136","64.01823087596136","3","3","0","0","sr"
"vins-fusion_monoimu","grandtour","grand_tour__group5","2024-11-15-10-16-35","98.34075405035453","98.34075405035453","3","3","0","0","sr"
"vins-fusion_monoimu","grandtour","grand_tour__group5","2024-11-15-11-18-14","94.84038614862455","94.84038614862455","3","3","0","0","sr"
"vins-fusion_monoimu","grandtour","grand_tour__group5","2024-11-15-11-37-15","95.8629181975367","95.8629181975367","3","3","0","0","sr"
"vins-fusion_monoimu","grandtour","grand_tour__group5","2024-11-15-12-06-03","95.72097446977365","95.72097446977365","3","3","0","0","sr"
"vins-fusion_monoimu","grandtour","grand_tour__group5","2024-11-15-14-14-12","90.55694907568805","90.55694907568805","3","3","0","0","sr"
"vins-fusion_stereoimu","grandtour","grand_tour__group5","2024-11-15-10-16-35","98.42803824513813","98.42803824513813","3","3","0","0","sr"
"vins-fusion_stereoimu","grandtour","grand_tour__group5","2024-11-15-11-18-14","95.2237919343277","95.2237919343277","3","3","0","0","sr"
"vins-fusion_stereoimu","grandtour","grand_tour__group5","2024-11-15-11-37-15","90.24510635373895","90.24510635373895","3","3","0","0","sr"
"vins-fusion_stereoimu","grandtour","grand_tour__group5","2024-11-15-12-06-03","95.89230619129017","95.89230619129017","3","3","0","0","sr"
"vins-fusion_stereoimu","grandtour","grand_tour__group5","2024-11-15-14-14-12","91.3453568445583","91.3453568445583","3","3","0","0","sr"
"airslam","grandtour","grand_tour__group6","2024-11-15-14-43-52","91.0433577262536","91.0433577262536","3","3","0","0","sr"
"airslam","grandtour","grand_tour__group6","2024-11-15-16-41-14","95.22220130588975","95.22220130588975","3","3","0","0","sr"
"airslam","grandtour","grand_tour__group6","2024-11-18-12-05-01","24.39399751089594","24.39399751089594","3","3","0","0","sr"
"airslam","grandtour","grand_tour__group6","2024-11-18-15-46-05","15.263407787716382","15.263407787716382","3","3","0","0","sr"
"airslam","grandtour","grand_tour__group6","2024-11-18-16-59-23","2.5638630282198123","2.5638630282198123","3","3","0","0","sr"
"basalt_stereo","grandtour","grand_tour__group6","2024-11-15-14-43-52","99.02064892388825","99.02064892388825","3","3","0","0","sr"
"basalt_stereo","grandtour","grand_tour__group6","2024-11-15-16-41-14","0","0.0","3","0","3","0","sr"
"basalt_stereo","grandtour","grand_tour__group6","2024-11-18-12-05-01","0","0.0","3","0","3","0","sr"
"basalt_stereo","grandtour","grand_tour__group6","2024-11-18-15-46-05","0","0.0","3","0","3","0","sr"
"basalt_stereo","grandtour","grand_tour__group6","2024-11-18-16-59-23","0","0.0","3","0","3","0","sr"
"dm_vio","grandtour","grand_tour__group6","2024-11-15-14-43-52","94.37166336325932","94.37166336325932","3","3","0","0","sr"
"dm_vio","grandtour","grand_tour__group6","2024-11-15-16-41-14","56.040821708632855","56.040821708632855","3","3","0","0","sr"
"dm_vio","grandtour","grand_tour__group6","2024-11-18-12-05-01","21.631316210832974","21.631316210832974","3","3","0","0","sr"
"dm_vio","grandtour","grand_tour__group6","2024-11-18-15-46-05","8.691481220827432","8.691481220827432","3","3","0","0","sr"
"dm_vio","grandtour","grand_tour__group6","2024-11-18-16-59-23","6.62857055274855","6.62857055274855","3","3","0","0","sr"
"kimera_vio_mono","grandtour","grand_tour__group6","2024-11-15-14-43-52","92.30319475478626","92.30319475478626","3","3","0","0","sr"
"kimera_vio_mono","grandtour","grand_tour__group6","2024-11-15-16-41-14","58.80164199576971","58.80164199576971","3","3","0","0","sr"
"kimera_vio_mono","grandtour","grand_tour__group6","2024-11-18-12-05-01","18.25074041967773","18.25074041967773","3","3","0","0","sr"
"kimera_vio_mono","grandtour","grand_tour__group6","2024-11-18-15-46-05","93.28592629914563","93.28592629914563","3","3","0","0","sr"
"kimera_vio_mono","grandtour","grand_tour__group6","2024-11-18-16-59-23","0","0.0","3","3","0","0","sr"
"kimera_vio_stereo","grandtour","grand_tour__group6","2024-11-15-14-43-52","92.58912645696593","92.58912645696593","3","3","0","0","sr"
"kimera_vio_stereo","grandtour","grand_tour__group6","2024-11-15-16-41-14","18.5391089650458","18.5391089650458","3","3","0","0","sr"
"kimera_vio_stereo","grandtour","grand_tour__group6","2024-11-18-12-05-01","17.823395241387356","17.823395241387356","3","3","0","0","sr"
"kimera_vio_stereo","grandtour","grand_tour__group6","2024-11-18-15-46-05","0.8702322572335666","0.8702322572335666","3","3","0","0","sr"
"kimera_vio_stereo","grandtour","grand_tour__group6","2024-11-18-16-59-23","0","0.0","3","3","0","0","sr"
"okvis2x_mono","grandtour","grand_tour__group6","2024-11-15-14-43-52","98.5576752776587","98.5576752776587","3","3","0","0","sr"
"okvis2x_mono","grandtour","grand_tour__group6","2024-11-15-16-41-14","97.16324327441693","97.16324327441693","3","3","0","0","sr"
"okvis2x_mono","grandtour","grand_tour__group6","2024-11-18-12-05-01","97.01964141821946","97.01964141821946","3","3","0","0","sr"
"okvis2x_mono","grandtour","grand_tour__group6","2024-11-18-15-46-05","95.5474925436738","95.5474925436738","3","3","0","0","sr"
"okvis2x_mono","grandtour","grand_tour__group6","2024-11-18-16-59-23","19.76528363161168","19.76528363161168","3","3","0","0","sr"
"okvis2x_stereo","grandtour","grand_tour__group6","2024-11-15-14-43-52","99.79396933034627","99.79396933034627","3","3","0","0","sr"
"okvis2x_stereo","grandtour","grand_tour__group6","2024-11-15-16-41-14","98.93757334346293","98.93757334346293","3","3","0","0","sr"
"okvis2x_stereo","grandtour","grand_tour__group6","2024-11-18-12-05-01","99.99916307348106","99.99916307348106","3","3","0","0","sr"
"okvis2x_stereo","grandtour","grand_tour__group6","2024-11-18-15-46-05","99.99417392427056","99.99417392427056","3","3","0","0","sr"
"okvis2x_stereo","grandtour","grand_tour__group6","2024-11-18-16-59-23","99.79542760450619","99.79542760450619","3","3","0","0","sr"
"open_vins_mono","grandtour","grand_tour__group6","2024-11-15-14-43-52","99.6864794116223","99.6864794116223","3","3","0","0","sr"
"open_vins_mono","grandtour","grand_tour__group6","2024-11-15-16-41-14","25.074594473380444","25.074594473380444","3","3","0","0","sr"
"open_vins_mono","grandtour","grand_tour__group6","2024-11-18-12-05-01","39.46772287193279","39.46772287193279","3","3","0","0","sr"
"open_vins_mono","grandtour","grand_tour__group6","2024-11-18-15-46-05","99.83554966284906","99.83554966284906","3","3","0","0","sr"
"open_vins_mono","grandtour","grand_tour__group6","2024-11-18-16-59-23","99.64741043451026","99.64741043451026","3","3","0","0","sr"
"open_vins_stereo","grandtour","grand_tour__group6","2024-11-15-14-43-52","99.63385710670194","99.63385710670194","3","3","0","0","sr"
"open_vins_stereo","grandtour","grand_tour__group6","2024-11-15-16-41-14","25.967136583031586","25.967136583031586","3","3","0","0","sr"
"open_vins_stereo","grandtour","grand_tour__group6","2024-11-18-12-05-01","72.88960900030061","72.88960900030061","3","3","0","0","sr"
"open_vins_stereo","grandtour","grand_tour__group6","2024-11-18-15-46-05","99.87182889203613","99.87182889203613","3","3","0","0","sr"
"open_vins_stereo","grandtour","grand_tour__group6","2024-11-18-16-59-23","0.2864573505331257","0.2864573505331257","3","3","0","0","sr"
"orb_slam3_mono","grandtour","grand_tour__group6","2024-11-15-14-43-52","93.83721373051218","93.83721373051218","3","3","0","0","sr"
"orb_slam3_mono","grandtour","grand_tour__group6","2024-11-15-16-41-14","37.138500745471504","37.138500745471504","3","3","0","0","sr"
"orb_slam3_mono","grandtour","grand_tour__group6","2024-11-18-12-05-01","20.097637457142145","20.097637457142145","3","3","0","0","sr"
"orb_slam3_mono","grandtour","grand_tour__group6","2024-11-18-15-46-05","26.781785976206375","26.781785976206375","3","3","0","0","sr"
"orb_slam3_mono","grandtour","grand_tour__group6","2024-11-18-16-59-23","0","0.0","3","0","3","0","sr"
"orb_slam3_stereo","grandtour","grand_tour__group6","2024-11-15-14-43-52","67.90046136783452","67.90046136783452","3","3","0","0","sr"
"orb_slam3_stereo","grandtour","grand_tour__group6","2024-11-15-16-41-14","48.53476728526248","48.53476728526248","3","3","0","0","sr"
"orb_slam3_stereo","grandtour","grand_tour__group6","2024-11-18-12-05-01","8.485282500212119","8.485282500212119","3","3","0","0","sr"
"orb_slam3_stereo","grandtour","grand_tour__group6","2024-11-18-15-46-05","25.73518371234891","25.73518371234891","3","3","0","0","sr"
"orb_slam3_stereo","grandtour","grand_tour__group6","2024-11-18-16-59-23","8.112803204356416","8.112803204356416","3","3","0","0","sr"
"rovio","grandtour","grand_tour__group6","2024-11-15-14-43-52","99.18971878596817","99.18971878596817","3","3","0","0","sr"
"rovio","grandtour","grand_tour__group6","2024-11-15-16-41-14","98.12176875355642","98.12176875355642","3","3","0","0","sr"
"rovio","grandtour","grand_tour__group6","2024-11-18-12-05-01","96.49019558963961","96.49019558963961","3","3","0","0","sr"
"rovio","grandtour","grand_tour__group6","2024-11-18-15-46-05","98.72983016981141","98.72983016981141","3","3","0","0","sr"
"rovio","grandtour","grand_tour__group6","2024-11-18-16-59-23","99.47642649627745","99.47642649627745","3","3","0","0","sr"
"sqrtvins_mono","grandtour","grand_tour__group6","2024-11-15-14-43-52","99.72599978858544","99.72599978858544","3","3","0","0","sr"
"sqrtvins_mono","grandtour","grand_tour__group6","2024-11-15-16-41-14","95.82857486470932","95.82857486470932","3","3","0","0","sr"
"sqrtvins_mono","grandtour","grand_tour__group6","2024-11-18-12-05-01","98.50582143918261","98.50582143918261","3","3","0","0","sr"
"sqrtvins_mono","grandtour","grand_tour__group6","2024-11-18-15-46-05","99.91302513083679","99.91302513083679","3","3","0","0","sr"
"sqrtvins_mono","grandtour","grand_tour__group6","2024-11-18-16-59-23","99.76637316642744","99.76637316642744","3","3","0","0","sr"
"sqrtvins_stereo","grandtour","grand_tour__group6","2024-11-15-14-43-52","99.76768049538522","99.76768049538522","3","3","0","0","sr"
"sqrtvins_stereo","grandtour","grand_tour__group6","2024-11-15-16-41-14","96.15261370448263","96.15261370448263","3","3","0","0","sr"
"sqrtvins_stereo","grandtour","grand_tour__group6","2024-11-18-12-05-01","99.71499215598068","99.71499215598068","3","3","0","0","sr"
"sqrtvins_stereo","grandtour","grand_tour__group6","2024-11-18-15-46-05","99.91302513083679","99.91302513083679","3","3","0","0","sr"
"sqrtvins_stereo","grandtour","grand_tour__group6","2024-11-18-16-59-23","99.76510095876772","99.76510095876772","3","3","0","0","sr"
"svo_mono","grandtour","grand_tour__group6","2024-11-15-14-43-52","99.2554283411727","99.2554283411727","3","3","0","0","sr"
"svo_mono","grandtour","grand_tour__group6","2024-11-15-16-41-14","96.49834949327142","96.49834949327142","3","3","0","0","sr"
"svo_mono","grandtour","grand_tour__group6","2024-11-18-12-05-01","0","0.0","3","3","0","0","sr"
"svo_mono","grandtour","grand_tour__group6","2024-11-18-15-46-05","85.41076948184703","85.41076948184703","3","3","0","0","sr"
"svo_mono","grandtour","grand_tour__group6","2024-11-18-16-59-23","0.008850044729037873","0.008850044729037873","3","3","0","0","sr"
"svo_stereo","grandtour","grand_tour__group6","2024-11-15-14-43-52","99.67351513694501","99.67351513694501","3","3","0","0","sr"
"svo_stereo","grandtour","grand_tour__group6","2024-11-15-16-41-14","91.63324651784076","91.63324651784076","3","3","0","0","sr"
"svo_stereo","grandtour","grand_tour__group6","2024-11-18-12-05-01","90.0212208053074","90.0212208053074","3","3","0","0","sr"
"svo_stereo","grandtour","grand_tour__group6","2024-11-18-15-46-05","93.89383754904532","93.89383754904532","3","3","0","0","sr"
"svo_stereo","grandtour","grand_tour__group6","2024-11-18-16-59-23","93.51433279335369","93.51433279335369","3","3","0","0","sr"
"vins-fusion_monoimu","grandtour","grand_tour__group6","2024-11-15-14-43-52","94.61686637821835","94.61686637821835","3","3","0","0","sr"
"vins-fusion_monoimu","grandtour","grand_tour__group6","2024-11-15-16-41-14","62.858805471869594","62.858805471869594","3","3","0","0","sr"
"vins-fusion_monoimu","grandtour","grand_tour__group6","2024-11-18-12-05-01","29.692220541149883","29.692220541149883","3","3","0","0","sr"
"vins-fusion_monoimu","grandtour","grand_tour__group6","2024-11-18-15-46-05","97.02586967384165","97.02586967384165","3","3","0","0","sr"
"vins-fusion_monoimu","grandtour","grand_tour__group6","2024-11-18-16-59-23","97.91574614322879","97.91574614322879","3","3","0","0","sr"
"vins-fusion_stereoimu","grandtour","grand_tour__group6","2024-11-15-14-43-52","95.21930274208178","95.21930274208178","3","3","0","0","sr"
"vins-fusion_stereoimu","grandtour","grand_tour__group6","2024-11-15-16-41-14","94.22868488288186","94.22868488288186","3","3","0","0","sr"
"vins-fusion_stereoimu","grandtour","grand_tour__group6","2024-11-18-12-05-01","47.02161144642889","47.02161144642889","3","3","0","0","sr"
"vins-fusion_stereoimu","grandtour","grand_tour__group6","2024-11-18-15-46-05","64.8699045556649","64.8699045556649","3","3","0","0","sr"
"vins-fusion_stereoimu","grandtour","grand_tour__group6","2024-11-18-16-59-23","98.07981620398444","98.07981620398444","3","3","0","0","sr"
"airslam","grandtour","grand_tour__group7","2024-11-25-14-57-08","91.90842441595608","91.90842441595608","3","3","0","0","sr"
"airslam","grandtour","grand_tour__group7","2024-11-25-16-36-19","96.53816260640144","96.53816260640144","3","3","0","0","sr"
"airslam","grandtour","grand_tour__group7","2024-12-03-13-15-38","97.99246984758419","97.99246984758419","3","3","0","0","sr"
"airslam","grandtour","grand_tour__group7","2024-12-03-13-26-40","95.70406949562509","95.70406949562509","3","3","0","0","sr"
"basalt_stereo","grandtour","grand_tour__group7","2024-11-25-14-57-08","0","0.0","3","0","3","0","sr"
"basalt_stereo","grandtour","grand_tour__group7","2024-11-25-16-36-19","98.60929664526323","98.60929664526323","3","3","0","0","sr"
"basalt_stereo","grandtour","grand_tour__group7","2024-12-03-13-15-38","98.9793638853205","98.9793638853205","3","3","0","0","sr"
"basalt_stereo","grandtour","grand_tour__group7","2024-12-03-13-26-40","60.379500605572616","60.379500605572616","3","3","0","0","sr"
"dm_vio","grandtour","grand_tour__group7","2024-11-25-14-57-08","23.62461760567959","23.62461760567959","3","2","1","0","sr"
"dm_vio","grandtour","grand_tour__group7","2024-11-25-16-36-19","45.80325759491628","45.80325759491628","3","3","0","0","sr"
"dm_vio","grandtour","grand_tour__group7","2024-12-03-13-15-38","54.90865566749952","54.90865566749952","3","3","0","0","sr"
"dm_vio","grandtour","grand_tour__group7","2024-12-03-13-26-40","62.64272469300803","62.64272469300803","3","3","0","0","sr"
"kimera_vio_mono","grandtour","grand_tour__group7","2024-11-25-14-57-08","97.07743378209655","97.07743378209655","3","3","0","0","sr"
"kimera_vio_mono","grandtour","grand_tour__group7","2024-11-25-16-36-19","74.98374985376886","74.98374985376886","3","3","0","0","sr"
"kimera_vio_mono","grandtour","grand_tour__group7","2024-12-03-13-15-38","98.22932825444603","98.22932825444603","3","3","0","0","sr"
"kimera_vio_mono","grandtour","grand_tour__group7","2024-12-03-13-26-40","96.42448511242732","96.42448511242732","3","3","0","0","sr"
"kimera_vio_stereo","grandtour","grand_tour__group7","2024-11-25-14-57-08","75.23633247132796","75.23633247132796","3","3","0","0","sr"
"kimera_vio_stereo","grandtour","grand_tour__group7","2024-11-25-16-36-19","96.78285197405167","96.78285197405167","3","3","0","0","sr"
"kimera_vio_stereo","grandtour","grand_tour__group7","2024-12-03-13-15-38","28.88898641538441","28.88898641538441","3","3","0","0","sr"
"kimera_vio_stereo","grandtour","grand_tour__group7","2024-12-03-13-26-40","96.21606173679662","96.21606173679662","3","3","0","0","sr"
"okvis2x_mono","grandtour","grand_tour__group7","2024-11-25-14-57-08","97.10897761740831","97.10897761740831","3","3","0","0","sr"
"okvis2x_mono","grandtour","grand_tour__group7","2024-11-25-16-36-19","75.50528411766948","75.50528411766948","3","3","0","0","sr"
"okvis2x_mono","grandtour","grand_tour__group7","2024-12-03-13-15-38","93.94697994543817","93.94697994543817","3","3","0","0","sr"
"okvis2x_mono","grandtour","grand_tour__group7","2024-12-03-13-26-40","90.8287083112311","90.8287083112311","3","3","0","0","sr"
"okvis2x_stereo","grandtour","grand_tour__group7","2024-11-25-14-57-08","99.98411862149037","99.98411862149037","3","3","0","0","sr"
"okvis2x_stereo","grandtour","grand_tour__group7","2024-11-25-16-36-19","99.90734449817286","99.90734449817286","3","3","0","0","sr"
"okvis2x_stereo","grandtour","grand_tour__group7","2024-12-03-13-15-38","99.99220952010587","99.99220952010587","3","3","0","0","sr"
"okvis2x_stereo","grandtour","grand_tour__group7","2024-12-03-13-26-40","99.97247189358085","99.97247189358085","3","3","0","0","sr"
"open_vins_mono","grandtour","grand_tour__group7","2024-11-25-14-57-08","99.87132376609547","99.87132376609547","3","3","0","0","sr"
"open_vins_mono","grandtour","grand_tour__group7","2024-11-25-16-36-19","99.828257134983","99.828257134983","3","3","0","0","sr"
"open_vins_mono","grandtour","grand_tour__group7","2024-12-03-13-15-38","99.9522153647501","99.9522153647501","3","3","0","0","sr"
"open_vins_mono","grandtour","grand_tour__group7","2024-12-03-13-26-40","98.55583252519871","98.55583252519871","3","3","0","0","sr"
"open_vins_stereo","grandtour","grand_tour__group7","2024-11-25-14-57-08","99.86928657783564","99.86928657783564","3","3","0","0","sr"
"open_vins_stereo","grandtour","grand_tour__group7","2024-11-25-16-36-19","99.83588500140037","99.83588500140037","3","3","0","0","sr"
"open_vins_stereo","grandtour","grand_tour__group7","2024-12-03-13-15-38","99.8044199061009","99.8044199061009","3","3","0","0","sr"
"open_vins_stereo","grandtour","grand_tour__group7","2024-12-03-13-26-40","98.6441259350237","98.6441259350237","3","3","0","0","sr"
"orb_slam3_mono","grandtour","grand_tour__group7","2024-11-25-14-57-08","52.781785569131834","52.781785569131834","3","3","0","0","sr"
"orb_slam3_mono","grandtour","grand_tour__group7","2024-11-25-16-36-19","22.05900042299272","22.05900042299272","3","3","0","0","sr"
"orb_slam3_mono","grandtour","grand_tour__group7","2024-12-03-13-15-38","23.189053083975995","23.189053083975995","3","3","0","0","sr"
"orb_slam3_mono","grandtour","grand_tour__group7","2024-12-03-13-26-40","8.80466892837413","8.80466892837413","3","3","0","0","sr"
"orb_slam3_stereo","grandtour","grand_tour__group7","2024-11-25-14-57-08","19.64950842815264","19.64950842815264","3","3","0","0","sr"
"orb_slam3_stereo","grandtour","grand_tour__group7","2024-11-25-16-36-19","8.085570353745615","8.085570353745615","3","3","0","0","sr"
"orb_slam3_stereo","grandtour","grand_tour__group7","2024-12-03-13-15-38","24.243102373980502","24.243102373980502","3","3","0","0","sr"
"orb_slam3_stereo","grandtour","grand_tour__group7","2024-12-03-13-26-40","9.231870273961482","9.231870273961482","3","3","0","0","sr"
"rovio","grandtour","grand_tour__group7","2024-11-25-14-57-08","99.31417607469064","99.31417607469064","3","3","0","0","sr"
"rovio","grandtour","grand_tour__group7","2024-11-25-16-36-19","99.23261012011358","99.23261012011358","3","3","0","0","sr"
"rovio","grandtour","grand_tour__group7","2024-12-03-13-15-38","99.72758127945576","99.72758127945576","3","3","0","0","sr"
"rovio","grandtour","grand_tour__group7","2024-12-03-13-26-40","98.4622182808627","98.4622182808627","3","3","0","0","sr"
"sqrtvins_mono","grandtour","grand_tour__group7","2024-11-25-14-57-08","99.92925525565688","99.92925525565688","3","3","0","0","sr"
"sqrtvins_mono","grandtour","grand_tour__group7","2024-11-25-16-36-19","99.87308639989647","99.87308639989647","3","3","0","0","sr"
"sqrtvins_mono","grandtour","grand_tour__group7","2024-12-03-13-15-38","99.97406764228917","99.97406764228917","3","3","0","0","sr"
"sqrtvins_mono","grandtour","grand_tour__group7","2024-12-03-13-26-40","98.17083814713372","98.17083814713372","3","3","0","0","sr"
"sqrtvins_stereo","grandtour","grand_tour__group7","2024-11-25-14-57-08","99.92925525565688","99.92925525565688","3","3","0","0","sr"
"sqrtvins_stereo","grandtour","grand_tour__group7","2024-11-25-16-36-19","99.87308639989647","99.87308639989647","3","3","0","0","sr"
"sqrtvins_stereo","grandtour","grand_tour__group7","2024-12-03-13-15-38","99.97406764228917","99.97406764228917","3","3","0","0","sr"
"sqrtvins_stereo","grandtour","grand_tour__group7","2024-12-03-13-26-40","98.34894406605106","98.34894406605106","3","3","0","0","sr"
"svo_mono","grandtour","grand_tour__group7","2024-11-25-14-57-08","32.89176928618817","32.89176928618817","3","3","0","0","sr"
"svo_mono","grandtour","grand_tour__group7","2024-11-25-16-36-19","0","0.0","3","3","0","0","sr"
"svo_mono","grandtour","grand_tour__group7","2024-12-03-13-15-38","99.34212529259548","99.34212529259548","3","3","0","0","sr"
"svo_mono","grandtour","grand_tour__group7","2024-12-03-13-26-40","98.02447438818233","98.02447438818233","3","3","0","0","sr"
"svo_stereo","grandtour","grand_tour__group7","2024-11-25-14-57-08","99.08138782148949","99.08138782148949","3","3","0","0","sr"
"svo_stereo","grandtour","grand_tour__group7","2024-11-25-16-36-19","95.41496199891854","95.41496199891854","3","3","0","0","sr"
"svo_stereo","grandtour","grand_tour__group7","2024-12-03-13-15-38","98.25600389744385","98.25600389744385","3","3","0","0","sr"
"svo_stereo","grandtour","grand_tour__group7","2024-12-03-13-26-40","98.11693011413224","98.11693011413224","3","3","0","0","sr"
"vins-fusion_monoimu","grandtour","grand_tour__group7","2024-11-25-14-57-08","98.7911844613352","98.7911844613352","3","3","0","0","sr"
"vins-fusion_monoimu","grandtour","grand_tour__group7","2024-11-25-16-36-19","97.71144541782384","97.71144541782384","3","3","0","0","sr"
"vins-fusion_monoimu","grandtour","grand_tour__group7","2024-12-03-13-15-38","97.54874250669174","97.54874250669174","3","3","0","0","sr"
"vins-fusion_monoimu","grandtour","grand_tour__group7","2024-12-03-13-26-40","58.790274015471674","58.790274015471674","3","3","0","0","sr"
"vins-fusion_stereoimu","grandtour","grand_tour__group7","2024-11-25-14-57-08","98.81084292464307","98.81084292464307","3","3","0","0","sr"
"vins-fusion_stereoimu","grandtour","grand_tour__group7","2024-11-25-16-36-19","97.76919707191227","97.76919707191227","3","3","0","0","sr"
"vins-fusion_stereoimu","grandtour","grand_tour__group7","2024-12-03-13-15-38","98.62233907901764","98.62233907901764","3","3","0","0","sr"
"vins-fusion_stereoimu","grandtour","grand_tour__group7","2024-12-03-13-26-40","46.409215007321826","46.409215007321826","3","3","0","0","sr"
"dm_vio","lamaria","lamaria__easy","R_01_easy","2.2021137568947315","2.2021137568947315","3","3","0","0","sr"
"dm_vio","lamaria","lamaria__easy","R_02_easy","19.88375629443257","19.88375629443257","3","3","0","0","sr"
"dm_vio","lamaria","lamaria__easy","R_03_easy","2.24133312758113","2.24133312758113","3","3","0","0","sr"
"kimera_vio_mono","lamaria","lamaria__easy","R_01_easy","99.98970367394962","99.98970367394962","3","3","0","0","sr"
"kimera_vio_mono","lamaria","lamaria__easy","R_02_easy","99.54550166497347","99.54550166497347","3","3","0","0","sr"
"kimera_vio_mono","lamaria","lamaria__easy","R_03_easy","99.99148705021196","99.99148705021196","3","3","0","0","sr"
"okvis2x_mono","lamaria","lamaria__easy","R_01_easy","99.68990325516661","99.68990325516661","3","3","0","0","sr"
"okvis2x_mono","lamaria","lamaria__easy","R_02_easy","94.52755245170825","94.52755245170825","3","3","0","0","sr"
"okvis2x_mono","lamaria","lamaria__easy","R_03_easy","99.99745003471942","99.99745003471942","3","3","0","0","sr"
"open_vins_mono","lamaria","lamaria__easy","R_01_easy","66.52177910152726","66.52177910152726","3","3","0","0","sr"
"open_vins_mono","lamaria","lamaria__easy","R_02_easy","98.73022300298244","98.73022300298244","3","3","0","0","sr"
"open_vins_mono","lamaria","lamaria__easy","R_03_easy","99.58771805965705","99.58771805965705","3","3","0","0","sr"
"orb_slam3_mono","lamaria","lamaria__easy","R_01_easy","96.45014084730434","96.45014084730434","3","3","0","0","sr"
"orb_slam3_mono","lamaria","lamaria__easy","R_02_easy","96.47971116482016","96.47971116482016","3","3","0","0","sr"
"orb_slam3_mono","lamaria","lamaria__easy","R_03_easy","99.40981063133138","99.40981063133138","3","3","0","0","sr"
"rovio","lamaria","lamaria__easy","R_01_easy","99.9792262364167","99.9792262364167","3","3","0","0","sr"
"rovio","lamaria","lamaria__easy","R_02_easy","99.97580308814145","99.97580308814145","3","3","0","0","sr"
"rovio","lamaria","lamaria__easy","R_03_easy","99.99341099690497","99.99341099690497","3","3","0","0","sr"
"sqrtvins_mono","lamaria","lamaria__easy","R_01_easy","99.82601180727671","99.82601180727671","3","3","0","0","sr"
"sqrtvins_mono","lamaria","lamaria__easy","R_02_easy","99.92799294282644","99.92799294282644","3","3","0","0","sr"
"sqrtvins_mono","lamaria","lamaria__easy","R_03_easy","99.95261594716249","99.95261594716249","3","3","0","0","sr"
"svo_mono","lamaria","lamaria__easy","R_01_easy","98.96958669510867","98.96958669510867","3","3","0","0","sr"
"svo_mono","lamaria","lamaria__easy","R_02_easy","99.99727392324273","99.99727392324273","3","3","0","0","sr"
"svo_mono","lamaria","lamaria__easy","R_03_easy","97.61993105268046","97.61993105268046","3","3","0","0","sr"
"vins-fusion_monoimu","lamaria","lamaria__easy","R_01_easy","67.44912381493326","67.44912381493326","3","3","0","0","sr"
"vins-fusion_monoimu","lamaria","lamaria__easy","R_02_easy","99.72853391703832","99.72853391703832","3","3","0","0","sr"
"vins-fusion_monoimu","lamaria","lamaria__easy","R_03_easy","2.6145986562375887","2.6145986562375887","3","3","0","0","sr"
"dm_vio","lamaria","lamaria__medium","R_04_medium","1.1931965062763807","1.1931965062763807","3","3","0","0","sr"
"dm_vio","lamaria","lamaria__medium","R_05_medium","2.974753734299389","2.974753734299389","3","3","0","0","sr"
"dm_vio","lamaria","lamaria__medium","R_06_medium","0","0.0","3","0","3","0","sr"
"dm_vio","lamaria","lamaria__medium","R_07_medium","0","0.0","3","0","3","0","sr"
"kimera_vio_mono","lamaria","lamaria__medium","R_04_medium","100","100.0","3","3","0","0","sr"
"kimera_vio_mono","lamaria","lamaria__medium","R_05_medium","100","100.0","3","3","0","0","sr"
"kimera_vio_mono","lamaria","lamaria__medium","R_06_medium","99.74367250436892","99.74367250436892","3","3","0","0","sr"
"kimera_vio_mono","lamaria","lamaria__medium","R_07_medium","99.98560731103866","99.98560731103866","3","3","0","0","sr"
"okvis2x_mono","lamaria","lamaria__medium","R_04_medium","100","100.0","3","3","0","0","sr"
"okvis2x_mono","lamaria","lamaria__medium","R_05_medium","99.5286430014573","99.5286430014573","3","3","0","0","sr"
"okvis2x_mono","lamaria","lamaria__medium","R_06_medium","99.33257472775381","99.33257472775381","3","3","0","0","sr"
"okvis2x_mono","lamaria","lamaria__medium","R_07_medium","93.23433039084092","93.23433039084092","3","3","0","0","sr"
"open_vins_mono","lamaria","lamaria__medium","R_04_medium","99.43608529723559","99.43608529723559","3","3","0","0","sr"
"open_vins_mono","lamaria","lamaria__medium","R_05_medium","99.06760663599931","99.06760663599931","3","3","0","0","sr"
"open_vins_mono","lamaria","lamaria__medium","R_06_medium","99.26962113562236","99.26962113562236","3","3","0","0","sr"
"open_vins_mono","lamaria","lamaria__medium","R_07_medium","99.71147662124389","99.71147662124389","3","3","0","0","sr"
"orb_slam3_mono","lamaria","lamaria__medium","R_04_medium","96.6991167944438","96.6991167944438","3","3","0","0","sr"
"orb_slam3_mono","lamaria","lamaria__medium","R_05_medium","43.59352200487106","43.59352200487106","3","2","1","0","sr"
"orb_slam3_mono","lamaria","lamaria__medium","R_06_medium","0","0.0","3","0","3","0","sr"
"orb_slam3_mono","lamaria","lamaria__medium","R_07_medium","89.61684368766328","89.61684368766328","3","3","0","0","sr"
"rovio","lamaria","lamaria__medium","R_04_medium","99.98028341001122","99.98028341001122","3","3","0","0","sr"
"rovio","lamaria","lamaria__medium","R_05_medium","99.99671125228174","99.99671125228174","3","3","0","0","sr"
"rovio","lamaria","lamaria__medium","R_06_medium","99.99506248907585","99.99506248907585","3","3","0","0","sr"
"rovio","lamaria","lamaria__medium","R_07_medium","99.98184056367637","99.98184056367637","3","3","0","0","sr"
"sqrtvins_mono","lamaria","lamaria__medium","R_04_medium","99.97908139906627","99.97908139906627","3","3","0","0","sr"
"sqrtvins_mono","lamaria","lamaria__medium","R_05_medium","99.99644935161787","99.99644935161787","3","3","0","0","sr"
"sqrtvins_mono","lamaria","lamaria__medium","R_06_medium","99.97006997050886","99.97006997050886","3","3","0","0","sr"
"sqrtvins_mono","lamaria","lamaria__medium","R_07_medium","99.9380791155407","99.9380791155407","3","3","0","0","sr"
"svo_mono","lamaria","lamaria__medium","R_04_medium","99.98281088371202","99.98281088371202","3","3","0","0","sr"
"svo_mono","lamaria","lamaria__medium","R_05_medium","92.51175877861357","92.51175877861357","3","3","0","0","sr"
"svo_mono","lamaria","lamaria__medium","R_06_medium","95.58291849297143","95.58291849297143","3","3","0","0","sr"
"svo_mono","lamaria","lamaria__medium","R_07_medium","97.86079858954837","97.86079858954837","3","3","0","0","sr"
"vins-fusion_monoimu","lamaria","lamaria__medium","R_04_medium","99.13349391402136","99.13349391402136","3","3","0","0","sr"
"vins-fusion_monoimu","lamaria","lamaria__medium","R_05_medium","33.91901638211291","33.91901638211291","3","3","0","0","sr"
"vins-fusion_monoimu","lamaria","lamaria__medium","R_06_medium","99.34405229089707","99.34405229089707","3","3","0","0","sr"
"vins-fusion_monoimu","lamaria","lamaria__medium","R_07_medium","7.7526557852970965","7.7526557852970965","3","3","0","0","sr"
"dm_vio","lamaria","lamaria__hard","R_08_hard","1.3413418615527704","1.3413418615527704","3","3","0","0","sr"
"dm_vio","lamaria","lamaria__hard","R_09_hard","0","0.0","3","0","3","0","sr"
"dm_vio","lamaria","lamaria__hard","R_10_hard","0.4344434434547979","0.4344434434547979","3","3","0","0","sr"
"kimera_vio_mono","lamaria","lamaria__hard","R_08_hard","99.09300782995018","99.09300782995018","3","3","0","0","sr"
"kimera_vio_mono","lamaria","lamaria__hard","R_09_hard","0.7155015775271742","0.7155015775271742","3","3","0","0","sr"
"kimera_vio_mono","lamaria","lamaria__hard","R_10_hard","98.56777144280568","98.56777144280568","3","3","0","0","sr"
"okvis2x_mono","lamaria","lamaria__hard","R_08_hard","0","0.0","3","0","3","0","sr"
"okvis2x_mono","lamaria","lamaria__hard","R_09_hard","0","0.0","3","0","3","0","sr"
"okvis2x_mono","lamaria","lamaria__hard","R_10_hard","0","0.0","3","0","3","0","sr"
"open_vins_mono","lamaria","lamaria__hard","R_08_hard","99.90595027318314","99.90595027318314","3","3","0","0","sr"
"open_vins_mono","lamaria","lamaria__hard","R_09_hard","67.38651574139135","67.38651574139135","3","3","0","0","sr"
"open_vins_mono","lamaria","lamaria__hard","R_10_hard","99.83192250089898","99.83192250089898","3","3","0","0","sr"
"orb_slam3_mono","lamaria","lamaria__hard","R_08_hard","41.83970751774636","41.83970751774636","3","3","0","0","sr"
"orb_slam3_mono","lamaria","lamaria__hard","R_09_hard","30.87889149604044","30.87889149604044","3","3","0","0","sr"
"orb_slam3_mono","lamaria","lamaria__hard","R_10_hard","46.333461456729175","46.333461456729175","3","3","0","0","sr"
"rovio","lamaria","lamaria__hard","R_08_hard","99.8282729149695","99.8282729149695","3","3","0","0","sr"
"rovio","lamaria","lamaria__hard","R_09_hard","47.3509394081505","47.3509394081505","3","3","0","0","sr"
"rovio","lamaria","lamaria__hard","R_10_hard","99.5025127678958","99.5025127678958","3","3","0","0","sr"
"sqrtvins_mono","lamaria","lamaria__hard","R_08_hard","99.51314245956102","99.51314245956102","3","3","0","0","sr"
"sqrtvins_mono","lamaria","lamaria__hard","R_09_hard","98.88360177166767","98.88360177166767","3","3","0","0","sr"
"sqrtvins_mono","lamaria","lamaria__hard","R_10_hard","99.97202368496465","99.97202368496465","3","3","0","0","sr"
"svo_mono","lamaria","lamaria__hard","R_08_hard","95.58091847408299","95.58091847408299","3","3","0","0","sr"
"svo_mono","lamaria","lamaria__hard","R_09_hard","32.03051420233705","32.03051420233705","3","2","1","0","sr"
"svo_mono","lamaria","lamaria__hard","R_10_hard","64.44816161168029","64.44816161168029","3","3","0","0","sr"
"vins-fusion_monoimu","lamaria","lamaria__hard","R_08_hard","99.96842374607881","99.96842374607881","3","3","0","0","sr"
"vins-fusion_monoimu","lamaria","lamaria__hard","R_09_hard","97.97008659421674","97.97008659421674","3","3","0","0","sr"
"vins-fusion_monoimu","lamaria","lamaria__hard","R_10_hard","99.72878294255558","99.72878294255558","3","3","0","0","sr"
"dm_vio","lamaria","lamaria__cp","R_11_5cp","0","0.0","3","0","3","0","sr"
"dm_vio","lamaria","lamaria__cp","R_12_10cp","0","0.0","3","0","3","0","sr"
"dm_vio","lamaria","lamaria__cp","R_13_15cp","0","0.0","3","0","3","0","sr"
"kimera_vio_mono","lamaria","lamaria__cp","R_11_5cp","99.99136899080476","99.99136899080476","3","3","0","0","sr"
"kimera_vio_mono","lamaria","lamaria__cp","R_12_10cp","99.74417134121046","99.74417134121046","3","3","0","0","sr"
"kimera_vio_mono","lamaria","lamaria__cp","R_13_15cp","99.97935442674498","99.97935442674498","3","3","0","0","sr"
"okvis2x_mono","lamaria","lamaria__cp","R_11_5cp","74.66987356674855","74.66987356674855","3","3","0","0","sr"
"okvis2x_mono","lamaria","lamaria__cp","R_12_10cp","85.2426897750869","85.2426897750869","3","3","0","0","sr"
"okvis2x_mono","lamaria","lamaria__cp","R_13_15cp","99.80118294454536","99.80118294454536","3","3","0","0","sr"
"open_vins_mono","lamaria","lamaria__cp","R_11_5cp","99.51213447605396","99.51213447605396","3","3","0","0","sr"
"open_vins_mono","lamaria","lamaria__cp","R_12_10cp","99.53344070641629","99.53344070641629","3","3","0","0","sr"
"open_vins_mono","lamaria","lamaria__cp","R_13_15cp","99.78930916073016","99.78930916073016","3","3","0","0","sr"
"orb_slam3_mono","lamaria","lamaria__cp","R_11_5cp","69.23243292873434","69.23243292873434","3","3","0","0","sr"
"orb_slam3_mono","lamaria","lamaria__cp","R_12_10cp","0","0.0","3","0","3","0","sr"
"orb_slam3_mono","lamaria","lamaria__cp","R_13_15cp","0","0.0","3","0","3","0","sr"
"rovio","lamaria","lamaria__cp","R_11_5cp","66.23851920570459","66.23851920570459","3","3","0","0","sr"
"rovio","lamaria","lamaria__cp","R_12_10cp","98.92287093958403","98.92287093958403","3","3","0","0","sr"
"rovio","lamaria","lamaria__cp","R_13_15cp","99.98275521718601","99.98275521718601","3","3","0","0","sr"
"sqrtvins_mono","lamaria","lamaria__cp","R_11_5cp","99.83382486425891","99.83382486425891","3","3","0","0","sr"
"sqrtvins_mono","lamaria","lamaria__cp","R_12_10cp","99.60998823923465","99.60998823923465","3","3","0","0","sr"
"sqrtvins_mono","lamaria","lamaria__cp","R_13_15cp","99.90308616356653","99.90308616356653","3","3","0","0","sr"
"svo_mono","lamaria","lamaria__cp","R_11_5cp","78.79845879754147","78.79845879754147","3","3","0","0","sr"
"svo_mono","lamaria","lamaria__cp","R_12_10cp","69.24273807017609","69.24273807017609","3","3","0","0","sr"
"svo_mono","lamaria","lamaria__cp","R_13_15cp","48.589203096549255","48.589203096549255","3","3","0","0","sr"
"vins-fusion_monoimu","lamaria","lamaria__cp","R_11_5cp","99.9919571600485","99.9919571600485","3","3","0","0","sr"
"vins-fusion_monoimu","lamaria","lamaria__cp","R_12_10cp","99.9915587884801","99.9915587884801","3","3","0","0","sr"
"vins-fusion_monoimu","lamaria","lamaria__cp","R_13_15cp","99.99423202599901","99.99423202599901","3","3","0","0","sr"
"dm_vio","lamaria","lamaria__add","sequence_1_19","4.222414792168062","4.222414792168062","3","3","0","0","sr"
"dm_vio","lamaria","lamaria__add","sequence_1_20","3.618993916894888","3.618993916894888","3","2","0","1","sr"
"dm_vio","lamaria","lamaria__add","sequence_2_11","0","0.0","3","0","3","0","sr"
"dm_vio","lamaria","lamaria__add","sequence_2_12","0","0.0","3","0","3","0","sr"
"dm_vio","lamaria","lamaria__add","sequence_3_17","0","0.0","3","0","3","0","sr"
"dm_vio","lamaria","lamaria__add","sequence_3_18","1.2227294428780486","1.2227294428780486","3","3","0","0","sr"
"dm_vio","lamaria","lamaria__add","sequence_4_10","3.1735026864072213","3.1735026864072213","3","3","0","0","sr"
"dm_vio","lamaria","lamaria__add","sequence_4_11","1.4214810705296648","1.4214810705296648","3","3","0","0","sr"
"kimera_vio_mono","lamaria","lamaria__add","sequence_1_19","99.97234276344075","99.97234276344075","3","3","0","0","sr"
"kimera_vio_mono","lamaria","lamaria__add","sequence_1_20","0","0.0","3","3","0","0","sr"
"kimera_vio_mono","lamaria","lamaria__add","sequence_2_11","99.79710698666749","99.79710698666749","3","3","0","0","sr"
"kimera_vio_mono","lamaria","lamaria__add","sequence_2_12","0.1703917153193383","0.1703917153193383","3","3","0","0","sr"
"kimera_vio_mono","lamaria","lamaria__add","sequence_3_17","99.99647242054101","99.99647242054101","3","3","0","0","sr"
"kimera_vio_mono","lamaria","lamaria__add","sequence_3_18","49.432861478701625","49.432861478701625","3","3","0","0","sr"
"kimera_vio_mono","lamaria","lamaria__add","sequence_4_10","11.597226502933703","11.597226502933703","3","3","0","0","sr"
"kimera_vio_mono","lamaria","lamaria__add","sequence_4_11","0","0.0","3","3","0","0","sr"
"okvis2x_mono","lamaria","lamaria__add","sequence_1_19","2.734343401237379","2.734343401237379","3","3","0","0","sr"
"okvis2x_mono","lamaria","lamaria__add","sequence_1_20","99.28687634674979","99.28687634674979","3","3","0","0","sr"
"okvis2x_mono","lamaria","lamaria__add","sequence_2_11","51.86666775500414","51.86666775500414","3","3","0","0","sr"
"okvis2x_mono","lamaria","lamaria__add","sequence_2_12","82.00216275078769","82.00216275078769","3","3","0","0","sr"
"okvis2x_mono","lamaria","lamaria__add","sequence_3_17","99.21373326750773","99.21373326750773","3","3","0","0","sr"
"okvis2x_mono","lamaria","lamaria__add","sequence_3_18","99.48384788950771","99.48384788950771","3","3","0","0","sr"
"okvis2x_mono","lamaria","lamaria__add","sequence_4_10","0.4975772178827425","0.4975772178827425","3","3","0","0","sr"
"okvis2x_mono","lamaria","lamaria__add","sequence_4_11","38.834023371628646","38.834023371628646","3","3","0","0","sr"
"open_vins_mono","lamaria","lamaria__add","sequence_1_19","99.88719985120201","99.88719985120201","3","3","0","0","sr"
"open_vins_mono","lamaria","lamaria__add","sequence_1_20","99.92924978483518","99.92924978483518","3","3","0","0","sr"
"open_vins_mono","lamaria","lamaria__add","sequence_2_11","99.63647014876614","99.63647014876614","3","3","0","0","sr"
"open_vins_mono","lamaria","lamaria__add","sequence_2_12","66.21878279219415","66.21878279219415","3","3","0","0","sr"
"open_vins_mono","lamaria","lamaria__add","sequence_3_17","99.52200410923176","99.52200410923176","3","3","0","0","sr"
"open_vins_mono","lamaria","lamaria__add","sequence_3_18","99.31236015041776","99.31236015041776","3","3","0","0","sr"
"open_vins_mono","lamaria","lamaria__add","sequence_4_10","15.691086740046712","15.691086740046712","3","3","0","0","sr"
"open_vins_mono","lamaria","lamaria__add","sequence_4_11","33.04710856277372","33.04710856277372","3","3","0","0","sr"
"orb_slam3_mono","lamaria","lamaria__add","sequence_1_19","68.4095476082916","68.4095476082916","3","3","0","0","sr"
"orb_slam3_mono","lamaria","lamaria__add","sequence_1_20","38.25135660841375","38.25135660841375","3","3","0","0","sr"
"orb_slam3_mono","lamaria","lamaria__add","sequence_2_11","0","0.0","3","0","3","0","sr"
"orb_slam3_mono","lamaria","lamaria__add","sequence_2_12","0","0.0","3","0","3","0","sr"
"orb_slam3_mono","lamaria","lamaria__add","sequence_3_17","0","0.0","3","0","3","0","sr"
"orb_slam3_mono","lamaria","lamaria__add","sequence_3_18","53.048303080434785","53.048303080434785","3","3","0","0","sr"
"orb_slam3_mono","lamaria","lamaria__add","sequence_4_10","13.785291668525213","13.785291668525213","3","3","0","0","sr"
"orb_slam3_mono","lamaria","lamaria__add","sequence_4_11","10.575614436692913","10.575614436692913","3","3","0","0","sr"
"rovio","lamaria","lamaria__add","sequence_1_19","0.7050043515210763","0.7050043515210763","3","3","0","0","sr"
"rovio","lamaria","lamaria__add","sequence_1_20","100","100.0","3","3","0","0","sr"
"rovio","lamaria","lamaria__add","sequence_2_11","0","0.0","3","3","0","0","sr"
"rovio","lamaria","lamaria__add","sequence_2_12","0.23491334216729","0.23491334216729","3","3","0","0","sr"
"rovio","lamaria","lamaria__add","sequence_3_17","99.49325092613417","99.49325092613417","3","3","0","0","sr"
"rovio","lamaria","lamaria__add","sequence_3_18","99.71072303831575","99.71072303831575","3","3","0","0","sr"
"rovio","lamaria","lamaria__add","sequence_4_10","99.84372460646377","99.84372460646377","3","3","0","0","sr"
"rovio","lamaria","lamaria__add","sequence_4_11","96.33591739181513","96.33591739181513","3","3","0","0","sr"
"sqrtvins_mono","lamaria","lamaria__add","sequence_1_19","99.88148688306353","99.88148688306353","3","3","0","0","sr"
"sqrtvins_mono","lamaria","lamaria__add","sequence_1_20","99.77508242619045","99.77508242619045","3","3","0","0","sr"
"sqrtvins_mono","lamaria","lamaria__add","sequence_2_11","99.87466670699571","99.87466670699571","3","3","0","0","sr"
"sqrtvins_mono","lamaria","lamaria__add","sequence_2_12","98.89781208761615","98.89781208761615","3","3","0","0","sr"
"sqrtvins_mono","lamaria","lamaria__add","sequence_3_17","99.52496526899233","99.52496526899233","3","3","0","0","sr"
"sqrtvins_mono","lamaria","lamaria__add","sequence_3_18","99.31331749288034","99.31331749288034","3","3","0","0","sr"
"sqrtvins_mono","lamaria","lamaria__add","sequence_4_10","99.50061721125354","99.50061721125354","3","3","0","0","sr"
"sqrtvins_mono","lamaria","lamaria__add","sequence_4_11","98.97004488958754","98.97004488958754","3","3","0","0","sr"
"svo_mono","lamaria","lamaria__add","sequence_1_19","98.46239331895809","98.46239331895809","3","3","0","0","sr"
"svo_mono","lamaria","lamaria__add","sequence_1_20","98.93742866925719","98.93742866925719","3","3","0","0","sr"
"svo_mono","lamaria","lamaria__add","sequence_2_11","83.99837752110766","83.99837752110766","3","3","0","0","sr"
"svo_mono","lamaria","lamaria__add","sequence_2_12","21.757223749402176","21.757223749402176","3","3","0","0","sr"
"svo_mono","lamaria","lamaria__add","sequence_3_17","41.08146645207973","41.08146645207973","3","3","0","0","sr"
"svo_mono","lamaria","lamaria__add","sequence_3_18","82.8423308813816","82.8423308813816","3","3","0","0","sr"
"svo_mono","lamaria","lamaria__add","sequence_4_10","28.452016013786206","28.452016013786206","3","3","0","0","sr"
"svo_mono","lamaria","lamaria__add","sequence_4_11","64.53117627524973","64.53117627524973","3","3","0","0","sr"
"vins-fusion_monoimu","lamaria","lamaria__add","sequence_1_19","0.052299778861573526","0.052299778861573526","3","3","0","0","sr"
"vins-fusion_monoimu","lamaria","lamaria__add","sequence_1_20","67.59412137842486","67.59412137842486","3","3","0","0","sr"
"vins-fusion_monoimu","lamaria","lamaria__add","sequence_2_11","67.22288681874299","67.22288681874299","3","3","0","0","sr"
"vins-fusion_monoimu","lamaria","lamaria__add","sequence_2_12","99.52118358174863","99.52118358174863","3","3","0","0","sr"
"vins-fusion_monoimu","lamaria","lamaria__add","sequence_3_17","0.0441695775552069","0.0441695775552069","3","3","0","0","sr"
"vins-fusion_monoimu","lamaria","lamaria__add","sequence_3_18","33.33720164085053","33.33720164085053","3","3","0","0","sr"
"vins-fusion_monoimu","lamaria","lamaria__add","sequence_4_10","64.40571129714856","64.40571129714856","3","3","0","0","sr"
"vins-fusion_monoimu","lamaria","lamaria__add","sequence_4_11","0.0675476334801688","0.0675476334801688","3","3","0","0","sr"
"airslam","uzh-fpv","uzhfpv__uzhfpv_indoor","indoor_forward_3_snapdragon_with_gt","98.81285031203755","98.81285031203755","3","3","0","0","sr"
"airslam","uzh-fpv","uzhfpv__uzhfpv_indoor","indoor_forward_5_snapdragon_with_gt","97.61023621216532","97.61023621216532","3","3","0","0","sr"
"airslam","uzh-fpv","uzhfpv__uzhfpv_indoor","indoor_forward_6_snapdragon_with_gt","98.99623693652974","98.99623693652974","3","3","0","0","sr"
"airslam","uzh-fpv","uzhfpv__uzhfpv_indoor","indoor_forward_7_snapdragon_with_gt","98.89530736355619","98.89530736355619","3","3","0","0","sr"
"airslam","uzh-fpv","uzhfpv__uzhfpv_indoor","indoor_forward_9_snapdragon_with_gt","98.5383072753591","98.5383072753591","3","3","0","0","sr"
"airslam","uzh-fpv","uzhfpv__uzhfpv_indoor","indoor_forward_10_snapdragon_with_gt","97.34624870078483","97.34624870078483","3","3","0","0","sr"
"basalt_stereo","uzh-fpv","uzhfpv__uzhfpv_indoor","indoor_forward_3_snapdragon_with_gt","0","0.0","3","0","3","0","sr"
"basalt_stereo","uzh-fpv","uzhfpv__uzhfpv_indoor","indoor_forward_5_snapdragon_with_gt","100","100.0","3","3","0","0","sr"
"basalt_stereo","uzh-fpv","uzhfpv__uzhfpv_indoor","indoor_forward_6_snapdragon_with_gt","99.99989528703026","99.99989528703026","3","3","0","0","sr"
"basalt_stereo","uzh-fpv","uzhfpv__uzhfpv_indoor","indoor_forward_7_snapdragon_with_gt","0","0.0","3","0","3","0","sr"
"basalt_stereo","uzh-fpv","uzhfpv__uzhfpv_indoor","indoor_forward_9_snapdragon_with_gt","99.99916657907129","99.99916657907129","3","3","0","0","sr"
"basalt_stereo","uzh-fpv","uzhfpv__uzhfpv_indoor","indoor_forward_10_snapdragon_with_gt","99.99952853359343","99.99952853359343","3","3","0","0","sr"
"dm_vio","uzh-fpv","uzhfpv__uzhfpv_indoor","indoor_forward_3_snapdragon_with_gt","98.91547370238301","98.91547370238301","3","3","0","0","sr"
"dm_vio","uzh-fpv","uzhfpv__uzhfpv_indoor","indoor_forward_5_snapdragon_with_gt","99.98046068265766","99.98046068265766","3","3","0","0","sr"
"dm_vio","uzh-fpv","uzhfpv__uzhfpv_indoor","indoor_forward_6_snapdragon_with_gt","76.10294041109667","76.10294041109667","3","3","0","0","sr"
"dm_vio","uzh-fpv","uzhfpv__uzhfpv_indoor","indoor_forward_7_snapdragon_with_gt","99.27673737013406","99.27673737013406","3","3","0","0","sr"
"dm_vio","uzh-fpv","uzhfpv__uzhfpv_indoor","indoor_forward_9_snapdragon_with_gt","93.18782628456376","93.18782628456376","3","3","0","0","sr"
"dm_vio","uzh-fpv","uzhfpv__uzhfpv_indoor","indoor_forward_10_snapdragon_with_gt","97.80691602406442","97.80691602406442","3","3","0","0","sr"
"kimera_vio_mono","uzh-fpv","uzhfpv__uzhfpv_indoor","indoor_forward_3_snapdragon_with_gt","99.6962023612618","99.6962023612618","3","3","0","0","sr"
"kimera_vio_mono","uzh-fpv","uzhfpv__uzhfpv_indoor","indoor_forward_5_snapdragon_with_gt","98.7615566649121","98.7615566649121","3","3","0","0","sr"
"kimera_vio_mono","uzh-fpv","uzhfpv__uzhfpv_indoor","indoor_forward_6_snapdragon_with_gt","99.53723227090181","99.53723227090181","3","3","0","0","sr"
"kimera_vio_mono","uzh-fpv","uzhfpv__uzhfpv_indoor","indoor_forward_7_snapdragon_with_gt","99.33756080202915","99.33756080202915","3","3","0","0","sr"
"kimera_vio_mono","uzh-fpv","uzhfpv__uzhfpv_indoor","indoor_forward_9_snapdragon_with_gt","98.57242969341159","98.57242969341159","3","3","0","0","sr"
"kimera_vio_mono","uzh-fpv","uzhfpv__uzhfpv_indoor","indoor_forward_10_snapdragon_with_gt","99.50174203531878","99.50174203531878","3","3","0","0","sr"
"kimera_vio_stereo","uzh-fpv","uzhfpv__uzhfpv_indoor","indoor_forward_3_snapdragon_with_gt","99.6883349373333","99.6883349373333","3","3","0","0","sr"
"kimera_vio_stereo","uzh-fpv","uzhfpv__uzhfpv_indoor","indoor_forward_5_snapdragon_with_gt","98.75959687414597","98.75959687414597","3","3","0","0","sr"
"kimera_vio_stereo","uzh-fpv","uzhfpv__uzhfpv_indoor","indoor_forward_6_snapdragon_with_gt","99.53855559077867","99.53855559077867","3","3","0","0","sr"
"kimera_vio_stereo","uzh-fpv","uzhfpv__uzhfpv_indoor","indoor_forward_7_snapdragon_with_gt","99.33401623065492","99.33401623065492","3","3","0","0","sr"
"kimera_vio_stereo","uzh-fpv","uzhfpv__uzhfpv_indoor","indoor_forward_9_snapdragon_with_gt","98.56887219431702","98.56887219431702","3","3","0","0","sr"
"kimera_vio_stereo","uzh-fpv","uzhfpv__uzhfpv_indoor","indoor_forward_10_snapdragon_with_gt","99.50243614323348","99.50243614323348","3","3","0","0","sr"
"okvis2x_mono","uzh-fpv","uzhfpv__uzhfpv_indoor","indoor_forward_3_snapdragon_with_gt","99.99944593317565","99.99944593317565","3","3","0","0","sr"
"okvis2x_mono","uzh-fpv","uzhfpv__uzhfpv_indoor","indoor_forward_5_snapdragon_with_gt","100","100.0","3","3","0","0","sr"
"okvis2x_mono","uzh-fpv","uzhfpv__uzhfpv_indoor","indoor_forward_6_snapdragon_with_gt","99.99989528703026","99.99989528703026","3","3","0","0","sr"
"okvis2x_mono","uzh-fpv","uzhfpv__uzhfpv_indoor","indoor_forward_7_snapdragon_with_gt","99.99940007079572","99.99940007079572","3","3","0","0","sr"
"okvis2x_mono","uzh-fpv","uzhfpv__uzhfpv_indoor","indoor_forward_9_snapdragon_with_gt","99.99916657907129","99.99916657907129","3","3","0","0","sr"
"okvis2x_mono","uzh-fpv","uzhfpv__uzhfpv_indoor","indoor_forward_10_snapdragon_with_gt","99.99952853359343","99.99952853359343","3","3","0","0","sr"
"okvis2x_stereo","uzh-fpv","uzhfpv__uzhfpv_indoor","indoor_forward_3_snapdragon_with_gt","99.99944593317565","99.99944593317565","3","3","0","0","sr"
"okvis2x_stereo","uzh-fpv","uzhfpv__uzhfpv_indoor","indoor_forward_5_snapdragon_with_gt","100","100.0","3","3","0","0","sr"
"okvis2x_stereo","uzh-fpv","uzhfpv__uzhfpv_indoor","indoor_forward_6_snapdragon_with_gt","99.99989528703026","99.99989528703026","3","3","0","0","sr"
"okvis2x_stereo","uzh-fpv","uzhfpv__uzhfpv_indoor","indoor_forward_7_snapdragon_with_gt","98.77495739653203","98.77495739653203","3","3","0","0","sr"
"okvis2x_stereo","uzh-fpv","uzhfpv__uzhfpv_indoor","indoor_forward_9_snapdragon_with_gt","99.99916657907129","99.99916657907129","3","3","0","0","sr"
"okvis2x_stereo","uzh-fpv","uzhfpv__uzhfpv_indoor","indoor_forward_10_snapdragon_with_gt","99.99952853359343","99.99952853359343","3","3","0","0","sr"
"open_vins_mono","uzh-fpv","uzhfpv__uzhfpv_indoor","indoor_forward_3_snapdragon_with_gt","99.99942402842714","99.99942402842714","3","3","0","0","sr"
"open_vins_mono","uzh-fpv","uzhfpv__uzhfpv_indoor","indoor_forward_5_snapdragon_with_gt","100","100.0","3","3","0","0","sr"
"open_vins_mono","uzh-fpv","uzhfpv__uzhfpv_indoor","indoor_forward_6_snapdragon_with_gt","99.99956656940394","99.99956656940394","3","3","0","0","sr"
"open_vins_mono","uzh-fpv","uzhfpv__uzhfpv_indoor","indoor_forward_7_snapdragon_with_gt","99.99940216673753","99.99940216673753","3","3","0","0","sr"
"open_vins_mono","uzh-fpv","uzhfpv__uzhfpv_indoor","indoor_forward_9_snapdragon_with_gt","99.99938852972508","99.99938852972508","3","3","0","0","sr"
"open_vins_mono","uzh-fpv","uzhfpv__uzhfpv_indoor","indoor_forward_10_snapdragon_with_gt","99.99930585458164","99.99930585458164","3","3","0","0","sr"
"open_vins_stereo","uzh-fpv","uzhfpv__uzhfpv_indoor","indoor_forward_3_snapdragon_with_gt","99.99943575792618","99.99943575792618","3","3","0","0","sr"
"open_vins_stereo","uzh-fpv","uzhfpv__uzhfpv_indoor","indoor_forward_5_snapdragon_with_gt","100","100.0","3","3","0","0","sr"
"open_vins_stereo","uzh-fpv","uzhfpv__uzhfpv_indoor","indoor_forward_6_snapdragon_with_gt","99.99956656940394","99.99956656940394","3","3","0","0","sr"
"open_vins_stereo","uzh-fpv","uzhfpv__uzhfpv_indoor","indoor_forward_7_snapdragon_with_gt","99.99938708604395","99.99938708604395","3","3","0","0","sr"
"open_vins_stereo","uzh-fpv","uzhfpv__uzhfpv_indoor","indoor_forward_9_snapdragon_with_gt","99.99925661679754","99.99925661679754","3","3","0","0","sr"
"open_vins_stereo","uzh-fpv","uzhfpv__uzhfpv_indoor","indoor_forward_10_snapdragon_with_gt","99.99930585458164","99.99930585458164","3","3","0","0","sr"
"orb_slam3_mono","uzh-fpv","uzhfpv__uzhfpv_indoor","indoor_forward_3_snapdragon_with_gt","0","0.0","3","0","3","0","sr"
"orb_slam3_mono","uzh-fpv","uzhfpv__uzhfpv_indoor","indoor_forward_5_snapdragon_with_gt","93.37866371673317","93.37866371673317","3","3","0","0","sr"
"orb_slam3_mono","uzh-fpv","uzhfpv__uzhfpv_indoor","indoor_forward_6_snapdragon_with_gt","99.98991319303364","99.98991319303364","3","3","0","0","sr"
"orb_slam3_mono","uzh-fpv","uzhfpv__uzhfpv_indoor","indoor_forward_7_snapdragon_with_gt","82.95876832759033","82.95876832759033","3","3","0","0","sr"
"orb_slam3_mono","uzh-fpv","uzhfpv__uzhfpv_indoor","indoor_forward_9_snapdragon_with_gt","99.37628351125257","99.37628351125257","3","3","0","0","sr"
"orb_slam3_mono","uzh-fpv","uzhfpv__uzhfpv_indoor","indoor_forward_10_snapdragon_with_gt","80.51334512274927","80.51334512274927","3","3","0","0","sr"
"orb_slam3_stereo","uzh-fpv","uzhfpv__uzhfpv_indoor","indoor_forward_3_snapdragon_with_gt","99.99303464310172","99.99303464310172","3","3","0","0","sr"
"orb_slam3_stereo","uzh-fpv","uzhfpv__uzhfpv_indoor","indoor_forward_5_snapdragon_with_gt","100","100.0","3","3","0","0","sr"
"orb_slam3_stereo","uzh-fpv","uzhfpv__uzhfpv_indoor","indoor_forward_6_snapdragon_with_gt","75.38975571237218","75.38975571237218","3","3","0","0","sr"
"orb_slam3_stereo","uzh-fpv","uzhfpv__uzhfpv_indoor","indoor_forward_7_snapdragon_with_gt","90.9463394284008","90.9463394284008","3","3","0","0","sr"
"orb_slam3_stereo","uzh-fpv","uzhfpv__uzhfpv_indoor","indoor_forward_9_snapdragon_with_gt","99.98780940743372","99.98780940743372","3","3","0","0","sr"
"orb_slam3_stereo","uzh-fpv","uzhfpv__uzhfpv_indoor","indoor_forward_10_snapdragon_with_gt","99.48170777974207","99.48170777974207","3","3","0","0","sr"
"rovio","uzh-fpv","uzhfpv__uzhfpv_indoor","indoor_forward_3_snapdragon_with_gt","99.99944593317565","99.99944593317565","3","3","0","0","sr"
"rovio","uzh-fpv","uzhfpv__uzhfpv_indoor","indoor_forward_5_snapdragon_with_gt","100","100.0","3","3","0","0","sr"
"rovio","uzh-fpv","uzhfpv__uzhfpv_indoor","indoor_forward_6_snapdragon_with_gt","99.99989528703026","99.99989528703026","3","3","0","0","sr"
"rovio","uzh-fpv","uzhfpv__uzhfpv_indoor","indoor_forward_7_snapdragon_with_gt","99.99940007079572","99.99940007079572","3","3","0","0","sr"
"rovio","uzh-fpv","uzhfpv__uzhfpv_indoor","indoor_forward_9_snapdragon_with_gt","99.99916657907129","99.99916657907129","3","3","0","0","sr"
"rovio","uzh-fpv","uzhfpv__uzhfpv_indoor","indoor_forward_10_snapdragon_with_gt","99.99952853359343","99.99952853359343","3","3","0","0","sr"
"sqrtvins_mono","uzh-fpv","uzhfpv__uzhfpv_indoor","indoor_forward_3_snapdragon_with_gt","99.999406964554","99.999406964554","3","3","0","0","sr"
"sqrtvins_mono","uzh-fpv","uzhfpv__uzhfpv_indoor","indoor_forward_5_snapdragon_with_gt","100","100.0","3","3","0","0","sr"
"sqrtvins_mono","uzh-fpv","uzhfpv__uzhfpv_indoor","indoor_forward_6_snapdragon_with_gt","99.99956671115832","99.99956671115832","3","3","0","0","sr"
"sqrtvins_mono","uzh-fpv","uzhfpv__uzhfpv_indoor","indoor_forward_7_snapdragon_with_gt","99.99939419766993","99.99939419766993","3","3","0","0","sr"
"sqrtvins_mono","uzh-fpv","uzhfpv__uzhfpv_indoor","indoor_forward_9_snapdragon_with_gt","99.99938850807763","99.99938850807763","3","3","0","0","sr"
"sqrtvins_mono","uzh-fpv","uzhfpv__uzhfpv_indoor","indoor_forward_10_snapdragon_with_gt","99.99928181570537","99.99928181570537","3","3","0","0","sr"
"sqrtvins_stereo","uzh-fpv","uzhfpv__uzhfpv_indoor","indoor_forward_3_snapdragon_with_gt","99.999406964554","99.999406964554","3","3","0","0","sr"
"sqrtvins_stereo","uzh-fpv","uzhfpv__uzhfpv_indoor","indoor_forward_5_snapdragon_with_gt","100","100.0","3","3","0","0","sr"
"sqrtvins_stereo","uzh-fpv","uzhfpv__uzhfpv_indoor","indoor_forward_6_snapdragon_with_gt","99.99956671115832","99.99956671115832","3","3","0","0","sr"
"sqrtvins_stereo","uzh-fpv","uzhfpv__uzhfpv_indoor","indoor_forward_7_snapdragon_with_gt","99.99939419766993","99.99939419766993","3","3","0","0","sr"
"sqrtvins_stereo","uzh-fpv","uzhfpv__uzhfpv_indoor","indoor_forward_9_snapdragon_with_gt","99.99938850807763","99.99938850807763","3","3","0","0","sr"
"sqrtvins_stereo","uzh-fpv","uzhfpv__uzhfpv_indoor","indoor_forward_10_snapdragon_with_gt","99.99928181570537","99.99928181570537","3","3","0","0","sr"
"svo_mono","uzh-fpv","uzhfpv__uzhfpv_indoor","indoor_forward_3_snapdragon_with_gt","99.9950132134547","99.9950132134547","3","3","0","0","sr"
"svo_mono","uzh-fpv","uzhfpv__uzhfpv_indoor","indoor_forward_5_snapdragon_with_gt","99.99999578746194","99.99999578746194","3","3","0","0","sr"
"svo_mono","uzh-fpv","uzhfpv__uzhfpv_indoor","indoor_forward_6_snapdragon_with_gt","99.97504606151932","99.97504606151932","3","3","0","0","sr"
"svo_mono","uzh-fpv","uzhfpv__uzhfpv_indoor","indoor_forward_7_snapdragon_with_gt","98.74730408183864","98.74730408183864","3","3","0","0","sr"
"svo_mono","uzh-fpv","uzhfpv__uzhfpv_indoor","indoor_forward_9_snapdragon_with_gt","99.34777302281238","99.34777302281238","3","3","0","0","sr"
"svo_mono","uzh-fpv","uzhfpv__uzhfpv_indoor","indoor_forward_10_snapdragon_with_gt","99.99947779338008","99.99947779338008","3","3","0","0","sr"
"svo_stereo","uzh-fpv","uzhfpv__uzhfpv_indoor","indoor_forward_3_snapdragon_with_gt","99.99944593317565","99.99944593317565","3","3","0","0","sr"
"svo_stereo","uzh-fpv","uzhfpv__uzhfpv_indoor","indoor_forward_5_snapdragon_with_gt","100","100.0","3","3","0","0","sr"
"svo_stereo","uzh-fpv","uzhfpv__uzhfpv_indoor","indoor_forward_6_snapdragon_with_gt","99.99989528703026","99.99989528703026","3","3","0","0","sr"
"svo_stereo","uzh-fpv","uzhfpv__uzhfpv_indoor","indoor_forward_7_snapdragon_with_gt","99.99940007079572","99.99940007079572","3","3","0","0","sr"
"svo_stereo","uzh-fpv","uzhfpv__uzhfpv_indoor","indoor_forward_9_snapdragon_with_gt","99.99916657907129","99.99916657907129","3","3","0","0","sr"
"svo_stereo","uzh-fpv","uzhfpv__uzhfpv_indoor","indoor_forward_10_snapdragon_with_gt","99.99952853359343","99.99952853359343","3","3","0","0","sr"
"vins-fusion_monoimu","uzh-fpv","uzhfpv__uzhfpv_indoor","indoor_forward_3_snapdragon_with_gt","100","100.0","3","3","0","0","sr"
"vins-fusion_monoimu","uzh-fpv","uzhfpv__uzhfpv_indoor","indoor_forward_5_snapdragon_with_gt","100","100.0","3","3","0","0","sr"
"vins-fusion_monoimu","uzh-fpv","uzhfpv__uzhfpv_indoor","indoor_forward_6_snapdragon_with_gt","46.99350738838988","46.99350738838988","3","3","0","0","sr"
"vins-fusion_monoimu","uzh-fpv","uzhfpv__uzhfpv_indoor","indoor_forward_7_snapdragon_with_gt","100","100.0","3","3","0","0","sr"
"vins-fusion_monoimu","uzh-fpv","uzhfpv__uzhfpv_indoor","indoor_forward_9_snapdragon_with_gt","99.99943713410988","99.99943713410988","3","3","0","0","sr"
"vins-fusion_monoimu","uzh-fpv","uzhfpv__uzhfpv_indoor","indoor_forward_10_snapdragon_with_gt","100","100.0","3","3","0","0","sr"
"vins-fusion_stereoimu","uzh-fpv","uzhfpv__uzhfpv_indoor","indoor_forward_3_snapdragon_with_gt","100","100.0","3","3","0","0","sr"
"vins-fusion_stereoimu","uzh-fpv","uzhfpv__uzhfpv_indoor","indoor_forward_5_snapdragon_with_gt","100","100.0","3","3","0","0","sr"
"vins-fusion_stereoimu","uzh-fpv","uzhfpv__uzhfpv_indoor","indoor_forward_6_snapdragon_with_gt","100","100.0","3","3","0","0","sr"
"vins-fusion_stereoimu","uzh-fpv","uzhfpv__uzhfpv_indoor","indoor_forward_7_snapdragon_with_gt","100","100.0","3","3","0","0","sr"
"vins-fusion_stereoimu","uzh-fpv","uzhfpv__uzhfpv_indoor","indoor_forward_9_snapdragon_with_gt","99.99887426821977","99.99887426821977","3","3","0","0","sr"
"vins-fusion_stereoimu","uzh-fpv","uzhfpv__uzhfpv_indoor","indoor_forward_10_snapdragon_with_gt","100","100.0","3","3","0","0","sr"
"airslam","uzh-fpv","uzhfpv__uzhfpv_indoor_45","indoor_45_2_snapdragon_with_gt","99.2310428067962","99.2310428067962","3","3","0","0","sr"
"airslam","uzh-fpv","uzhfpv__uzhfpv_indoor_45","indoor_45_4_snapdragon_with_gt","99.41392769229792","99.41392769229792","3","3","0","0","sr"
"airslam","uzh-fpv","uzhfpv__uzhfpv_indoor_45","indoor_45_12_snapdragon_with_gt","99.96288645081505","99.96288645081505","3","3","0","0","sr"
"airslam","uzh-fpv","uzhfpv__uzhfpv_indoor_45","indoor_45_13_snapdragon_with_gt","98.95067701222446","98.95067701222446","3","3","0","0","sr"
"airslam","uzh-fpv","uzhfpv__uzhfpv_indoor_45","indoor_45_14_snapdragon_with_gt","99.59552834993791","99.59552834993791","3","3","0","0","sr"
"basalt_stereo","uzh-fpv","uzhfpv__uzhfpv_indoor_45","indoor_45_2_snapdragon_with_gt","0","0.0","3","0","3","0","sr"
"basalt_stereo","uzh-fpv","uzhfpv__uzhfpv_indoor_45","indoor_45_4_snapdragon_with_gt","99.99989239141729","99.99989239141729","3","3","0","0","sr"
"basalt_stereo","uzh-fpv","uzhfpv__uzhfpv_indoor_45","indoor_45_12_snapdragon_with_gt","100","100.0","3","3","0","0","sr"
"basalt_stereo","uzh-fpv","uzhfpv__uzhfpv_indoor_45","indoor_45_13_snapdragon_with_gt","0","0.0","3","0","3","0","sr"
"basalt_stereo","uzh-fpv","uzhfpv__uzhfpv_indoor_45","indoor_45_14_snapdragon_with_gt","0","0.0","3","0","3","0","sr"
"dm_vio","uzh-fpv","uzhfpv__uzhfpv_indoor_45","indoor_45_2_snapdragon_with_gt","33.95576225408217","33.95576225408217","3","3","0","0","sr"
"dm_vio","uzh-fpv","uzhfpv__uzhfpv_indoor_45","indoor_45_4_snapdragon_with_gt","72.06680208554569","72.06680208554569","3","3","0","0","sr"
"dm_vio","uzh-fpv","uzhfpv__uzhfpv_indoor_45","indoor_45_12_snapdragon_with_gt","79.62433004014581","79.62433004014581","3","3","0","0","sr"
"dm_vio","uzh-fpv","uzhfpv__uzhfpv_indoor_45","indoor_45_13_snapdragon_with_gt","99.1097814073773","99.1097814073773","3","3","0","0","sr"
"dm_vio","uzh-fpv","uzhfpv__uzhfpv_indoor_45","indoor_45_14_snapdragon_with_gt","99.6265899397968","99.6265899397968","3","3","0","0","sr"
"kimera_vio_mono","uzh-fpv","uzhfpv__uzhfpv_indoor_45","indoor_45_2_snapdragon_with_gt","99.65937946883135","99.65937946883135","3","3","0","0","sr"
"kimera_vio_mono","uzh-fpv","uzhfpv__uzhfpv_indoor_45","indoor_45_4_snapdragon_with_gt","99.8444019309422","99.8444019309422","3","3","0","0","sr"
"kimera_vio_mono","uzh-fpv","uzhfpv__uzhfpv_indoor_45","indoor_45_12_snapdragon_with_gt","99.47690474216517","99.47690474216517","3","3","0","0","sr"
"kimera_vio_mono","uzh-fpv","uzhfpv__uzhfpv_indoor_45","indoor_45_13_snapdragon_with_gt","99.48025621601225","99.48025621601225","3","3","0","0","sr"
"kimera_vio_mono","uzh-fpv","uzhfpv__uzhfpv_indoor_45","indoor_45_14_snapdragon_with_gt","99.57758691099076","99.57758691099076","3","3","0","0","sr"
"kimera_vio_stereo","uzh-fpv","uzhfpv__uzhfpv_indoor_45","indoor_45_2_snapdragon_with_gt","99.65675997972494","99.65675997972494","3","3","0","0","sr"
"kimera_vio_stereo","uzh-fpv","uzhfpv__uzhfpv_indoor_45","indoor_45_4_snapdragon_with_gt","99.84308521645795","99.84308521645795","3","3","0","0","sr"
"kimera_vio_stereo","uzh-fpv","uzhfpv__uzhfpv_indoor_45","indoor_45_12_snapdragon_with_gt","99.47569046385483","99.47569046385483","3","3","0","0","sr"
"kimera_vio_stereo","uzh-fpv","uzhfpv__uzhfpv_indoor_45","indoor_45_13_snapdragon_with_gt","99.47896902182045","99.47896902182045","3","3","0","0","sr"
"kimera_vio_stereo","uzh-fpv","uzhfpv__uzhfpv_indoor_45","indoor_45_14_snapdragon_with_gt","99.69336433746246","99.69336433746246","3","3","0","0","sr"
"okvis2x_mono","uzh-fpv","uzhfpv__uzhfpv_indoor_45","indoor_45_2_snapdragon_with_gt","99.99964848045225","99.99964848045225","3","3","0","0","sr"
"okvis2x_mono","uzh-fpv","uzhfpv__uzhfpv_indoor_45","indoor_45_4_snapdragon_with_gt","99.99989239141729","99.99989239141729","3","3","0","0","sr"
"okvis2x_mono","uzh-fpv","uzhfpv__uzhfpv_indoor_45","indoor_45_12_snapdragon_with_gt","100","100.0","3","3","0","0","sr"
"okvis2x_mono","uzh-fpv","uzhfpv__uzhfpv_indoor_45","indoor_45_13_snapdragon_with_gt","100","100.0","3","3","0","0","sr"
"okvis2x_mono","uzh-fpv","uzhfpv__uzhfpv_indoor_45","indoor_45_14_snapdragon_with_gt","99.9997868889556","99.9997868889556","3","3","0","0","sr"
"okvis2x_stereo","uzh-fpv","uzhfpv__uzhfpv_indoor_45","indoor_45_2_snapdragon_with_gt","99.99964848045225","99.99964848045225","3","3","0","0","sr"
"okvis2x_stereo","uzh-fpv","uzhfpv__uzhfpv_indoor_45","indoor_45_4_snapdragon_with_gt","99.99989239141729","99.99989239141729","3","3","0","0","sr"
"okvis2x_stereo","uzh-fpv","uzhfpv__uzhfpv_indoor_45","indoor_45_12_snapdragon_with_gt","100","100.0","3","3","0","0","sr"
"okvis2x_stereo","uzh-fpv","uzhfpv__uzhfpv_indoor_45","indoor_45_13_snapdragon_with_gt","100","100.0","3","3","0","0","sr"
"okvis2x_stereo","uzh-fpv","uzhfpv__uzhfpv_indoor_45","indoor_45_14_snapdragon_with_gt","99.9997868889556","99.9997868889556","3","3","0","0","sr"
"open_vins_mono","uzh-fpv","uzhfpv__uzhfpv_indoor_45","indoor_45_2_snapdragon_with_gt","99.99982635519446","99.99982635519446","3","3","0","0","sr"
"open_vins_mono","uzh-fpv","uzhfpv__uzhfpv_indoor_45","indoor_45_4_snapdragon_with_gt","99.9999143624547","99.9999143624547","3","3","0","0","sr"
"open_vins_mono","uzh-fpv","uzhfpv__uzhfpv_indoor_45","indoor_45_12_snapdragon_with_gt","99.99991110521171","99.99991110521171","3","3","0","0","sr"
"open_vins_mono","uzh-fpv","uzhfpv__uzhfpv_indoor_45","indoor_45_13_snapdragon_with_gt","100","100.0","3","3","0","0","sr"
"open_vins_mono","uzh-fpv","uzhfpv__uzhfpv_indoor_45","indoor_45_14_snapdragon_with_gt","99.99979034139652","99.99979034139652","3","3","0","0","sr"
"open_vins_stereo","uzh-fpv","uzhfpv__uzhfpv_indoor_45","indoor_45_2_snapdragon_with_gt","99.99982635519446","99.99982635519446","3","3","0","0","sr"
"open_vins_stereo","uzh-fpv","uzhfpv__uzhfpv_indoor_45","indoor_45_4_snapdragon_with_gt","99.99990425048826","99.99990425048826","3","3","0","0","sr"
"open_vins_stereo","uzh-fpv","uzhfpv__uzhfpv_indoor_45","indoor_45_12_snapdragon_with_gt","99.99993654521688","99.99993654521688","3","3","0","0","sr"
"open_vins_stereo","uzh-fpv","uzhfpv__uzhfpv_indoor_45","indoor_45_13_snapdragon_with_gt","100","100.0","3","3","0","0","sr"
"open_vins_stereo","uzh-fpv","uzhfpv__uzhfpv_indoor_45","indoor_45_14_snapdragon_with_gt","99.99979034139652","99.99979034139652","3","3","0","0","sr"
"orb_slam3_mono","uzh-fpv","uzhfpv__uzhfpv_indoor_45","indoor_45_2_snapdragon_with_gt","0","0.0","3","0","3","0","sr"
"orb_slam3_mono","uzh-fpv","uzhfpv__uzhfpv_indoor_45","indoor_45_4_snapdragon_with_gt","0","0.0","3","0","3","0","sr"
"orb_slam3_mono","uzh-fpv","uzhfpv__uzhfpv_indoor_45","indoor_45_12_snapdragon_with_gt","19.21397830581402","19.21397830581402","3","2","1","0","sr"
"orb_slam3_mono","uzh-fpv","uzhfpv__uzhfpv_indoor_45","indoor_45_13_snapdragon_with_gt","0","0.0","3","0","3","0","sr"
"orb_slam3_mono","uzh-fpv","uzhfpv__uzhfpv_indoor_45","indoor_45_14_snapdragon_with_gt","0","0.0","3","0","3","0","sr"
"orb_slam3_stereo","uzh-fpv","uzhfpv__uzhfpv_indoor_45","indoor_45_2_snapdragon_with_gt","36.9088173660548","36.9088173660548","3","3","0","0","sr"
"orb_slam3_stereo","uzh-fpv","uzhfpv__uzhfpv_indoor_45","indoor_45_4_snapdragon_with_gt","66.33472974661207","66.33472974661207","3","3","0","0","sr"
"orb_slam3_stereo","uzh-fpv","uzhfpv__uzhfpv_indoor_45","indoor_45_12_snapdragon_with_gt","96.94711339476339","96.94711339476339","3","3","0","0","sr"
"orb_slam3_stereo","uzh-fpv","uzhfpv__uzhfpv_indoor_45","indoor_45_13_snapdragon_with_gt","38.83535962885518","38.83535962885518","3","3","0","0","sr"
"orb_slam3_stereo","uzh-fpv","uzhfpv__uzhfpv_indoor_45","indoor_45_14_snapdragon_with_gt","2.012306104079092","2.012306104079092","3","3","0","0","sr"
"rovio","uzh-fpv","uzhfpv__uzhfpv_indoor_45","indoor_45_2_snapdragon_with_gt","99.99964848045225","99.99964848045225","3","3","0","0","sr"
"rovio","uzh-fpv","uzhfpv__uzhfpv_indoor_45","indoor_45_4_snapdragon_with_gt","99.99989239141729","99.99989239141729","3","3","0","0","sr"
"rovio","uzh-fpv","uzhfpv__uzhfpv_indoor_45","indoor_45_12_snapdragon_with_gt","100","100.0","3","3","0","0","sr"
"rovio","uzh-fpv","uzhfpv__uzhfpv_indoor_45","indoor_45_13_snapdragon_with_gt","100","100.0","3","3","0","0","sr"
"rovio","uzh-fpv","uzhfpv__uzhfpv_indoor_45","indoor_45_14_snapdragon_with_gt","99.9997868889556","99.9997868889556","3","3","0","0","sr"
"sqrtvins_mono","uzh-fpv","uzhfpv__uzhfpv_indoor_45","indoor_45_2_snapdragon_with_gt","99.99982635519446","99.99982635519446","3","3","0","0","sr"
"sqrtvins_mono","uzh-fpv","uzhfpv__uzhfpv_indoor_45","indoor_45_4_snapdragon_with_gt","99.999896116159","99.999896116159","3","3","0","0","sr"
"sqrtvins_mono","uzh-fpv","uzhfpv__uzhfpv_indoor_45","indoor_45_12_snapdragon_with_gt","100","100.0","3","3","0","0","sr"
"sqrtvins_mono","uzh-fpv","uzhfpv__uzhfpv_indoor_45","indoor_45_13_snapdragon_with_gt","100","100.0","3","3","0","0","sr"
"sqrtvins_mono","uzh-fpv","uzhfpv__uzhfpv_indoor_45","indoor_45_14_snapdragon_with_gt","99.99979034139652","99.99979034139652","3","3","0","0","sr"
"sqrtvins_stereo","uzh-fpv","uzhfpv__uzhfpv_indoor_45","indoor_45_2_snapdragon_with_gt","99.99982635519446","99.99982635519446","3","3","0","0","sr"
"sqrtvins_stereo","uzh-fpv","uzhfpv__uzhfpv_indoor_45","indoor_45_4_snapdragon_with_gt","99.999896116159","99.999896116159","3","3","0","0","sr"
"sqrtvins_stereo","uzh-fpv","uzhfpv__uzhfpv_indoor_45","indoor_45_12_snapdragon_with_gt","99.99991564897796","99.99991564897796","3","3","0","0","sr"
"sqrtvins_stereo","uzh-fpv","uzhfpv__uzhfpv_indoor_45","indoor_45_13_snapdragon_with_gt","100","100.0","3","3","0","0","sr"
"sqrtvins_stereo","uzh-fpv","uzhfpv__uzhfpv_indoor_45","indoor_45_14_snapdragon_with_gt","99.99979034139652","99.99979034139652","3","3","0","0","sr"
"svo_mono","uzh-fpv","uzhfpv__uzhfpv_indoor_45","indoor_45_2_snapdragon_with_gt","99.9759146160023","99.9759146160023","3","3","0","0","sr"
"svo_mono","uzh-fpv","uzhfpv__uzhfpv_indoor_45","indoor_45_4_snapdragon_with_gt","97.92913620394172","97.92913620394172","3","3","0","0","sr"
"svo_mono","uzh-fpv","uzhfpv__uzhfpv_indoor_45","indoor_45_12_snapdragon_with_gt","100","100.0","3","3","0","0","sr"
"svo_mono","uzh-fpv","uzhfpv__uzhfpv_indoor_45","indoor_45_13_snapdragon_with_gt","99.9582898877613","99.9582898877613","3","3","0","0","sr"
"svo_mono","uzh-fpv","uzhfpv__uzhfpv_indoor_45","indoor_45_14_snapdragon_with_gt","99.59316535541465","99.59316535541465","3","3","0","0","sr"
"svo_stereo","uzh-fpv","uzhfpv__uzhfpv_indoor_45","indoor_45_2_snapdragon_with_gt","99.99964848045225","99.99964848045225","3","3","0","0","sr"
"svo_stereo","uzh-fpv","uzhfpv__uzhfpv_indoor_45","indoor_45_4_snapdragon_with_gt","99.99989239141729","99.99989239141729","3","3","0","0","sr"
"svo_stereo","uzh-fpv","uzhfpv__uzhfpv_indoor_45","indoor_45_12_snapdragon_with_gt","100","100.0","3","3","0","0","sr"
"svo_stereo","uzh-fpv","uzhfpv__uzhfpv_indoor_45","indoor_45_13_snapdragon_with_gt","100","100.0","3","3","0","0","sr"
"svo_stereo","uzh-fpv","uzhfpv__uzhfpv_indoor_45","indoor_45_14_snapdragon_with_gt","94.18547068667795","94.18547068667795","3","3","0","0","sr"
"vins-fusion_monoimu","uzh-fpv","uzhfpv__uzhfpv_indoor_45","indoor_45_2_snapdragon_with_gt","98.7643935078216","98.7643935078216","3","3","0","0","sr"
"vins-fusion_monoimu","uzh-fpv","uzhfpv__uzhfpv_indoor_45","indoor_45_4_snapdragon_with_gt","100","100.0","3","3","0","0","sr"
"vins-fusion_monoimu","uzh-fpv","uzhfpv__uzhfpv_indoor_45","indoor_45_12_snapdragon_with_gt","100","100.0","3","3","0","0","sr"
"vins-fusion_monoimu","uzh-fpv","uzhfpv__uzhfpv_indoor_45","indoor_45_13_snapdragon_with_gt","100","100.0","3","3","0","0","sr"
"vins-fusion_monoimu","uzh-fpv","uzhfpv__uzhfpv_indoor_45","indoor_45_14_snapdragon_with_gt","100","100.0","3","3","0","0","sr"
"vins-fusion_stereoimu","uzh-fpv","uzhfpv__uzhfpv_indoor_45","indoor_45_2_snapdragon_with_gt","100","100.0","3","3","0","0","sr"
"vins-fusion_stereoimu","uzh-fpv","uzhfpv__uzhfpv_indoor_45","indoor_45_4_snapdragon_with_gt","100","100.0","3","3","0","0","sr"
"vins-fusion_stereoimu","uzh-fpv","uzhfpv__uzhfpv_indoor_45","indoor_45_12_snapdragon_with_gt","88.3442222267716","88.3442222267716","3","3","0","0","sr"
"vins-fusion_stereoimu","uzh-fpv","uzhfpv__uzhfpv_indoor_45","indoor_45_13_snapdragon_with_gt","100","100.0","3","3","0","0","sr"
"vins-fusion_stereoimu","uzh-fpv","uzhfpv__uzhfpv_indoor_45","indoor_45_14_snapdragon_with_gt","100","100.0","3","3","0","0","sr"
"airslam","uzh-fpv","uzhfpv__uzhfpv_outdoor","outdoor_forward_1_snapdragon_with_gt","99.46304042765296","99.46304042765296","3","3","0","0","sr"
"airslam","uzh-fpv","uzhfpv__uzhfpv_outdoor","outdoor_forward_3_snapdragon_with_gt","98.19136846436203","98.19136846436203","3","3","0","0","sr"
"airslam","uzh-fpv","uzhfpv__uzhfpv_outdoor","outdoor_forward_5_snapdragon_with_gt","92.45089522602348","92.45089522602348","3","3","0","0","sr"
"basalt_stereo","uzh-fpv","uzhfpv__uzhfpv_outdoor","outdoor_forward_1_snapdragon_with_gt","99.99996680442761","99.99996680442761","3","3","0","0","sr"
"basalt_stereo","uzh-fpv","uzhfpv__uzhfpv_outdoor","outdoor_forward_3_snapdragon_with_gt","0","0.0","3","0","3","0","sr"
"basalt_stereo","uzh-fpv","uzhfpv__uzhfpv_outdoor","outdoor_forward_5_snapdragon_with_gt","0","0.0","3","0","3","0","sr"
"dm_vio","uzh-fpv","uzhfpv__uzhfpv_outdoor","outdoor_forward_1_snapdragon_with_gt","0","0.0","3","0","3","0","sr"
"dm_vio","uzh-fpv","uzhfpv__uzhfpv_outdoor","outdoor_forward_3_snapdragon_with_gt","99.98545630039185","99.98545630039185","3","3","0","0","sr"
"dm_vio","uzh-fpv","uzhfpv__uzhfpv_outdoor","outdoor_forward_5_snapdragon_with_gt","0","0.0","3","0","3","0","sr"
"kimera_vio_mono","uzh-fpv","uzhfpv__uzhfpv_outdoor","outdoor_forward_1_snapdragon_with_gt","99.74622855765186","99.74622855765186","3","3","0","0","sr"
"kimera_vio_mono","uzh-fpv","uzhfpv__uzhfpv_outdoor","outdoor_forward_3_snapdragon_with_gt","99.71126458889553","99.71126458889553","3","3","0","0","sr"
"kimera_vio_mono","uzh-fpv","uzhfpv__uzhfpv_outdoor","outdoor_forward_5_snapdragon_with_gt","99.21404620704708","99.21404620704708","3","3","0","0","sr"
"kimera_vio_stereo","uzh-fpv","uzhfpv__uzhfpv_outdoor","outdoor_forward_1_snapdragon_with_gt","99.74395986321387","99.74395986321387","3","3","0","0","sr"
"kimera_vio_stereo","uzh-fpv","uzhfpv__uzhfpv_outdoor","outdoor_forward_3_snapdragon_with_gt","99.7111706045054","99.7111706045054","3","3","0","0","sr"
"kimera_vio_stereo","uzh-fpv","uzhfpv__uzhfpv_outdoor","outdoor_forward_5_snapdragon_with_gt","99.21273414555259","99.21273414555259","3","3","0","0","sr"
"okvis2x_mono","uzh-fpv","uzhfpv__uzhfpv_outdoor","outdoor_forward_1_snapdragon_with_gt","0","0.0","3","0","3","0","sr"
"okvis2x_mono","uzh-fpv","uzhfpv__uzhfpv_outdoor","outdoor_forward_3_snapdragon_with_gt","0","0.0","3","0","3","0","sr"
"okvis2x_mono","uzh-fpv","uzhfpv__uzhfpv_outdoor","outdoor_forward_5_snapdragon_with_gt","0","0.0","3","0","3","0","sr"
"okvis2x_stereo","uzh-fpv","uzhfpv__uzhfpv_outdoor","outdoor_forward_1_snapdragon_with_gt","0","0.0","3","0","3","0","sr"
"okvis2x_stereo","uzh-fpv","uzhfpv__uzhfpv_outdoor","outdoor_forward_3_snapdragon_with_gt","0","0.0","3","0","3","0","sr"
"okvis2x_stereo","uzh-fpv","uzhfpv__uzhfpv_outdoor","outdoor_forward_5_snapdragon_with_gt","0","0.0","3","0","3","0","sr"
"open_vins_mono","uzh-fpv","uzhfpv__uzhfpv_outdoor","outdoor_forward_1_snapdragon_with_gt","99.99996684300821","99.99996684300821","3","3","0","0","sr"
"open_vins_mono","uzh-fpv","uzhfpv__uzhfpv_outdoor","outdoor_forward_3_snapdragon_with_gt","99.99986100740976","99.99986100740976","3","3","0","0","sr"
"open_vins_mono","uzh-fpv","uzhfpv__uzhfpv_outdoor","outdoor_forward_5_snapdragon_with_gt","99.9999610277129","99.9999610277129","3","3","0","0","sr"
"open_vins_stereo","uzh-fpv","uzhfpv__uzhfpv_outdoor","outdoor_forward_1_snapdragon_with_gt","99.99996684300821","99.99996684300821","3","3","0","0","sr"
"open_vins_stereo","uzh-fpv","uzhfpv__uzhfpv_outdoor","outdoor_forward_3_snapdragon_with_gt","99.99986100740976","99.99986100740976","3","3","0","0","sr"
"open_vins_stereo","uzh-fpv","uzhfpv__uzhfpv_outdoor","outdoor_forward_5_snapdragon_with_gt","99.9999610277129","99.9999610277129","3","3","0","0","sr"
"orb_slam3_mono","uzh-fpv","uzhfpv__uzhfpv_outdoor","outdoor_forward_1_snapdragon_with_gt","66.66650052969823","66.66650052969823","3","2","0","1","sr"
"orb_slam3_mono","uzh-fpv","uzhfpv__uzhfpv_outdoor","outdoor_forward_3_snapdragon_with_gt","66.45767046607432","66.45767046607432","3","2","1","0","sr"
"orb_slam3_mono","uzh-fpv","uzhfpv__uzhfpv_outdoor","outdoor_forward_5_snapdragon_with_gt","85.88645201031613","85.88645201031613","3","3","0","0","sr"
"orb_slam3_stereo","uzh-fpv","uzhfpv__uzhfpv_outdoor","outdoor_forward_1_snapdragon_with_gt","99.9994654816498","99.9994654816498","3","3","0","0","sr"
"orb_slam3_stereo","uzh-fpv","uzhfpv__uzhfpv_outdoor","outdoor_forward_3_snapdragon_with_gt","99.99858658061335","99.99858658061335","3","3","0","0","sr"
"orb_slam3_stereo","uzh-fpv","uzhfpv__uzhfpv_outdoor","outdoor_forward_5_snapdragon_with_gt","96.94223318644184","96.94223318644184","3","3","0","0","sr"
"rovio","uzh-fpv","uzhfpv__uzhfpv_outdoor","outdoor_forward_1_snapdragon_with_gt","99.99996680442761","99.99996680442761","3","3","0","0","sr"
"rovio","uzh-fpv","uzhfpv__uzhfpv_outdoor","outdoor_forward_3_snapdragon_with_gt","99.99981348328875","99.99981348328875","3","3","0","0","sr"
"rovio","uzh-fpv","uzhfpv__uzhfpv_outdoor","outdoor_forward_5_snapdragon_with_gt","99.99996257290714","99.99996257290714","3","3","0","0","sr"
"sqrtvins_mono","uzh-fpv","uzhfpv__uzhfpv_outdoor","outdoor_forward_1_snapdragon_with_gt","99.99996684300821","99.99996684300821","3","3","0","0","sr"
"sqrtvins_mono","uzh-fpv","uzhfpv__uzhfpv_outdoor","outdoor_forward_3_snapdragon_with_gt","99.99986100740976","99.99986100740976","3","3","0","0","sr"
"sqrtvins_mono","uzh-fpv","uzhfpv__uzhfpv_outdoor","outdoor_forward_5_snapdragon_with_gt","99.99992010509334","99.99992010509334","3","3","0","0","sr"
"sqrtvins_stereo","uzh-fpv","uzhfpv__uzhfpv_outdoor","outdoor_forward_1_snapdragon_with_gt","99.99996684300821","99.99996684300821","3","3","0","0","sr"
"sqrtvins_stereo","uzh-fpv","uzhfpv__uzhfpv_outdoor","outdoor_forward_3_snapdragon_with_gt","99.99986100740976","99.99986100740976","3","3","0","0","sr"
"sqrtvins_stereo","uzh-fpv","uzhfpv__uzhfpv_outdoor","outdoor_forward_5_snapdragon_with_gt","99.9999610277129","99.9999610277129","3","3","0","0","sr"
"svo_mono","uzh-fpv","uzhfpv__uzhfpv_outdoor","outdoor_forward_1_snapdragon_with_gt","99.99973954962987","99.99973954962987","3","3","0","0","sr"
"svo_mono","uzh-fpv","uzhfpv__uzhfpv_outdoor","outdoor_forward_3_snapdragon_with_gt","99.99917217555276","99.99917217555276","3","3","0","0","sr"
"svo_mono","uzh-fpv","uzhfpv__uzhfpv_outdoor","outdoor_forward_5_snapdragon_with_gt","99.9998001432266","99.9998001432266","3","3","0","0","sr"
"svo_stereo","uzh-fpv","uzhfpv__uzhfpv_outdoor","outdoor_forward_1_snapdragon_with_gt","99.99996680442761","99.99996680442761","3","3","0","0","sr"
"svo_stereo","uzh-fpv","uzhfpv__uzhfpv_outdoor","outdoor_forward_3_snapdragon_with_gt","99.99981348328875","99.99981348328875","3","3","0","0","sr"
"svo_stereo","uzh-fpv","uzhfpv__uzhfpv_outdoor","outdoor_forward_5_snapdragon_with_gt","99.99996257290714","99.99996257290714","3","3","0","0","sr"
"vins-fusion_monoimu","uzh-fpv","uzhfpv__uzhfpv_outdoor","outdoor_forward_1_snapdragon_with_gt","100","100.0","3","3","0","0","sr"
"vins-fusion_monoimu","uzh-fpv","uzhfpv__uzhfpv_outdoor","outdoor_forward_3_snapdragon_with_gt","100","100.0","3","3","0","0","sr"
"vins-fusion_monoimu","uzh-fpv","uzhfpv__uzhfpv_outdoor","outdoor_forward_5_snapdragon_with_gt","80.93241685822098","80.93241685822098","3","3","0","0","sr"
"vins-fusion_stereoimu","uzh-fpv","uzhfpv__uzhfpv_outdoor","outdoor_forward_1_snapdragon_with_gt","100","100.0","3","3","0","0","sr"
"vins-fusion_stereoimu","uzh-fpv","uzhfpv__uzhfpv_outdoor","outdoor_forward_3_snapdragon_with_gt","100","100.0","3","3","0","0","sr"
"vins-fusion_stereoimu","uzh-fpv","uzhfpv__uzhfpv_outdoor","outdoor_forward_5_snapdragon_with_gt","100","100.0","3","3","0","0","sr"
"airslam","uzh-fpv","uzhfpv__uzhfpv_outdoor_45","outdoor_45_1_snapdragon_with_gt","99.97011713626505","99.97011713626505","3","3","0","0","sr"
"basalt_stereo","uzh-fpv","uzhfpv__uzhfpv_outdoor_45","outdoor_45_1_snapdragon_with_gt","0","0.0","3","0","3","0","sr"
"dm_vio","uzh-fpv","uzhfpv__uzhfpv_outdoor_45","outdoor_45_1_snapdragon_with_gt","27.979324246825716","27.979324246825716","3","3","0","0","sr"
"kimera_vio_mono","uzh-fpv","uzhfpv__uzhfpv_outdoor_45","outdoor_45_1_snapdragon_with_gt","99.54342465409577","99.54342465409577","3","3","0","0","sr"
"kimera_vio_stereo","uzh-fpv","uzhfpv__uzhfpv_outdoor_45","outdoor_45_1_snapdragon_with_gt","99.53395455821999","99.53395455821999","3","3","0","0","sr"
"okvis2x_mono","uzh-fpv","uzhfpv__uzhfpv_outdoor_45","outdoor_45_1_snapdragon_with_gt","99.99997534951142","99.99997534951142","3","3","0","0","sr"
"okvis2x_stereo","uzh-fpv","uzhfpv__uzhfpv_outdoor_45","outdoor_45_1_snapdragon_with_gt","99.99997534951142","99.99997534951142","3","3","0","0","sr"
"open_vins_mono","uzh-fpv","uzhfpv__uzhfpv_outdoor_45","outdoor_45_1_snapdragon_with_gt","99.99997570372024","99.99997570372024","3","3","0","0","sr"
"open_vins_stereo","uzh-fpv","uzhfpv__uzhfpv_outdoor_45","outdoor_45_1_snapdragon_with_gt","99.99997570372024","99.99997570372024","3","3","0","0","sr"
"orb_slam3_mono","uzh-fpv","uzhfpv__uzhfpv_outdoor_45","outdoor_45_1_snapdragon_with_gt","0","0.0","3","0","3","0","sr"
"orb_slam3_stereo","uzh-fpv","uzhfpv__uzhfpv_outdoor_45","outdoor_45_1_snapdragon_with_gt","0","0.0","3","0","3","0","sr"
"rovio","uzh-fpv","uzhfpv__uzhfpv_outdoor_45","outdoor_45_1_snapdragon_with_gt","99.99997534951142","99.99997534951142","3","3","0","0","sr"
"sqrtvins_mono","uzh-fpv","uzhfpv__uzhfpv_outdoor_45","outdoor_45_1_snapdragon_with_gt","99.99997570372024","99.99997570372024","3","3","0","0","sr"
"sqrtvins_stereo","uzh-fpv","uzhfpv__uzhfpv_outdoor_45","outdoor_45_1_snapdragon_with_gt","99.99997718032976","99.99997718032976","3","3","0","0","sr"
"svo_mono","uzh-fpv","uzhfpv__uzhfpv_outdoor_45","outdoor_45_1_snapdragon_with_gt","89.54685781511569","89.54685781511569","3","3","0","0","sr"
"svo_stereo","uzh-fpv","uzhfpv__uzhfpv_outdoor_45","outdoor_45_1_snapdragon_with_gt","99.99997534951142","99.99997534951142","3","3","0","0","sr"
"vins-fusion_monoimu","uzh-fpv","uzhfpv__uzhfpv_outdoor_45","outdoor_45_1_snapdragon_with_gt","100","100.0","3","3","0","0","sr"
"vins-fusion_stereoimu","uzh-fpv","uzhfpv__uzhfpv_outdoor_45","outdoor_45_1_snapdragon_with_gt","99.63788194133865","99.63788194133865","3","3","0","0","sr"
